seed,data,model,pred_len,train_time,mse,mae,mape,total inference time,avg inference time,avg_sample_time
3047,electricity,TimeXer,6,117.4211,0.1002,0.2246,1.2822,0.4477,0.0027,0.0001
3047,electricity,TimeXer,24,109.3366,0.1623,0.2932,1.5002,0.4767,0.0029,0.0001
3047,electricity,TimeXer,48,111.3175,0.2091,0.33,1.6352,0.5175,0.0032,0.0001
3047,electricity,TimeXer,96,107.0957,0.2541,0.3588,1.6887,0.4828,0.003,0.0001
3047,electricity,TimeMixer,6,103.2655,0.1984,0.3284,1.8604,0.5917,0.0036,0.0001
3047,electricity,TimeMixer,24,100.8695,0.2504,0.3723,1.8606,0.6065,0.0037,0.0001
3047,electricity,TimeMixer,48,104.0462,0.2922,0.4007,2.1271,0.601,0.0037,0.0001
3047,electricity,TimeMixer,96,110.297,0.3092,0.4086,1.9857,0.6335,0.0039,0.0001
3047,electricity,SCINet,6,917.9116,0.1046,0.2229,1.1162,5.2621,0.0319,0.001
3047,electricity,SCINet,24,917.9045,0.1692,0.2889,1.4216,5.2417,0.032,0.001
3047,electricity,SCINet,48,916.5715,0.2043,0.3187,1.5094,4.9867,0.0306,0.001
3047,electricity,SCINet,96,919.8573,0.2418,0.3443,1.6665,4.964,0.0306,0.001
3047,electricity,SegRNN,6,80.2131,0.1039,0.2268,1.2024,0.2552,0.0015,0
3047,electricity,SegRNN,24,78.137,0.1804,0.3078,1.6867,0.2732,0.0017,0.0001
3047,electricity,SegRNN,48,83.9954,1.4736,0.9388,5.3618,0.3142,0.0019,0.0001
3047,electricity,SegRNN,96,94.9975,1.6317,0.995,5.4544,0.4009,0.0025,0.0001
1234,electricity,TimeXer,6,121.5751,0.1016,0.2268,1.2618,0.4744,0.0029,0.0001
1234,electricity,TimeXer,24,111.2307,0.1689,0.2985,1.5321,0.4776,0.0029,0.0001
1234,electricity,TimeXer,48,112.0577,0.2031,0.3264,1.6513,0.4562,0.0028,0.0001
1234,electricity,TimeXer,96,106.7506,0.2582,0.3641,1.7192,0.448,0.0028,0.0001
1234,electricity,XGBoost,6,4.221516371,0.006943094,0.073385792,7.827976678,,,
1234,electricity,XGBoost,24,4.342078209,0.190994793844934,0.434982191,53.85603437,,,
1234,electricity,XGBoost,48,4.526661873,0.242075406,0.410027805,82.70769463,,,
1234,electricity,XGBoost,96,9.402781725,0.270739754936713,0.45508821,134.8277206,,,
3047,electricity,XGBoost,6,4.494816303,0.005317488,0.053248049,5.718390837,,,
3047,electricity,XGBoost,24,2.845169067,0.153011481754079,0.416172232,55.96038275,,,
3047,electricity,XGBoost,48,4.501340866,0.203842481,0.366525531,64.65154994,,,
3047,electricity,XGBoost,96,9.133405924,0.224185168288872,0.454957626,136.922948,,,
3456,electricity,XGBoost,6,4.124900103,0.005725772,0.058883237,6.152175699,,,
3456,electricity,XGBoost,24,4.131548405,0.172470241434819,0.434158968,59.65632201,,,
3456,electricity,XGBoost,48,4.276141644,0.208456800953733,0.401025075,69.30361481,,,
3456,electricity,XGBoost,96,8.958198786,0.217912025276212,0.457105486,138.3268474,,,
5678,electricity,XGBoost,6,4.09784174,0.006617777,0.062247937,6.63111945,,,
5678,electricity,XGBoost,24,4.385516405,0.169170070112926,0.418662539,58.37949695,,,
5678,electricity,XGBoost,48,4.412396669,0.224781266,0.387971308,68.12738314,,,
5678,electricity,XGBoost,96,8.876492023,0.24555912503606,0.450723166,138.551556,,,
9012,electricity,XGBoost,6,6.898438215,0.007158268,0.057554003,5.901248366,,,
9012,electricity,XGBoost,24,8.848192453,0.136882065,0.429220217,59.09863486,,,
9012,electricity,XGBoost,48,8.508205652,0.190254783,0.420022536,68.04960448,,,
9012,electricity,XGBoost,96,17.99430752,0.205529637,0.464840247,140.8985766,,,
1234,electricity,SARIMAX,6,1851.43245,0.0539,0.20313,,,,
1234,electricity,SARIMAX,24,1849.63906,0.03783,0.16202,,,,
1234,electricity,SARIMAX,48,1840.48261,0.03645,0.16063,,,,
1234,electricity,SARIMAX,96,1830.67086,0.0848,0.2226,,,,
1234,electricity,TimeMixer,6,104.5968,0.2073,0.3391,1.8528,0.5769,0.0035,0.0001
1234,electricity,TimeMixer,24,100.8054,0.2374,0.3632,1.7951,0.557,0.0034,0.0001
1234,electricity,TimeMixer,48,104.6543,0.2945,0.405,1.9855,0.5903,0.0036,0.0001
1234,electricity,TimeMixer,96,110.3562,0.3035,0.4058,2.1392,0.6037,0.0037,0.0001
1234,electricity,SCINet,6,903.697,0.1059,0.2234,1.1251,4.9514,0.03,0.0009
1234,electricity,SCINet,24,913.7103,0.1693,0.2886,1.4299,4.9739,0.0303,0.0009
1234,electricity,SCINet,48,907.1579,0.2047,0.3192,1.5202,5.0138,0.0308,0.001
1234,electricity,SCINet,96,914.0428,0.2418,0.3439,1.6766,4.8814,0.0301,0.0009
1234,electricity,SegRNN,6,80.8548,0.0988,0.2211,1.3499,0.2698,0.0016,0.0001
1234,electricity,SegRNN,24,78.414,0.1798,0.3088,1.7422,0.2622,0.0016,0.0001
1234,electricity,SegRNN,48,84.213,1.4746,0.9391,5.3622,0.3207,0.002,0.0001
1234,electricity,SegRNN,96,67.0966,1.6357,0.996,5.4632,0.424,0.0026,0.0001
5678,electricity,TimeXer,6,113.2025,0.1051,0.232,1.3039,0.5036,0.0031,0.0001
5678,electricity,TimeXer,24,111.5854,0.1631,0.2959,1.5968,0.4935,0.003,0.0001
5678,electricity,TimeXer,48,101.6032,0.2055,0.3259,1.5519,0.4734,0.0029,0.0001
5678,electricity,TimeXer,96,82.5217,0.2604,0.3711,1.8463,0.4662,0.0029,0.0001
5678,electricity,TimeMixer,6,102.5281,0.2152,0.3448,1.9131,0.5919,0.0036,0.0001
5678,electricity,TimeMixer,24,102.8492,0.2521,0.3749,1.9905,0.594,0.0036,0.0001
5678,electricity,TimeMixer,48,106.737,0.2666,0.3813,1.8342,0.6008,0.0037,0.0001
5678,electricity,TimeMixer,96,112.4439,0.3057,0.4088,2.1009,0.6278,0.0039,0.0001
5678,electricity,SCINet,6,898.1546,0.1049,0.2243,1.1136,4.9509,0.03,0.0009
5678,electricity,SCINet,24,906.7923,0.1688,0.2888,1.4274,5.0313,0.0307,0.001
5678,electricity,SCINet,48,893.8701,0.2052,0.3195,1.512,5.059,0.031,0.001
5678,electricity,SCINet,96,897.6329,0.2408,0.3436,1.6593,5.0058,0.0309,0.001
5678,electricity,SegRNN,6,72.3881,0.102,0.2212,1.2146,0.2687,0.0016,0.0001
5678,electricity,SegRNN,24,77.5031,0.1849,0.3125,1.7461,0.2789,0.0017,0.0001
5678,electricity,SegRNN,48,84.1595,1.4736,0.9388,5.3566,0.309,0.0019,0.0001
5678,electricity,SegRNN,96,66.998,1.6368,0.9972,5.4679,0.4096,0.0025,0.0001
9012,electricity,TimeXer,6,112.5432,0.1048,0.2321,1.3677,0.4619,0.0028,0.0001
9012,electricity,TimeXer,24,108.6449,0.1583,0.2897,1.572,0.4898,0.003,0.0001
9012,electricity,TimeXer,48,113.5249,0.2055,0.3288,1.6352,0.4826,0.003,0.0001
9012,electricity,TimeXer,96,118.5735,0.2555,0.3643,1.7106,0.4822,0.003,0.0001
9012,electricity,TimeMixer,6,98.543,0.2187,0.349,2.0364,0.577,0.0035,0.0001
9012,electricity,TimeMixer,24,99.7922,0.2271,0.3557,1.8266,0.6004,0.0037,0.0001
9012,electricity,TimeMixer,48,104.1227,0.2742,0.3883,1.7998,0.5913,0.0036,0.0001
9012,electricity,TimeMixer,96,109.1858,0.3192,0.4162,2.0345,0.6004,0.0037,0.0001
9012,electricity,SCINet,6,912.6564,0.1049,0.223,1.1208,5.1197,0.031,0.001
9012,electricity,SCINet,24,916.8533,0.1692,0.2891,1.4267,5.0695,0.0309,0.001
9012,electricity,SCINet,48,914.887,0.2061,0.3211,1.5255,5.1918,0.0319,0.001
9012,electricity,SCINet,96,922.0037,0.2413,0.3435,1.6702,5.0761,0.0313,0.001
9012,electricity,SegRNN,6,81.0387,0.1051,0.2295,1.2273,0.2971,0.0018,0.0001
9012,electricity,SegRNN,24,77.6033,0.1861,0.312,1.7758,0.2608,0.0016,0
9012,electricity,SegRNN,48,66.8552,1.4719,0.9378,5.3599,0.3016,0.0019,0.0001
9012,electricity,SegRNN,96,94.4675,1.6331,0.9953,5.4571,0.4025,0.0025,0.0001
3456,electricity,TimeXer,6,114.05,0.1032,0.2278,1.2722,0.4589,0.0028,0.0001
3456,electricity,TimeXer,24,111.8466,0.1644,0.2948,1.5274,0.475,0.0029,0.0001
3456,electricity,TimeXer,48,101.951,0.216,0.3391,1.6385,0.4972,0.0031,0.0001
3456,electricity,TimeXer,96,111.8681,0.2464,0.3559,1.6428,0.4575,0.0028,0.0001
3456,electricity,TimeMixer,6,80.8398,0.1936,0.3302,2.0095,0.5592,0.0034,0.0001
3456,electricity,TimeMixer,24,100.9513,0.2062,0.3336,1.6822,0.5711,0.0035,0.0001
3456,electricity,TimeMixer,48,104.9211,0.2712,0.384,1.8792,0.5987,0.0037,0.0001
3456,electricity,TimeMixer,96,111.6297,0.3228,0.4176,2.1007,0.6385,0.0039,0.0001
3456,electricity,SCINet,6,905.9351,0.1051,0.2238,1.1226,4.987,0.0302,0.0009
3456,electricity,SCINet,24,886.4961,0.1688,0.2886,1.4201,4.9743,0.0303,0.0009
3456,electricity,SCINet,48,884.6644,0.2045,0.3192,1.5007,5.2205,0.032,0.001
3456,electricity,SCINet,96,923.7996,0.2423,0.3439,1.6692,5.07,0.0313,0.001
3456,electricity,SegRNN,6,78.5526,0.1011,0.2222,1.2406,0.2817,0.0017,0.0001
3456,electricity,SegRNN,24,78.0021,0.1814,0.3116,1.749,0.2724,0.0017,0.0001
3456,electricity,SegRNN,48,84.4046,1.4731,0.9382,5.3549,0.2985,0.0018,0.0001
3456,electricity,SegRNN,96,95.2115,1.6326,0.9951,5.4559,0.3806,0.0023,0.0001
3047,exchange rate,TimeXer,6,15.7082,0.0089,0.0712,0.0599,0.1003,0.0016,0.0001
3047,exchange rate,TimeXer,24,12.5259,0.0272,0.1281,0.1096,0.1097,0.0017,0.0001
3047,exchange rate,TimeXer,48,14.157,0.053,0.1748,0.1467,0.1019,0.0016,0.0001
3047,exchange rate,TimeXer,96,21.5861,0.1013,0.2314,0.1984,0.1121,0.0019,0.0001
1234,exchange rate,TimeXer,6,14.9237,0.0089,0.0714,0.0602,0.0995,0.0016,0.0001
1234,exchange rate,TimeXer,24,12.7751,0.0268,0.1249,0.1053,0.0985,0.0016,0.0001
1234,exchange rate,TimeXer,48,14.083,0.0528,0.1743,0.1443,0.1331,0.0021,0.0001
1234,exchange rate,TimeXer,96,21.6065,0.1031,0.2351,0.2078,0.1604,0.0027,0.0001
5678,exchange rate,TimeXer,6,16.5137,0.0082,0.0686,0.0572,0.11,0.0017,0.0001
5678,exchange rate,TimeXer,24,13.7486,0.0295,0.1322,0.115,0.1213,0.0019,0.0001
5678,exchange rate,TimeXer,48,13.0144,0.0538,0.1734,0.1471,0.0981,0.0016,0.0001
5678,exchange rate,TimeXer,96,18.5759,0.1145,0.2462,0.223,0.1587,0.0026,0.0001
9012,exchange rate,TimeXer,6,17.4581,0.0081,0.068,0.0562,0.1064,0.0017,0.0001
9012,exchange rate,TimeXer,24,15.2701,0.0281,0.1279,0.1087,0.1031,0.0016,0.0001
9012,exchange rate,TimeXer,48,12.3995,0.0539,0.1772,0.1504,0.1024,0.0017,0.0001
9012,exchange rate,TimeXer,96,18.1794,0.1037,0.2398,0.2122,0.122,0.002,0.0001
3456,exchange rate,TimeXer,6,15.6361,0.0086,0.0702,0.0601,0.1063,0.0017,0.0001
3456,exchange rate,TimeXer,24,12.3667,0.0297,0.1322,0.112,0.1243,0.002,0.0001
3456,exchange rate,TimeXer,48,10.7654,0.0602,0.1928,0.1798,0.1204,0.0019,0.0001
1234,exchange rate,XGBoost,6,2.3686,0.25404,0.50292,22.48866,,,
1234,exchange rate,XGBoost,24,0.86292,0.73358,0.85518,37.85116,,,
1234,exchange rate,XGBoost,48,0.86667,2.02265,1.42069,62.78472,,,
1234,exchange rate,XGBoost,96,0.89936,3.36246,1.82259,77.83995,,,
3047,exchange rate,XGBoost,6,1.44476,0.25826,0.50695,22.66771,,,
3047,exchange rate,XGBoost,24,0.92079,0.67579,0.82066,36.32058,,,
3047,exchange rate,XGBoost,48,0.9341,2.25877,1.50164,66.36787,,,
3047,exchange rate,XGBoost,96,0.94379,3.4483,1.84677,78.88487,,,
3456,exchange rate,XGBoost,6,2.39984,0.25067,0.49959,22.33996,,,
3456,exchange rate,XGBoost,24,0.8836,0.66265,0.81263,35.96537,,,
3456,exchange rate,XGBoost,48,0.92558,2.22758,1.4912,65.9059,,,
3456,exchange rate,XGBoost,96,0.92239,3.66052,1.90281,81.28466,,,
5678,exchange rate,XGBoost,6,2.39831,0.21368,0.46104,20.61437,,,
5678,exchange rate,XGBoost,24,0.92925,0.71843,0.84623,37.45343,,,
5678,exchange rate,XGBoost,48,0.93684,2.18496,1.47685,65.27048,,,
5678,exchange rate,XGBoost,96,0.90149,3.54742,1.87341,80.0266,,,
9012,exchange rate,XGBoost,6,2.43666,0.21723,0.46491,20.78783,,,
9012,exchange rate,XGBoost,24,0.88978,0.6524,0.8063,35.68453,,,
9012,exchange rate,XGBoost,48,0.95916,2.17882,1.47475,65.17833,,,
9012,exchange rate,XGBoost,96,0.86547,3.5378,1.87096,79.92038,,,
1234,exchange rate,SARIMAX,6,2.21508,0.00545,0.07347,,,,
1234,exchange rate,SARIMAX,24,2.24494,0.00534,0.06283,,,,
1234,exchange rate,SARIMAX,48,2.2159,0.00746,0.07636,,,,
1234,exchange rate,SARIMAX,96,2.29228,0.0052,0.06056,,,,
3047,exchange rate,TimeMixer,6,15.6277,0.0091,0.073,0.0611,0.1401,0.0022,0.0001
3047,exchange rate,TimeMixer,24,13.0925,0.0287,0.1308,0.1111,0.1349,0.0021,0.0001
3047,exchange rate,TimeMixer,48,10.6906,0.0505,0.1738,0.155,0.1472,0.0024,0.0001
3047,exchange rate,TimeMixer,96,13.8876,0.0915,0.2317,0.2007,0.1328,0.0022,0.0001
3047,exchange rate,SCINet,6,121.896,0.0096,0.076,0.0628,0.7118,0.0113,0.0005
3047,exchange rate,SCINet,24,135.3763,0.0385,0.148,0.1296,0.6439,0.0102,0.0004
3047,exchange rate,SCINet,48,97.8633,0.0671,0.1975,0.1696,0.6778,0.0109,0.0005
3047,exchange rate,SCINet,96,190.6813,0.1641,0.304,0.2745,0.9589,0.016,0.0007
3047,exchange rate,SegRNN,6,8.5885,0.0076,0.0647,0.0542,0.0373,0.0006,0
3047,exchange rate,SegRNN,24,5.9592,0.024,0.118,0.1005,0.0388,0.0006,0
3047,exchange rate,SegRNN,48,8.3412,0.0448,0.16,0.1403,0.0402,0.0006,0
3047,exchange rate,SegRNN,96,10.7955,0.0898,0.2216,0.201,0.0434,0.0007,0
1234,exchange rate,TimeMixer,6,15.7541,0.0088,0.0716,0.0584,0.1467,0.0023,0.0001
1234,exchange rate,TimeMixer,24,14.6836,0.0257,0.1248,0.108,0.135,0.0021,0.0001
1234,exchange rate,TimeMixer,48,12.9966,0.0503,0.1722,0.148,0.1412,0.0023,0.0001
1234,exchange rate,TimeMixer,96,16.2766,0.1023,0.2432,0.2276,0.1614,0.0027,0.0001
1234,exchange rate,SCINet,6,146.3616,0.0098,0.076,0.0632,0.6599,0.0105,0.0004
1234,exchange rate,SCINet,24,98.2934,0.0322,0.1375,0.1203,0.8799,0.014,0.0006
1234,exchange rate,SCINet,48,97.6077,0.0636,0.1939,0.1823,0.7164,0.0116,0.0005
1234,exchange rate,SCINet,96,170.426,0.1059,0.2474,0.2199,1.1177,0.0186,0.0008
1234,exchange rate,SegRNN,6,7.4078,0.0076,0.0646,0.0542,0.0429,0.0007,0
1234,exchange rate,SegRNN,24,5.8483,0.0241,0.1185,0.1007,0.0299,0.0005,0
1234,exchange rate,SegRNN,48,6.2671,0.0465,0.1626,0.1441,0.0418,0.0007,0
1234,exchange rate,SegRNN,96,12.1883,0.0915,0.2231,0.2033,0.0672,0.0011,0
5678,exchange rate,TimeMixer,6,16.1677,0.009,0.0725,0.0604,0.1472,0.0023,0.0001
5678,exchange rate,TimeMixer,24,12.7433,0.039,0.1526,0.1475,0.1366,0.0022,0.0001
5678,exchange rate,TimeMixer,48,10.6781,0.0626,0.1943,0.1813,0.1332,0.0021,0.0001
5678,exchange rate,TimeMixer,96,14.626,0.1021,0.244,0.2321,0.1606,0.0027,0.0001
5678,exchange rate,SCINet,6,131.6591,0.01,0.0774,0.0657,0.842,0.0134,0.0006
5678,exchange rate,SCINet,24,149.5631,0.0374,0.1476,0.1301,0.7089,0.0113,0.0005
5678,exchange rate,SCINet,48,112.5044,0.0702,0.2016,0.1932,0.7228,0.0117,0.0005
5678,exchange rate,SCINet,96,223.7708,0.1435,0.2897,0.2472,0.8767,0.0146,0.0006
5678,exchange rate,SegRNN,6,9.0716,0.0076,0.0643,0.0539,0.0455,0.0007,0
5678,exchange rate,SegRNN,24,6.1378,0.0246,0.1189,0.1012,0.0329,0.0005,0
5678,exchange rate,SegRNN,48,8.5414,0.0447,0.1598,0.1399,0.0332,0.0005,0
5678,exchange rate,SegRNN,96,8.5305,0.0955,0.2269,0.2082,0.0628,0.001,0
9012,exchange rate,TimeMixer,6,16.1439,0.0087,0.0714,0.0583,0.1448,0.0023,0.0001
9012,exchange rate,TimeMixer,24,16.1457,0.0261,0.1245,0.1044,0.1504,0.0024,0.0001
9012,exchange rate,TimeMixer,48,11.2576,0.0755,0.2208,0.2074,0.149,0.0024,0.0001
9012,exchange rate,TimeMixer,96,14.8091,0.1112,0.251,0.2374,0.149,0.0025,0.0001
9012,exchange rate,SCINet,6,148.5833,0.0119,0.0849,0.0698,0.9285,0.0147,0.0006
9012,exchange rate,SCINet,24,120.2926,0.035,0.1438,0.1282,0.6825,0.0108,0.0005
9012,exchange rate,SCINet,48,134.3231,0.0648,0.1992,0.1695,0.9081,0.0146,0.0006
9012,exchange rate,SCINet,96,179.3316,0.1203,0.2586,0.2256,0.9065,0.0151,0.0006
9012,exchange rate,SegRNN,6,9.0726,0.0076,0.0645,0.054,0.0406,0.0006,0
9012,exchange rate,SegRNN,24,6.9152,0.0255,0.1202,0.1041,0.0403,0.0006,0
9012,exchange rate,SegRNN,48,7.0656,0.0459,0.1615,0.1426,0.0457,0.0007,0
9012,exchange rate,SegRNN,96,8.8916,0.0893,0.2214,0.2003,0.0542,0.0009,0
3456,exchange rate,TimeMixer,6,15.8228,0.0088,0.0719,0.0588,0.1442,0.0023,0.0001
3456,exchange rate,TimeMixer,24,14.7887,0.0296,0.1317,0.1138,0.1428,0.0023,0.0001
3456,exchange rate,TimeMixer,48,12.0992,0.0522,0.1768,0.1581,0.1376,0.0022,0.0001
3456,exchange rate,TimeMixer,96,14.4868,0.1122,0.2554,0.2402,0.1544,0.0026,0.0001
3456,exchange rate,SCINet,6,138.4336,0.0107,0.08,0.0681,0.8772,0.0139,0.0006
3456,exchange rate,SCINet,24,145.0375,0.031,0.1359,0.1168,0.708,0.0112,0.0005
3456,exchange rate,SCINet,48,109.821,0.0628,0.1904,0.1678,0.9461,0.0153,0.0006
3456,exchange rate,SCINet,96,211.2118,0.1233,0.2533,0.2078,1.2481,0.0208,0.0009
3456,exchange rate,SegRNN,6,7.1338,0.0076,0.0646,0.0541,0.0446,0.0007,0
3456,exchange rate,SegRNN,24,7.7217,0.025,0.1192,0.101,0.0565,0.0009,0
3456,exchange rate,SegRNN,48,5.5624,0.0485,0.1656,0.1477,0.0275,0.0004,0
3456,exchange rate,SegRNN,96,13.4253,0.0883,0.2204,0.1988,0.0519,0.0009,0
3456,exchange rate,TimeXer,96,17.4394,0.1072,0.2468,0.2133,0.1426,0.0024,0.0001
1234,Line1,XGBoost,1,0.68611145,27.31992238,5.226846313,4.704632145,,,
1234,Line1,XGBoost,7,0.152333975,299.2280514,14.63974291,13.37787026,,,
1234,Line1,XGBoost,14,0.299592733,472.0605579,19.38390978,18.18315036,,,
1234,Line1,XGBoost,28,0.226823092,339.862154,16.51678812,15.68802433,,,
3047,Line1,XGBoost,1,1.713973045,25.99607212,5.098634338,4.589229828,,,
3047,Line1,XGBoost,7,0.146234512,291.2144799,14.24466343,12.96516128,,,
3047,Line1,XGBoost,14,0.217335939,531.6324423,20.61950657,19.35957246,,,
3047,Line1,XGBoost,28,0.228291512,285.4796142,15.0871197,14.313079,,,
3456,Line1,XGBoost,1,1.730822086,22.53316994,4.746911621,4.272647724,,,
3456,Line1,XGBoost,7,0.145579576,260.6811159,13.66450605,12.47113453,,,
3456,Line1,XGBoost,14,0.249481201,480.5813487,19.8922122,18.8249522,,,
3456,Line1,XGBoost,28,0.217337132,284.2140935,15.14295542,14.40876797,,,
5678,Line1,XGBoost,1,1.699257612,42.5266936,6.52124939,5.869711422,,,
5678,Line1,XGBoost,7,0.157989025,288.2529387,14.35199049,13.14004944,,,
5678,Line1,XGBoost,14,0.265189171,545.3059647,20.67964964,19.30237611,,,
5678,Line1,XGBoost,28,0.238307953,294.1457309,15.4972517,14.77654536,,,
9012,Line1,XGBoost,1,2.063557148,36.5304923,6.044046021,5.440185437,,,
9012,Line1,XGBoost,7,0.484859228,245.9813506,13.36937134,12.24920976,,,
9012,Line1,XGBoost,14,0.667128563,471.1315182,19.38825309,18.18459306,,,
9012,Line1,XGBoost,28,0.642359495,362.4815636,16.94235003,16.0289025,,,
3047,Line1,TimeXer,1,5.73719,70.73504,5.65836,0.07126,0.03282,0.00164,0.00024
3047,Line1,TimeXer,7,5.17852,117.10466,7.49659,0.09753,0.03415,0.0018,0.00026
3047,Line1,TimeXer,14,4.8101,151.62142,8.75855,0.11443,0.02804,0.00156,0.00023
3047,Line1,TimeXer,28,5.35616,174.93762,9.28572,0.12085,0.0393,0.00246,0.00036
1234,Line10,XGBoost,1,0.150507689,35.24279606,5.936564331,3.365780888,,,
1234,Line10,XGBoost,7,0.154098749,228.3177324,13.04975974,7.497924103,,,
1234,Line10,XGBoost,14,0.317575455,3049.97384,47.77035481,27.48033347,,,
1234,Line10,XGBoost,28,0.224484921,2259.21781,41.20686094,23.96040462,,,
5678,Line1,TimeXer,1,6.28172,78.09991,6.13035,0.07821,0.03332,0.00167,0.00024
5678,Line1,TimeXer,7,5.72447,146.5994,8.51664,0.11133,0.0404,0.00213,0.00031
5678,Line1,TimeXer,14,6.1927,149.50341,8.61274,0.11032,0.02823,0.00157,0.00023
5678,Line1,TimeXer,28,5.99212,169.16177,8.98131,0.11761,0.0294,0.00184,0.00027
9012,Line1,TimeXer,1,6.27056,67.89047,5.70017,0.07047,0.03228,0.00161,0.00024
9012,Line1,TimeXer,7,6.49076,111.84396,7.08144,0.09177,0.03578,0.00188,0.00028
9012,Line1,TimeXer,14,5.28798,167.70777,9.35784,0.11972,0.04392,0.00244,0.00036
9012,Line1,TimeXer,28,5.07285,150.30074,8.44302,0.11033,0.02868,0.00179,0.00026
3456,Line1,TimeXer,1,5.35704,76.43392,5.8109,0.07233,0.03416,0.00171,0.00025
3456,Line1,TimeXer,7,5.23953,131.71667,7.89103,0.10241,0.03335,0.00176,0.00026
3456,Line1,TimeXer,14,4.75258,156.24857,8.65516,0.11443,0.03997,0.00222,0.00032
3456,Line1,TimeXer,28,6.03589,161.17769,8.72096,0.11331,0.03483,0.00218,0.00032
3047,Line1,TimeMixer,1,4.18907,134.07916,8.47451,0.10727,0.02424,0.00121,0.00018
3047,Line1,TimeMixer,7,4.94287,154.9093,9.01399,0.11394,0.02424,0.00128,0.00019
3047,Line1,TimeMixer,14,4.8739,139.4499,8.18828,0.1054,0.02668,0.00148,0.00022
3047,Line1,TimeMixer,28,4.60906,172.43224,9.56193,0.12491,0.02265,0.00142,0.00021
3047,Line1,SCINet,1,38.60548,80.05802,6.23691,0.0776,0.2439,0.01219,0.00179
3047,Line1,SCINet,7,32.92411,122.29421,7.80829,0.09881,0.18713,0.00985,0.00144
3047,Line1,SCINet,14,28.33213,144.77287,8.59677,0.10964,0.26573,0.01476,0.00216
3047,Line1,SCINet,28,33.32112,161.48262,9.1165,0.11692,0.25876,0.01617,0.00237
3047,Line1,SegRNN,1,4.19035,73.29874,5.28693,0.06754,0.0207,0.00104,0.00015
3047,Line1,SegRNN,14,3.23441,543.8547,17.74832,0.22551,0.01618,0.0009,0.00013
3047,Line1,SegRNN,28,3.81291,554.90094,18.08798,0.231,0.01919,0.0012,0.00018
1234,Line11,XGBoost,1,0.177312374,0.001193866,0.034552367,4.798939824,,,
1234,Line11,XGBoost,7,0.156523943,0.157260758,0.317076642,33.60018266,,,
1234,Line11,XGBoost,14,0.262028933,0.092888923,0.229886052,26.60736619,,,
1234,Line11,XGBoost,28,0.276088238,0.034508316,0.132369486,17.42058263,,,
1234,Line13,XGBoost,1,0.145783424,3.511734514,1.87396225,3.645131783,,,
1234,Line13,XGBoost,7,0.157009125,11.59620876,3.09649765,8.149032895,,,
1234,Line13,XGBoost,14,0.245284081,137.7804449,10.61729607,22.45782501,,,
1234,Line13,XGBoost,28,0.217321873,12.15195756,3.243613671,8.50413507,,,
1234,Line14,XGBoost,1,0.14083147,0.08053502,0.283786926,0.335485195,,,
1234,Line14,XGBoost,7,0.144111395,154.4386321,9.669136592,11.60150046,,,
1234,Line14,XGBoost,14,0.2283113,338.8208009,16.03041896,19.38594724,,,
1234,Line14,XGBoost,28,0.235433817,303.3759385,15.28858496,18.5649119,,,
1234,Line15,XGBoost,1,0.178414106,0.262387463,0.512237701,1.277719385,,,
1234,Line15,XGBoost,7,0.167826653,26.31988312,3.266093924,8.529167187,,,
1234,Line15,XGBoost,14,0.249764919,45.80813261,5.870936552,15.07443177,,,
1234,Line15,XGBoost,28,0.219852924,40.52827786,5.247614174,13.61486201,,,
1234,Line16,XGBoost,1,0.156056404,3.954608271,1.98861969,6.492392066,,,
1234,Line16,XGBoost,7,0.158052206,4.46418482,2.034112265,7.394933044,,,
1234,Line16,XGBoost,14,0.217391014,27.81714619,4.559351992,15.10044096,,,
1234,Line16,XGBoost,28,0.205421209,10.80236834,2.890770416,10.24715604,,,
1234,Line17,XGBoost,1,0.153504133,17.94469387,4.236117783,29.33599572,,,
1234,Line17,XGBoost,7,0.141112804,8.223189789,2.480967751,17.38430492,,,
1234,Line17,XGBoost,14,0.223347425,10.84466635,2.89086747,20.49954638,,,
1234,Line17,XGBoost,28,0.199450731,7.867795501,2.456603293,17.41218768,,,
1234,Line19,XGBoost,1,0.132053375,1.951127404,1.396827621,7.286529063,,,
1234,Line19,XGBoost,7,0.179502249,3.189680957,1.639640732,9.31307026,,,
1234,Line19,XGBoost,14,0.256694317,25.80813269,4.465077967,24.24659845,,,
1234,Line19,XGBoost,28,0.215373278,38.83370989,5.518711011,29.97352163,,,
5678,Line1,TimeMixer,1,4.81599,109.19566,6.98947,0.08784,0.03378,0.00169,0.00025
5678,Line1,TimeMixer,7,4.73113,148.5917,8.86449,0.11289,0.02854,0.0015,0.00022
5678,Line1,TimeMixer,14,4.84917,163.54955,9.51116,0.12298,0.02383,0.00132,0.00019
5678,Line1,TimeMixer,28,4.73653,193.06126,10.57565,0.13849,0.02211,0.00138,0.0002
5678,Line1,SCINet,1,36.76979,71.69257,5.92259,0.07468,0.25233,0.01262,0.00186
5678,Line1,SCINet,7,26.16898,118.55022,7.69686,0.09663,0.19303,0.01016,0.00148
5678,Line1,SCINet,14,35.47788,127.42128,8.12039,0.10303,0.28781,0.01599,0.00234
5678,Line1,SCINet,28,33.33924,162.70778,9.17452,0.11808,0.24188,0.01512,0.00222
5678,Line1,SegRNN,1,3.88387,72.3374,4.97292,0.06256,0.01824,0.00091,0.00013
5678,Line1,SegRNN,7,3.85136,98.02612,6.30339,0.08061,0.01699,0.00089,0.00013
5678,Line1,SegRNN,14,3.9089,535.1925,17.45322,0.2216,0.01814,0.00101,0.00015
5678,Line1,SegRNN,28,3.71527,560.92285,18.21152,0.23256,0.01534,0.00096,0.00014
9012,Line1,TimeMixer,1,4.87984,111.34992,7.8476,0.10091,0.0258,0.00129,0.00019
9012,Line1,TimeMixer,7,4.24897,146.64792,8.89416,0.11237,0.02315,0.00122,0.00018
9012,Line1,TimeMixer,14,3.88524,159.8478,9.3134,0.11859,0.02419,0.00134,0.0002
9012,Line1,TimeMixer,28,3.72334,189.54716,10.24546,0.13136,0.018,0.00113,0.00017
9012,Line1,SCINet,1,34.25202,82.5055,6.28628,0.07881,0.2995,0.01498,0.0022
9012,Line1,SCINet,7,35.7489,119.66433,7.84536,0.09828,0.29496,0.01552,0.00227
9012,Line1,SCINet,14,26.44607,143.22441,8.55596,0.10912,0.16289,0.00905,0.00132
9012,Line1,SCINet,28,29.61674,163.60712,9.21725,0.11842,0.25129,0.01571,0.00231
9012,Line1,SegRNN,1,4.19454,71.57617,4.88644,0.06171,0.01725,0.00086,0.00013
9012,Line1,SegRNN,7,3.97813,95.3384,6.18398,0.07885,0.0161,0.00085,0.00012
9012,Line1,SegRNN,14,3.73723,538.2689,17.52218,0.22249,0.01612,0.0009,0.00013
9012,Line1,SegRNN,28,3.7809,556.29065,18.0787,0.23081,0.01722,0.00108,0.00016
3456,Line1,TimeMixer,1,4.97902,103.5135,7.47913,0.09296,0.02315,0.00116,0.00017
3456,Line1,TimeMixer,7,4.80014,162.1913,9.76933,0.12453,0.02723,0.00143,0.00021
3456,Line1,TimeMixer,14,4.53019,174.6078,9.48586,0.12047,0.02012,0.00112,0.00016
3456,Line1,TimeMixer,28,4.39722,204.62639,10.76838,0.14007,0.01719,0.00107,0.00016
3456,Line1,SCINet,1,34.1941,76.58637,6.48111,0.07997,0.26017,0.01301,0.00191
3456,Line1,SCINet,7,31.44404,120.19401,7.6718,0.09631,0.29583,0.01557,0.00228
3456,Line1,SCINet,14,31.12187,148.57883,8.75969,0.1113,0.25484,0.01416,0.00207
3456,Line1,SCINet,28,24.57879,163.25766,9.10679,0.11688,0.14119,0.00882,0.0013
3456,Line1,SegRNN,1,3.30819,76.9266,5.24202,0.0674,0.01902,0.00095,0.00014
3456,Line1,SegRNN,7,3.98171,94.8204,6.17345,0.07861,0.02026,0.00107,0.00016
3456,Line1,SegRNN,14,3.87004,543.82275,17.61913,0.22337,0.01519,0.00084,0.00012
3456,Line1,SegRNN,28,2.90159,580.07086,18.57126,0.23986,0.01717,0.00107,0.00016
3047,Line1,SegRNN,7,3.9569,94.15871,6.19649,0.07889,0.01561,0.00082,0.00012
1234,Line1,SARIMAX,1,5.277201653,16.0535,4.006678342,3.6064,,,
1234,Line1,SARIMAX,7,5.223847389,3.8869,1.565059927,1.6121,,,
1234,Line1,SARIMAX,14,5.221643209,4.2649,1.715969714,1.7548,,,
1234,Line1,SARIMAX,28,5.245931864,5.66,2.097087091,2.1746,,,
1234,Line2,XGBoost,1,0.15507412,0.180259691,0.424570007,0.566697821,,,
1234,Line2,XGBoost,7,0.147242308,22.09370387,4.394488918,6.255147981,,,
1234,Line2,XGBoost,14,0.244258165,112.0827066,9.451113739,12.9700593,,,
1234,Line2,XGBoost,28,0.236311436,90.85123388,8.792879513,12.50149632,,,
3047,Line10,XGBoost,1,0.151930809,28.3943927,5.328638916,3.02111289,,,
3047,Line10,XGBoost,7,0.157525301,222.1126991,13.36932347,7.867791567,,,
3047,Line10,XGBoost,14,0.237722635,2997.707391,47.92535141,27.81165927,,,
3047,Line10,XGBoost,28,0.243807077,2206.943783,40.86199051,23.73482007,,,
3456,Line10,XGBoost,1,0.1362257,29.32242991,5.415018921,3.0700867,,,
3456,Line10,XGBoost,7,0.152902603,291.8802744,15.13066838,8.824964011,,,
3456,Line10,XGBoost,14,0.235043287,2909.330208,46.86834839,27.08415701,,,
3456,Line10,XGBoost,28,0.230325937,1812.773125,36.72209248,21.33882737,,,
5678,Line10,XGBoost,1,0.166695118,33.32265821,5.772578125,3.272807645,,,
5678,Line10,XGBoost,7,0.157334566,183.1356133,12.11364066,7.149192519,,,
5678,Line10,XGBoost,14,0.208384991,3193.943018,49.88842514,29.14819902,,,
5678,Line10,XGBoost,28,0.228816509,2424.948668,42.49984386,24.57228636,,,
9012,Line10,XGBoost,1,0.153534412,27.28246298,5.223261719,2.961368476,,,
9012,Line10,XGBoost,7,0.143868923,204.6005189,13.05701856,7.828287256,,,
9012,Line10,XGBoost,14,0.277588129,3200.791571,49.05038792,28.28842842,,,
9012,Line10,XGBoost,28,0.220484495,1936.312134,37.84278787,21.96297259,,,
3047,Line10,TimeXer,1,5.16656,300.71197,10.49028,0.0773,0.03837,0.00192,0.00028
3047,Line10,TimeXer,7,5.98274,437.19467,13.69266,0.10479,0.0322,0.00169,0.00025
3047,Line10,TimeXer,14,5.66782,550.9557,16.25843,0.12368,0.02929,0.00163,0.00024
3047,Line10,TimeXer,28,5.67465,522.20995,14.65171,0.11499,0.0303,0.00189,0.00028
1234,Line4,XGBoost,1,0.156492949,3.133463954,1.770159302,1.619393744,,,
1234,Line4,XGBoost,7,0.161865234,39.01066445,5.563281424,5.12105414,,,
1234,Line4,XGBoost,14,0.248181343,130.6289599,10.59627973,9.941708056,,,
1234,Line4,XGBoost,28,0.310194731,115.3856628,9.566927741,8.877596257,,,
5678,Line10,TimeXer,1,6.01279,326.98459,11.36075,0.08408,0.04272,0.00214,0.00031
5678,Line10,TimeXer,7,5.70254,442.78229,13.57447,0.10713,0.03784,0.00199,0.00029
5678,Line10,TimeXer,14,6.22865,493.99377,14.27127,0.11291,0.0349,0.00194,0.00028
5678,Line10,TimeXer,28,4.93434,537.72186,14.39986,0.11298,0.02546,0.00159,0.00023
9012,Line10,TimeXer,1,5.71137,283.70619,10.31354,0.076,0.03739,0.00187,0.00027
9012,Line10,TimeXer,7,6.16012,430.24386,12.95162,0.10162,0.03539,0.00186,0.00027
9012,Line10,TimeXer,14,5.1436,488.45219,14.30433,0.11275,0.03079,0.00171,0.00025
9012,Line10,TimeXer,28,6.00827,544.1731,15.04685,0.1183,0.03533,0.00221,0.00032
3456,Line10,TimeXer,1,6.1548,335.11137,11.18085,0.08231,0.03,0.0015,0.00022
3456,Line10,TimeXer,7,5.52368,485.9338,14.17289,0.11386,0.027,0.00142,0.00021
3456,Line10,TimeXer,14,5.52783,584.94987,16.24874,0.12527,0.03,0.00167,0.00024
3456,Line10,TimeXer,28,5.22711,517.89139,14.55147,0.11482,0.028,0.00175,0.00026
3047,Line10,TimeMixer,1,3.88624,552.24567,17.32361,0.12808,0.02124,0.00106,0.00016
3047,Line10,TimeMixer,7,4.05228,596.8056,17.72218,0.13579,0.02431,0.00128,0.00019
3047,Line10,TimeMixer,14,4.85414,549.36194,15.99506,0.12278,0.02311,0.00128,0.00019
3047,Line10,TimeMixer,28,4.58082,611.62085,17.36836,0.13588,0.01909,0.00119,0.00018
3047,Line10,SCINet,1,38.70116,247.54027,9.83607,0.07219,0.26661,0.01333,0.00196
3047,Line10,SCINet,7,31.68743,478.84848,14.29713,0.10941,0.18321,0.00964,0.00141
3047,Line10,SCINet,14,26.64606,521.09906,14.89088,0.11435,0.23278,0.01293,0.00189
3047,Line10,SCINet,28,32.6097,573.02124,15.86484,0.12238,0.25325,0.01583,0.00232
3047,Line10,SegRNN,1,4.14354,273.24304,8.98879,0.06744,0.01733,0.00087,0.00013
3047,Line10,SegRNN,7,3.91475,364.28668,11.2321,0.08637,0.01634,0.00086,0.00013
3047,Line10,SegRNN,14,3.98129,2162.0842,34.01769,0.25735,0.01405,0.00078,0.00011
3047,Line10,SegRNN,28,3.84174,2157.702,34.23576,0.26,0.01756,0.0011,0.00016
1234,Line5,XGBoost,1,0.210330725,1.097900803,1.047807617,1.257419437,,,
1234,Line5,XGBoost,7,0.165546417,25.37509837,4.460076926,5.493618778,,,
1234,Line5,XGBoost,14,0.242403746,236.057148,13.5363467,16.4758737,,,
1234,Line5,XGBoost,28,0.226302147,194.1016085,12.06865603,14.8428152,,,
1234,Line6,XGBoost,1,0.155159473,0.000604015,0.024576721,0.024258929,,,
1234,Line6,XGBoost,7,0.141076088,137.191785,8.617004046,8.843626133,,,
1234,Line6,XGBoost,14,0.240982294,344.0066498,16.14668017,16.42393362,,,
1234,Line6,XGBoost,28,0.228356123,227.9463954,13.08297213,13.50105431,,,
1234,Line7,XGBoost,1,0.159533024,3.160264641,1.777713318,3.090600344,,,
1234,Line7,XGBoost,7,0.156067848,22.40180372,3.91548972,6.809593254,,,
1234,Line7,XGBoost,14,0.236282349,78.16905512,7.997679149,14.27852591,,,
1234,Line7,XGBoost,28,0.243278742,84.12401324,8.114169513,14.41228034,,,
1234,Line8,XGBoost,1,0.157526731,70.24523391,8.381242981,10.92160931,,,
1234,Line8,XGBoost,7,0.152544022,128.9613502,10.82388229,14.33891908,,,
1234,Line8,XGBoost,14,0.223278999,299.3573707,16.95249227,22.61550434,,,
1234,Line8,XGBoost,28,0.274490118,182.2872398,12.34965116,16.38073947,,,
1234,Line9,XGBoost,1,0.145119905,0.649687016,0.806031647,1.79877627,,,
1234,Line9,XGBoost,7,0.158028841,15.39713088,3.44828367,8.008688904,,,
1234,Line9,XGBoost,14,0.254261732,84.55174799,8.068987252,18.17977234,,,
1234,Line9,XGBoost,28,0.26421237,52.06448083,6.299503934,14.18147142,,,
1234,LineCP,XGBoost,1,0.142042398,1.195420709,1.093352966,2.989753805,,,
1234,LineCP,XGBoost,7,0.156551838,2.008323755,1.116287766,4.489300324,,,
1234,LineCP,XGBoost,14,0.239264488,24.76312218,4.589448798,13.84386808,,,
1234,LineCP,XGBoost,28,0.275677204,2.635110148,1.217724334,4.737218334,,,
1234,LineDX,XGBoost,1,0.172716379,0.053991108,0.232359867,5.780096196,,,
1234,LineDX,XGBoost,7,0.158555984,0.085138347,0.254620831,6.58096513,,,
1234,LineDX,XGBoost,14,0.258743525,0.021655028,0.127349488,3.247326737,,,
5678,Line10,TimeMixer,1,4.69754,426.65625,13.37448,0.10153,0.0217,0.00109,0.00016
5678,Line10,TimeMixer,7,4.80912,572.71344,16.93578,0.12823,0.02857,0.0015,0.00022
5678,Line10,TimeMixer,14,4.82648,633.77466,18.79554,0.14642,0.02719,0.00151,0.00022
5678,Line10,TimeMixer,28,4.63653,724.0398,20.13444,0.15673,0.02312,0.00145,0.00021
5678,Line10,SCINet,1,27.64398,240.25711,10.41424,0.07769,0.19353,0.00968,0.00142
5678,Line10,SCINet,7,36.33473,426.37915,13.82379,0.10399,0.30049,0.01582,0.00231
5678,Line10,SCINet,14,31.12521,505.12494,15.24241,0.1157,0.24362,0.01353,0.00198
5678,Line10,SCINet,28,25.23618,573.65955,16.06539,0.12414,0.14198,0.00887,0.0013
5678,Line10,SegRNN,1,4.14455,280.47507,9.3116,0.07088,0.02011,0.00101,0.00015
5678,Line10,SegRNN,7,4.06308,375.98566,11.32376,0.08737,0.01606,0.00085,0.00012
5678,Line10,SegRNN,14,3.95314,2116.08,33.60484,0.2551,0.02014,0.00112,0.00016
5678,Line10,SegRNN,28,3.83203,2176.5793,34.45237,0.26177,0.01519,0.00095,0.00014
9012,Line10,TimeMixer,1,4.36691,459.17682,15.64391,0.11643,0.02622,0.00131,0.00019
9012,Line10,TimeMixer,7,4.51401,587.59827,17.62482,0.13279,0.02224,0.00117,0.00017
9012,Line10,TimeMixer,14,4.06275,613.7653,17.82947,0.13558,0.02261,0.00126,0.00018
9012,Line10,TimeMixer,28,3.86953,693.24786,18.9815,0.14329,0.01813,0.00113,0.00017
9012,Line10,SCINet,1,37.07169,298.23907,11.0983,0.08354,0.26553,0.01328,0.00195
9012,Line10,SCINet,7,29.98982,432.518,13.85136,0.10421,0.16822,0.00885,0.00129
9012,Line10,SCINet,14,24.46079,536.03516,15.38435,0.11826,0.24854,0.01381,0.00202
9012,Line10,SCINet,28,34.57568,567.5238,15.8636,0.12221,0.26109,0.01632,0.0024
9012,Line10,SegRNN,1,3.45118,279.036,8.81206,0.06679,0.01705,0.00085,0.00013
9012,Line10,SegRNN,7,3.34296,387.9892,11.51074,0.08928,0.0143,0.00075,0.00011
9012,Line10,SegRNN,14,3.97917,2131.3967,33.88871,0.25705,0.01376,0.00076,0.00011
9012,Line10,SegRNN,28,3.74026,2163.6238,34.1799,0.2596,0.01633,0.00102,0.00015
3456,Line10,TimeMixer,1,4.99898,508.13992,16.91242,0.12241,0.03026,0.00151,0.00022
3456,Line10,TimeMixer,7,4.95061,658.22797,19.8668,0.1495,0.02967,0.00156,0.00023
3456,Line10,TimeMixer,14,4.63879,659.8065,18.21909,0.13883,0.0222,0.00123,0.00018
3456,Line10,TimeMixer,28,4.35033,748.5749,20.01392,0.15534,0.01906,0.00119,0.00017
3456,Line10,SCINet,1,27.15616,231.82405,10.20839,0.07552,0.20568,0.01028,0.00151
3456,Line10,SCINet,7,32.32636,450.90875,13.9288,0.10604,0.28869,0.01519,0.00222
3456,Line10,SCINet,14,31.56804,537.20984,15.61228,0.11933,0.26984,0.01499,0.00219
3456,Line10,SCINet,28,26.97275,581.36224,16.01629,0.12343,0.16215,0.01013,0.00149
3456,Line10,SegRNN,1,3.94183,289.94354,8.72062,0.06417,0.01916,0.00096,0.00014
3456,Line10,SegRNN,7,3.87909,366.88763,11.27937,0.08671,0.01939,0.00102,0.00015
3456,Line10,SegRNN,14,3.96769,2161.0024,34.04322,0.25771,0.01639,0.00091,0.00013
3456,Line10,SegRNN,28,3.69986,2165.8987,34.29366,0.25999,0.01654,0.00103,0.00015
1234,LineDX,XGBoost,28,0.285640478,0.035994553,0.155129877,3.762403213,,,
1234,Line10,SARIMAX,1,5.778725386,0.2516,0.501627771,0.2844,,,
1234,Line10,SARIMAX,7,5.76465416,4.077,1.770641532,1.1276,,,
1234,Line10,SARIMAX,14,5.734298944,3.1242,1.475727704,0.9308,,,
1234,Line10,SARIMAX,28,5.834600925,2.5582,1.250974372,0.787,,,
1234,LineFS,XGBoost,1,0.143085241,0.25014788,0.500147858,1.832714759,,,
1234,LineFS,XGBoost,7,0.153555393,13.41278143,3.158631341,12.5258689,,,
1234,LineFS,XGBoost,14,0.235288143,46.09269533,5.835625049,21.96725225,,,
1234,LineFS,XGBoost,28,0.258327723,1.779128471,1.239307827,5.28082805,,,
3047,Line11,XGBoost,1,0.145079851,0.000586061,0.024208696,3.362318873,,,
3047,Line11,XGBoost,7,0.149561644,0.13841501,0.291101513,30.55224731,,,
3047,Line11,XGBoost,14,0.214426041,0.086599901,0.222895464,25.84085381,,,
3047,Line11,XGBoost,28,0.21897006,0.038250018,0.137873432,17.82461935,,,
3456,Line11,XGBoost,1,0.144644976,0.00199695,0.044687243,6.206561459,,,
3456,Line11,XGBoost,7,0.150010347,0.154805182,0.31699423,33.69499434,,,
3456,Line11,XGBoost,14,0.219314098,0.090045248,0.230024475,26.75427196,,,
3456,Line11,XGBoost,28,0.207459688,0.037198145,0.136956012,17.83009084,,,
5678,Line11,XGBoost,1,0.15287447,0.001823165,0.042698534,5.93035188,,,
5678,Line11,XGBoost,7,0.138616085,0.148208926,0.307699448,32.58114647,,,
5678,Line11,XGBoost,14,0.217343807,0.091380016,0.230273448,26.74130055,,,
5678,Line11,XGBoost,28,0.211517096,0.03754699,0.133161251,17.03440893,,,
9012,Line11,XGBoost,1,0.153509378,0.002925373,0.054086716,7.512043913,,,
9012,Line11,XGBoost,7,0.139320374,0.168304617,0.342297713,36.9168641,,,
9012,Line11,XGBoost,14,0.213502645,0.094539442,0.237248662,27.73692341,,,
9012,Line11,XGBoost,28,0.231245518,0.037305969,0.136750687,17.64265363,,,
3047,Line11,TimeXer,1,5.94006,0.01898,0.10073,0.15572,0.04401,0.0022,0.00032
3047,Line11,TimeXer,7,6.261,0.02308,0.11052,0.17403,0.03999,0.0021,0.00031
3047,Line11,TimeXer,14,5.10074,0.02299,0.10927,0.17781,0.03179,0.00177,0.00026
3047,Line11,TimeXer,28,5.74144,0.0245,0.11455,0.18688,0.03342,0.00209,0.00031
1234,LineS1,XGBoost,1,0.146249533,0.062685054,0.250369835,4.723959149,,,
1234,LineS1,XGBoost,7,0.140542507,0.564057095,0.647137582,12.39721464,,,
1234,LineS1,XGBoost,14,0.222307205,2.236622211,1.301843747,25.32531266,,,
1234,LineS1,XGBoost,28,0.214005709,2.376738321,1.30429841,25.12676,,,
5678,Line11,TimeXer,1,4.30957,0.01827,0.09331,0.15082,0.03623,0.00181,0.00027
5678,Line11,TimeXer,7,5.27638,0.0235,0.10851,0.17675,0.04535,0.00239,0.00035
5678,Line11,TimeXer,14,5.65648,0.02307,0.11195,0.17784,0.03144,0.00175,0.00026
5678,Line11,TimeXer,28,4.82673,0.0197,0.10127,0.16001,0.03122,0.00195,0.00029
9012,Line11,TimeXer,1,5.05196,0.01636,0.09327,0.14704,0.04742,0.00237,0.00035
9012,Line11,TimeXer,7,5.85586,0.0236,0.11063,0.17385,0.03584,0.00189,0.00028
9012,Line11,TimeXer,14,6.20311,0.02233,0.10972,0.17365,0.03018,0.00168,0.00025
9012,Line11,TimeXer,28,5.33986,0.02228,0.10949,0.17287,0.02622,0.00164,0.00024
3456,Line11,TimeXer,1,4.05463,0.01794,0.09317,0.15215,0.03751,0.00188,0.00028
3456,Line11,TimeXer,7,6.37827,0.02325,0.11138,0.17526,0.04083,0.00215,0.00031
3456,Line11,TimeXer,14,5.02265,0.02193,0.10623,0.17214,0.03719,0.00207,0.0003
3456,Line11,TimeXer,28,4.69246,0.02186,0.10761,0.17204,0.02382,0.00149,0.00022
3047,Line11,TimeMixer,1,4.69862,0.01962,0.10632,0.16705,0.02465,0.00123,0.00018
3047,Line11,TimeMixer,7,3.51972,0.02171,0.10564,0.16896,0.02819,0.00148,0.00022
3047,Line11,TimeMixer,14,3.2717,0.02045,0.09947,0.16243,0.02271,0.00126,0.00018
3047,Line11,TimeMixer,28,3.28327,0.02107,0.10333,0.16618,0.02561,0.0016,0.00023
3047,Line11,SCINet,1,34.21951,0.03199,0.13888,0.21834,0.1973,0.00987,0.00145
3047,Line11,SCINet,7,21.84934,0.02597,0.1231,0.1928,0.17177,0.00904,0.00132
3047,Line11,SCINet,14,31.99738,0.02655,0.12501,0.19352,0.15802,0.00878,0.00128
3047,Line11,SCINet,28,33.75682,0.0273,0.1278,0.19769,0.21207,0.01325,0.00195
3047,Line11,SegRNN,1,3.91243,0.01528,0.08541,0.13301,0.01978,0.00099,0.00015
3047,Line11,SegRNN,7,3.94621,0.01871,0.09415,0.1498,0.01867,0.00098,0.00014
3047,Line11,SegRNN,14,3.92821,0.03562,0.13442,0.20977,0.01717,0.00095,0.00014
3047,Line11,SegRNN,28,3.53396,0.03892,0.14133,0.22,0.01507,0.00094,0.00014
1234,LineSD,XGBoost,1,0.132721663,4.57969E-05,0.00676734,0.291695677,,,
1234,LineSD,XGBoost,7,0.166507483,0.008570561,0.073889453,3.255293973,,,
1234,LineSD,XGBoost,14,0.263720036,0.040763465,0.167780019,7.117067448,,,
1234,LineSD,XGBoost,28,0.267194033,0.023571483,0.124645494,5.14708174,,,
1234,LineT1,XGBoost,1,0.156388998,5.98405E-05,0.007735663,3.683649074,,,
1234,LineT1,XGBoost,7,0.14510417,0.000154568,0.010102262,5.786454014,,,
1234,LineT1,XGBoost,14,0.229324102,0.000326597,0.014824842,8.371298016,,,
1234,LineT1,XGBoost,28,0.219294071,0.000452912,0.015622062,7.720715979,,,
1234,LineXJ,XGBoost,1,0.175596714,0.003610564,0.060087972,3.827259343,,,
1234,LineXJ,XGBoost,7,0.194463491,0.008019922,0.079083877,4.785115817,,,
1234,LineXJ,XGBoost,14,0.317181349,0.047469322,0.14011906,8.282740112,,,
1234,LineXJ,XGBoost,28,0.2676332,0.567697835,0.627438963,38.10579301,,,
1234,LineYF,XGBoost,1,0.198712587,0.040362194,0.200903444,6.764425734,,,
1234,LineYF,XGBoost,7,0.176520586,0.06115704,0.234124376,8.598857984,,,
1234,LineYF,XGBoost,14,0.235708952,0.261000495,0.437172332,14.97775903,,,
1234,LineYF,XGBoost,28,0.232298136,0.136278062,0.319347994,11.23842968,,,
1234,LineYZ,XGBoost,1,0.144536257,0.46893374,0.684787369,3.316161592,,,
1234,LineYZ,XGBoost,7,0.191431046,1.954260299,1.27582234,6.640233047,,,
1234,LineYZ,XGBoost,14,0.289691925,15.71903278,3.449973967,16.99284992,,,
1234,LineYZ,XGBoost,28,0.239325047,5.575095029,1.795835878,9.049793059,,,
1234,Line1,TimeXer,1,6.34183,67.34338,5.53983,0.06995,0.04427,0.00221,0.00033
1234,Line1,TimeXer,7,5.35773,102.67209,6.88151,0.08871,0.0344,0.00181,0.00026
1234,Line1,TimeXer,14,5.07161,189.62917,9.77958,0.12461,0.03726,0.00207,0.0003
1234,Line1,TimeXer,28,5.98744,161.11589,8.81772,0.1157,0.03684,0.0023,0.00034
1234,Line10,TimeXer,1,6.13677,293.94732,10.21681,0.07668,0.04022,0.00201,0.0003
1234,Line10,TimeXer,7,6.4051,440.29946,14.01533,0.10812,0.03929,0.00207,0.0003
1234,Line10,TimeXer,14,5.85454,503.62891,14.71519,0.11377,0.03127,0.00174,0.00025
1234,Line10,TimeXer,28,6.01353,525.96621,14.74111,0.11566,0.03236,0.00202,0.0003
5678,Line11,TimeMixer,1,4.70667,0.01811,0.1005,0.15919,0.0248,0.00124,0.00018
5678,Line11,TimeMixer,7,3.4213,0.02094,0.10334,0.16626,0.02977,0.00157,0.00023
5678,Line11,TimeMixer,14,3.21076,0.02089,0.10229,0.1656,0.02672,0.00148,0.00022
5678,Line11,TimeMixer,28,3.23025,0.02013,0.10048,0.16224,0.02217,0.00139,0.0002
5678,Line11,SCINet,1,33.38933,0.0178,0.09721,0.15088,0.27105,0.01355,0.00199
5678,Line11,SCINet,7,32.82233,0.02847,0.12869,0.20116,0.16208,0.00853,0.00125
5678,Line11,SCINet,14,28.26425,0.02904,0.12991,0.20298,0.16175,0.00899,0.00132
5678,Line11,SCINet,28,21.84324,0.02792,0.12775,0.19932,0.15678,0.0098,0.00144
5678,Line11,SegRNN,1,4.08986,0.01527,0.08604,0.13544,0.01713,0.00086,0.00013
5678,Line11,SegRNN,7,3.70924,0.01894,0.09494,0.15149,0.01723,0.00091,0.00013
5678,Line11,SegRNN,14,3.95816,0.03543,0.13378,0.20935,0.016,0.00089,0.00013
5678,Line11,SegRNN,28,3.8363,0.03896,0.14144,0.22008,0.01723,0.00108,0.00016
9012,Line11,TimeMixer,1,4.68755,0.01859,0.09953,0.15864,0.02625,0.00131,0.00019
9012,Line11,TimeMixer,7,3.47129,0.0205,0.10136,0.16324,0.03232,0.0017,0.00025
9012,Line11,TimeMixer,14,3.20321,0.02059,0.10113,0.16337,0.0222,0.00123,0.00018
9012,Line11,TimeMixer,28,3.25328,0.02065,0.10225,0.16551,0.02423,0.00151,0.00022
9012,Line11,SCINet,1,32.24406,0.02472,0.12243,0.19111,0.2828,0.01414,0.00208
9012,Line11,SCINet,7,26.24743,0.02582,0.12219,0.18907,0.28591,0.01505,0.0022
9012,Line11,SCINet,14,33.7411,0.02742,0.12476,0.19565,0.27358,0.0152,0.00222
9012,Line11,SCINet,28,32.14208,0.03267,0.1387,0.21413,0.2477,0.01548,0.00227
9012,Line11,SegRNN,1,4.15132,0.01491,0.0844,0.12994,0.0185,0.00093,0.00014
9012,Line11,SegRNN,7,4.05388,0.01879,0.09384,0.14905,0.01809,0.00095,0.00014
9012,Line11,SegRNN,14,3.83676,0.03578,0.13533,0.21197,0.01607,0.00089,0.00013
9012,Line11,SegRNN,28,3.74601,0.03879,0.14084,0.21933,0.01614,0.00101,0.00015
3456,Line11,TimeMixer,1,4.03803,0.01947,0.09978,0.16011,0.03006,0.0015,0.00022
3456,Line11,TimeMixer,7,3.16638,0.0212,0.10444,0.16669,0.02177,0.00115,0.00017
3456,Line11,TimeMixer,14,2.83506,0.02025,0.09984,0.16243,0.0232,0.00129,0.00019
3456,Line11,TimeMixer,28,2.7253,0.02014,0.09982,0.16135,0.02373,0.00148,0.00022
3456,Line11,SCINet,1,34.18644,0.02625,0.11931,0.17949,0.2678,0.01339,0.00197
3456,Line11,SCINet,7,33.84957,0.02754,0.12513,0.19426,0.25728,0.01354,0.00198
3456,Line11,SCINet,14,24.08636,0.02463,0.11759,0.18417,0.17913,0.00995,0.00146
3456,Line11,SCINet,28,20.54773,0.02621,0.12338,0.19193,0.19922,0.01245,0.00183
3456,Line11,SegRNN,1,3.71641,0.01553,0.08871,0.13911,0.01704,0.00085,0.00013
3456,Line11,SegRNN,7,3.99993,0.01813,0.09263,0.14688,0.01809,0.00095,0.00014
3456,Line11,SegRNN,14,3.89986,0.03551,0.13376,0.20919,0.018,0.001,0.00015
3456,Line11,SegRNN,28,3.66657,0.03897,0.14172,0.22057,0.01662,0.00104,0.00015
1234,Line11,SARIMAX,1,2.804574251,0.0081,0.090011988,12.5017,,,
1234,Line11,SARIMAX,7,2.753933668,0.0865,0.215838431,22.3874,,,
1234,Line11,SARIMAX,14,2.766988993,0.0483,0.150221454,18.2884,,,
1234,Line11,SARIMAX,28,2.812590122,0.0287,0.115150666,15.5869,,,
1234,Line11,TimeXer,1,6.25417,0.01733,0.0987,0.15128,0.03334,0.00167,0.00025
1234,Line11,TimeXer,7,5.26835,0.02221,0.11129,0.17392,0.03081,0.00162,0.00024
1234,Line11,TimeXer,14,4.16634,0.02034,0.10235,0.16562,0.03105,0.00172,0.00025
1234,Line11,TimeXer,28,4.75831,0.02137,0.10511,0.16851,0.03012,0.00188,0.00028
3047,Line13,XGBoost,1,0.148049593,3.256662359,1.804622498,3.510255782,,,
3047,Line13,XGBoost,7,0.155566454,10.17994419,3.112116111,7.938537784,,,
3047,Line13,XGBoost,14,0.231282949,113.1042006,9.646950705,20.41746088,,,
3047,Line13,XGBoost,28,0.221651077,15.40982219,3.631290864,9.389090487,,,
3456,Line13,XGBoost,1,0.169249296,3.195272988,1.787532654,3.477013526,,,
3456,Line13,XGBoost,7,0.146136045,9.4186386,2.854363556,7.805784241,,,
3456,Line13,XGBoost,14,0.226649046,147.3295652,10.9737016,23.12537426,,,
3456,Line13,XGBoost,28,0.221634388,15.62361966,3.717082928,9.709176769,,,
5678,Line13,XGBoost,1,0.157042742,3.877087549,1.969032135,3.830056672,,,
5678,Line13,XGBoost,7,0.17746973,10.50887337,3.01273044,8.115253381,,,
5678,Line13,XGBoost,14,0.259603262,145.9283326,10.69994312,22.17283897,,,
5678,Line13,XGBoost,28,0.230283022,12.41892547,3.237731544,8.542295721,,,
9012,Line13,XGBoost,1,0.155994892,0.675643814,0.821975555,1.598863169,,,
9012,Line13,XGBoost,7,0.137243271,12.87296463,3.417585351,8.753221254,,,
9012,Line13,XGBoost,14,0.24243927,141.2745879,10.79989772,22.975393,,,
9012,Line13,XGBoost,28,0.237537861,13.77780717,3.321890714,9.038704261,,,
3047,Line13,TimeXer,1,5.37287,35.36977,3.46793,0.09306,0.03318,0.00166,0.00024
3047,Line13,TimeXer,7,5.32457,57.36928,4.98638,0.14031,0.03335,0.00176,0.00026
3047,Line13,TimeXer,14,5.43801,62.19562,4.99672,0.1472,0.03637,0.00202,0.0003
3047,Line13,TimeXer,28,5.67405,64.70743,5.11913,0.15175,0.03237,0.00202,0.0003
1234,Line13,TimeXer,1,6.64898,38.35141,3.54456,0.09709,0.04035,0.00202,0.0003
1234,Line13,TimeXer,7,5.53051,63.22927,5.15994,0.15164,0.02924,0.00154,0.00022
1234,Line13,TimeXer,14,6.27775,61.44136,4.98262,0.14574,0.04235,0.00235,0.00034
1234,Line13,TimeXer,28,5.65039,63.29705,5.17978,0.15036,0.03583,0.00224,0.00033
5678,Line13,TimeXer,1,6.6326,32.60407,3.52266,0.09912,0.03393,0.0017,0.00025
5678,Line13,TimeXer,7,6.53378,55.57852,4.92167,0.13747,0.03944,0.00208,0.0003
5678,Line13,TimeXer,14,6.12817,62.29495,5.11593,0.15214,0.02716,0.00151,0.00022
5678,Line13,TimeXer,28,6.12215,75.60292,5.81084,0.16447,0.02776,0.00174,0.00025
9012,Line13,TimeXer,1,6.67237,34.63544,3.67228,0.09661,0.03832,0.00192,0.00028
9012,Line13,TimeXer,7,6.5364,53.81595,4.70163,0.1359,0.03936,0.00207,0.0003
9012,Line13,TimeXer,14,5.12374,60.30187,4.92215,0.14484,0.02914,0.00162,0.00024
9012,Line13,TimeXer,28,5.04427,66.50555,5.33966,0.1569,0.03198,0.002,0.00029
3456,Line13,TimeXer,1,5.36354,39.29752,3.86066,0.10569,0.03173,0.00159,0.00023
3456,Line13,TimeXer,7,5.34647,53.26618,4.56609,0.13327,0.0333,0.00175,0.00026
3456,Line13,TimeXer,14,6.36705,61.63712,4.94474,0.14574,0.03993,0.00222,0.00032
3456,Line13,TimeXer,28,5.78619,66.83641,5.32822,0.1542,0.02324,0.00145,0.00021
3047,Line13,TimeMixer,1,4.53734,64.6551,5.93196,0.16118,0.02324,0.00116,0.00017
3047,Line13,TimeMixer,7,4.86705,76.67149,6.1818,0.17078,0.02557,0.00135,0.0002
3047,Line13,TimeMixer,14,4.02687,69.76346,5.73938,0.16122,0.02223,0.00124,0.00018
3047,Line13,TimeMixer,28,3.76364,71.96876,5.78348,0.16615,0.02017,0.00126,0.00019
3047,Line13,SCINet,1,33.26266,26.58815,3.14079,0.08585,0.28269,0.01413,0.00208
3047,Line13,SCINet,7,35.67979,58.69467,4.88881,0.13939,0.28812,0.01516,0.00222
3047,Line13,SCINet,14,32.15521,64.44516,5.2326,0.14801,0.18241,0.01013,0.00148
3047,Line13,SCINet,28,27.43954,71.37374,5.60433,0.15928,0.16298,0.01019,0.0015
3047,Line13,SegRNN,7,3.49964,46.91582,3.96258,0.11412,0.017,0.00089,0.00013
3047,Line13,SegRNN,14,3.5094,265.027,11.93576,0.33567,0.01812,0.00101,0.00015
3047,Line13,SegRNN,28,3.728,262.99405,11.78531,0.33265,0.01622,0.00101,0.00015
1234,Line14,TimeXer,1,6.63429,62.83096,4.55044,0.06904,0.0422,0.00211,0.00031
1234,Line14,TimeXer,7,6.40192,87.23141,5.96797,0.09317,0.04193,0.00221,0.00032
1234,Line14,TimeXer,14,5.98977,104.30365,6.67278,0.1066,0.03013,0.00167,0.00024
1234,Line14,TimeXer,28,4.64555,104.92921,6.78995,0.10535,0.02674,0.00167,0.00025
1234,Line15,TimeXer,1,4.91269,19.25374,2.66695,0.09295,0.0368,0.00184,0.00027
1234,Line15,TimeXer,7,6.54837,26.76026,3.3051,0.11931,0.03267,0.00172,0.00025
1234,Line15,TimeXer,14,6.39873,29.61518,3.59123,0.13169,0.03423,0.0019,0.00028
1234,Line15,TimeXer,28,6.12052,32.66364,3.81761,0.13781,0.03431,0.00214,0.00031
1234,Line16,TimeXer,1,6.26434,11.14217,1.91232,0.07928,0.03131,0.00157,0.00023
1234,Line16,TimeXer,7,6.32264,16.14934,2.66372,0.11344,0.0358,0.00188,0.00028
1234,Line16,TimeXer,14,6.37125,17.56425,2.67567,0.11555,0.03822,0.00212,0.00031
1234,Line16,TimeXer,28,6.07362,19.49913,2.8035,0.12254,0.03273,0.00205,0.0003
1234,Line17,TimeXer,1,5.22109,2.35074,1.01096,0.09223,0.03026,0.00151,0.00022
1234,Line17,TimeXer,7,5.08563,3.20378,1.14449,0.10983,0.03172,0.00167,0.00024
1234,Line17,TimeXer,14,5.24575,4.08321,1.27518,0.12567,0.03161,0.00176,0.00026
1234,Line17,TimeXer,28,6.02977,5.2376,1.46975,0.14679,0.03133,0.00196,0.00029
1234,Line19,TimeXer,1,6.65311,5.64391,1.3979,0.09573,0.04494,0.00225,0.00033
1234,Line19,TimeXer,7,6.44632,7.76119,1.81244,0.12805,0.03021,0.00159,0.00023
1234,Line19,TimeXer,14,6.23887,8.46772,1.86184,0.13576,0.04045,0.00225,0.00033
1234,Line19,TimeXer,28,5.57091,9.85625,2.06408,0.14654,0.0294,0.00184,0.00027
1234,Line2,TimeXer,1,6.55186,49.23114,4.41381,0.08405,0.04081,0.00204,0.0003
1234,Line2,TimeXer,7,6.48664,65.63171,5.41211,0.10537,0.0334,0.00176,0.00026
1234,Line2,TimeXer,14,5.0664,101.77805,6.95252,0.1337,0.03075,0.00171,0.00025
1234,Line2,TimeXer,28,5.70257,88.75896,6.44054,0.12532,0.02722,0.0017,0.00025
1234,Line4,TimeXer,1,3.83437,60.16199,5.81101,0.06576,0.03181,0.00159,0.00023
1234,Line4,TimeXer,7,5.39478,55.53528,5.30717,0.0604,0.03418,0.0018,0.00026
1234,Line4,TimeXer,14,4.48931,95.38207,7.38354,0.08471,0.03188,0.00177,0.00026
1234,Line4,TimeXer,28,5.75889,94.3004,7.4317,0.08593,0.02774,0.00173,0.00025
5678,Line13,TimeMixer,1,4.28113,54.06596,4.81148,0.13526,0.02215,0.00111,0.00016
5678,Line13,TimeMixer,7,4.3114,66.22535,5.60677,0.15741,0.02422,0.00127,0.00019
5678,Line13,TimeMixer,14,4.1284,79.36214,6.70313,0.19269,0.02276,0.00126,0.00019
5678,Line13,TimeMixer,28,4.47946,85.95372,7.0156,0.20646,0.02063,0.00129,0.00019
5678,Line13,SCINet,1,35.44441,27.64562,3.43641,0.09442,0.29965,0.01498,0.0022
5678,Line13,SCINet,7,32.42703,54.38685,4.7229,0.13249,0.28771,0.01514,0.00221
5678,Line13,SCINet,14,23.5275,64.20926,5.3514,0.15065,0.26551,0.01475,0.00216
5678,Line13,SCINet,28,31.47664,71.13518,5.57085,0.1599,0.22627,0.01414,0.00208
5678,Line13,SegRNN,1,3.52887,32.49261,3.01488,0.08325,0.01702,0.00085,0.00013
5678,Line13,SegRNN,7,3.51158,47.53183,4.00073,0.11546,0.012,0.00063,0.00009
5678,Line13,SegRNN,14,3.42194,257.11942,11.61565,0.32712,0.01812,0.00101,0.00015
5678,Line13,SegRNN,28,3.68804,265.50092,11.88066,0.33551,0.01619,0.00101,0.00015
9012,Line13,TimeMixer,1,4.85649,57.76851,5.6658,0.1603,0.02371,0.00119,0.00017
9012,Line13,TimeMixer,7,4.94558,72.38506,6.14909,0.17182,0.02659,0.0014,0.0002
9012,Line13,TimeMixer,14,4.77905,76.24608,6.2374,0.17523,0.02171,0.00121,0.00018
9012,Line13,TimeMixer,28,4.61224,84.7001,6.57572,0.18364,0.01717,0.00107,0.00016
9012,Line13,SCINet,1,25.10921,39.61431,3.96454,0.10893,0.19653,0.00983,0.00145
9012,Line13,SCINet,7,32.98441,55.58402,4.89675,0.13751,0.26223,0.0138,0.00202
9012,Line13,SCINet,14,31.95262,65.96999,5.36698,0.15409,0.2327,0.01293,0.00189
9012,Line13,SCINet,28,32.71476,72.1686,5.53468,0.15925,0.22618,0.01414,0.00208
9012,Line13,SegRNN,1,3.99172,32.06754,2.9678,0.08062,0.01617,0.00081,0.00012
9012,Line13,SegRNN,7,4.0504,49.57987,4.05476,0.11736,0.01931,0.00102,0.00015
9012,Line13,SegRNN,14,3.93589,259.3774,11.738,0.33011,0.01614,0.0009,0.00013
9012,Line13,SegRNN,28,3.3624,263.91272,11.76327,0.33212,0.0141,0.00088,0.00013
3456,Line13,TimeMixer,1,4.83301,53.12176,5.22875,0.14236,0.0272,0.00136,0.0002
3456,Line13,TimeMixer,7,4.68864,80.96053,6.96603,0.1942,0.02524,0.00133,0.00019
3456,Line13,TimeMixer,14,4.59953,80.05702,6.32192,0.17789,0.02573,0.00143,0.00021
3456,Line13,TimeMixer,28,4.68701,88.86255,6.86208,0.19706,0.02118,0.00132,0.00019
3456,Line13,SCINet,1,35.05796,27.75094,3.54281,0.09648,0.27598,0.0138,0.00203
3456,Line13,SCINet,7,31.63567,53.61553,4.78196,0.13554,0.30039,0.01581,0.00231
3456,Line13,SCINet,14,23.79267,64.69827,5.38587,0.1524,0.16391,0.00911,0.00133
3456,Line13,SCINet,28,33.86824,72.806,5.64443,0.16189,0.24205,0.01513,0.00222
3456,Line13,SegRNN,1,4.12444,31.71757,2.93314,0.07944,0.01632,0.00082,0.00012
3456,Line13,SegRNN,7,3.36601,47.05776,3.95723,0.114,0.0169,0.00089,0.00013
3456,Line13,SegRNN,14,3.45485,262.95712,11.76609,0.33023,0.01809,0.00101,0.00015
3456,Line13,SegRNN,28,3.25375,264.12744,11.80589,0.33246,0.0164,0.00102,0.00015
3047,Line13,SegRNN,1,4.05322,32.21845,3.10722,0.08475,0.02013,0.00101,0.00015
1234,Line13,SARIMAX,1,12.7165091,0.0086,0.092750224,0.1804,,,
1234,Line13,SARIMAX,7,12.81962848,0.4273,0.49174701,1.2291,,,
1234,Line13,SARIMAX,14,12.78164291,0.4494,0.480121174,1.1873,,,
1234,Line13,SARIMAX,28,12.7213552,0.3596,0.442762966,1.0588,,,
1234,Line5,TimeXer,1,4.69317,66.34059,5.22852,0.08413,0.04221,0.00211,0.00031
1234,Line5,TimeXer,7,6.37987,78.25506,5.89006,0.09529,0.036,0.00189,0.00028
1234,Line5,TimeXer,14,6.32732,92.62007,6.65924,0.10761,0.03727,0.00207,0.0003
1234,Line5,TimeXer,28,5.6669,95.8391,6.53206,0.10591,0.02613,0.00163,0.00024
3047,Line14,XGBoost,1,0.173668385,0.071013434,0.266483459,0.315029506,,,
3047,Line14,XGBoost,7,0.15653491,147.8468313,9.455656869,11.22809086,,,
3047,Line14,XGBoost,14,0.247027159,319.6889313,15.41194178,18.52342013,,,
3047,Line14,XGBoost,28,0.240782976,372.9121039,16.78864675,20.23705009,,,
3456,Line14,XGBoost,1,0.140129566,1.036840148,1.018253479,1.203751601,,,
3456,Line14,XGBoost,7,0.161288261,158.1587204,9.801617759,11.82854716,,,
3456,Line14,XGBoost,14,0.234300613,277.552662,14.37360112,17.28967186,,,
3456,Line14,XGBoost,28,0.214294434,342.5648944,16.21148852,19.65579006,,,
5678,Line14,XGBoost,1,0.157562017,0.233744275,0.483471069,0.571546364,,,
5678,Line14,XGBoost,7,0.148570061,170.8937907,10.25349917,12.27614557,,,
5678,Line14,XGBoost,14,0.23882556,380.21406,16.73866138,20.08174399,,,
5678,Line14,XGBoost,28,0.223326445,357.0579485,16.5084665,19.97749746,,,
9012,Line14,XGBoost,1,0.140492201,0.066245284,0.257381592,0.304269526,,,
9012,Line14,XGBoost,7,0.155337572,157.2704051,9.933901651,12.03358932,,,
9012,Line14,XGBoost,14,0.224326611,364.0002459,16.38846754,19.64002935,,,
9012,Line14,XGBoost,28,0.22427702,344.4159286,16.27444744,19.75102378,,,
3047,Line14,TimeXer,1,6.2165,58.79735,4.68971,0.07185,0.03734,0.00187,0.00027
3047,Line14,TimeXer,7,5.92509,88.78671,6.19445,0.09999,0.03319,0.00175,0.00026
3047,Line14,TimeXer,14,6.14063,102.15972,6.44096,0.10374,0.04245,0.00236,0.00035
3047,Line14,TimeXer,28,5.74678,104.29952,6.57952,0.10433,0.0338,0.00211,0.00031
1234,Line6,TimeXer,1,6.20479,98.47428,6.57746,0.08668,0.03728,0.00186,0.00027
1234,Line6,TimeXer,7,6.35759,129.39756,7.67144,0.10238,0.03683,0.00194,0.00028
1234,Line6,TimeXer,14,5.19139,143.65266,8.08905,0.10909,0.03312,0.00184,0.00027
1234,Line6,TimeXer,28,4.95441,154.0349,8.65818,0.11243,0.03168,0.00198,0.00029
5678,Line14,TimeXer,1,6.55367,57.65283,4.74818,0.0727,0.03687,0.00184,0.00027
5678,Line14,TimeXer,7,5.06268,89.57913,6.12976,0.09818,0.0302,0.00159,0.00023
5678,Line14,TimeXer,14,4.90679,97.90781,6.39309,0.10342,0.02675,0.00149,0.00022
5678,Line14,TimeXer,28,5.99684,108.10353,6.67701,0.10628,0.03338,0.00209,0.00031
9012,Line14,TimeXer,1,5.53098,55.68889,4.64043,0.07042,0.03798,0.0019,0.00028
9012,Line14,TimeXer,7,6.44401,84.28002,5.78245,0.09053,0.03545,0.00187,0.00027
9012,Line14,TimeXer,14,6.29876,99.93287,6.54022,0.10253,0.03568,0.00198,0.00029
9012,Line14,TimeXer,28,6.00411,100.03434,6.70315,0.10408,0.02611,0.00163,0.00024
3456,Line14,TimeXer,1,6.28101,72.68495,5.33504,0.08155,0.03626,0.00181,0.00027
3456,Line14,TimeXer,7,6.43287,95.56624,6.33678,0.10106,0.04352,0.00229,0.00033
3456,Line14,TimeXer,14,5.54513,122.79934,7.44876,0.12125,0.03326,0.00185,0.00027
3456,Line14,TimeXer,28,5.95825,106.0478,6.71131,0.10572,0.0333,0.00208,0.00031
3047,Line14,TimeMixer,1,3.78714,107.48689,7.68742,0.11536,0.02322,0.00116,0.00017
3047,Line14,TimeMixer,7,4.88372,124.37226,8.00623,0.12155,0.02614,0.00138,0.0002
3047,Line14,TimeMixer,14,4.86721,105.61035,6.91939,0.1071,0.02615,0.00145,0.00021
3047,Line14,TimeMixer,28,4.69363,121.78353,7.80937,0.12181,0.01914,0.0012,0.00018
3047,Line14,SCINet,1,33.29592,47.70049,4.50613,0.06771,0.28555,0.01428,0.0021
3047,Line14,SCINet,7,36.38719,94.72828,6.464,0.0993,0.2745,0.01445,0.00211
3047,Line14,SCINet,14,34.17116,102.15545,6.80497,0.10484,0.27048,0.01503,0.0022
3047,Line14,SCINet,28,32.64673,115.15702,7.24891,0.1119,0.23249,0.01453,0.00213
3047,Line14,SegRNN,1,4.12357,54.36122,4.04364,0.06089,0.01813,0.00091,0.00013
3047,Line14,SegRNN,7,4.05852,73.88473,5.08013,0.07887,0.01717,0.0009,0.00013
3047,Line14,SegRNN,14,3.97748,428.69644,15.24768,0.2334,0.0171,0.00095,0.00014
3047,Line14,SegRNN,28,3.75764,428.93356,15.32567,0.23546,0.01707,0.00107,0.00016
1234,Line7,TimeXer,1,6.46482,16.76613,2.70211,0.05897,0.04431,0.00222,0.00033
1234,Line7,TimeXer,7,6.11868,22.52755,3.24834,0.07255,0.03324,0.00175,0.00026
1234,Line7,TimeXer,14,5.09211,39.16814,4.52607,0.10044,0.03626,0.00201,0.00029
1234,Line7,TimeXer,28,5.661,30.59672,3.8764,0.08638,0.03134,0.00196,0.00029
1234,Line8,TimeXer,1,6.66809,21.34105,3.33046,0.05659,0.0453,0.00226,0.00033
1234,Line8,TimeXer,7,6.52472,32.18459,4.21996,0.07138,0.04149,0.00218,0.00032
1234,Line8,TimeXer,28,4.92415,52.25494,5.48525,0.09484,0.02805,0.00175,0.00026
1234,Line9,TimeXer,1,5.4411,21.75077,2.84195,0.08679,0.03619,0.00181,0.00027
1234,Line9,TimeXer,7,5.59336,28.89307,3.47457,0.10869,0.0369,0.00194,0.00028
1234,Line9,TimeXer,14,6.32227,35.46171,4.0144,0.12599,0.03573,0.00199,0.00029
1234,Line9,TimeXer,28,6.13733,34.79154,3.87864,0.11989,0.03044,0.0019,0.00028
1234,LineCP,TimeXer,1,5.84011,14.00875,2.10433,0.07353,0.03485,0.00174,0.00026
1234,LineCP,TimeXer,7,6.54184,21.31469,2.84308,0.10136,0.03938,0.00207,0.0003
1234,LineCP,TimeXer,14,5.04062,27.29354,3.28274,0.12236,0.02923,0.00162,0.00024
1234,LineCP,TimeXer,28,6.09497,27.20903,3.41492,0.12295,0.03323,0.00208,0.0003
1234,LineDX,TimeXer,1,5.08502,0.09837,0.20634,0.04722,0.03025,0.00151,0.00022
1234,LineDX,TimeXer,7,5.27989,0.14585,0.265,0.05953,0.03185,0.00168,0.00024
1234,LineDX,TimeXer,14,5.0984,0.20887,0.32923,0.0732,0.03351,0.00186,0.00027
1234,LineDX,TimeXer,28,4.2256,0.28958,0.40569,0.09024,0.03239,0.00202,0.0003
1234,LineFS,TimeXer,1,6.57203,9.32442,1.863,0.08927,0.03643,0.00182,0.00027
1234,LineFS,TimeXer,7,6.6093,11.77534,2.11924,0.10803,0.03832,0.00202,0.00029
1234,LineFS,TimeXer,14,5.2707,12.98666,2.22793,0.11307,0.02915,0.00162,0.00024
1234,LineFS,TimeXer,28,5.10407,14.94759,2.41707,0.12417,0.0282,0.00176,0.00026
1234,LineS1,TimeXer,1,6.66452,0.29527,0.30593,0.07934,0.03634,0.00182,0.00027
1234,LineS1,TimeXer,7,5.6917,0.53365,0.47064,0.1278,0.03933,0.00207,0.0003
1234,LineS1,TimeXer,14,6.31715,0.53894,0.47447,0.13226,0.0354,0.00197,0.00029
1234,LineS1,TimeXer,28,6.03657,0.57499,0.48019,0.1352,0.0358,0.00224,0.00033
1234,LineSD,TimeXer,1,6.40507,0.04608,0.15338,0.0612,0.04437,0.00222,0.00033
5678,Line14,TimeMixer,1,4.71023,88.36463,6.24215,0.09558,0.02414,0.00121,0.00018
5678,Line14,TimeMixer,7,5.04639,112.94743,7.47107,0.11395,0.02426,0.00128,0.00019
5678,Line14,TimeMixer,14,4.62372,130.02975,8.65265,0.13526,0.02622,0.00146,0.00021
5678,Line14,TimeMixer,28,4.31516,148.52393,9.43482,0.14772,0.02825,0.00177,0.00026
5678,Line14,SCINet,1,35.84318,47.30222,4.5828,0.06974,0.24646,0.01232,0.00181
5678,Line14,SCINet,7,24.45708,89.54155,6.35592,0.09647,0.16783,0.00883,0.00129
5678,Line14,SCINet,28,32.77769,114.3535,7.21187,0.11194,0.22982,0.01436,0.00211
5678,Line14,SegRNN,1,4.02451,55.7619,4.26235,0.06547,0.01626,0.00081,0.00012
5678,Line14,SegRNN,7,3.9012,76.44845,5.10691,0.07963,0.018,0.00095,0.00014
5678,Line14,SegRNN,14,3.99906,419.39172,15.05392,0.23113,0.01442,0.0008,0.00012
5678,Line14,SegRNN,28,3.81303,432.93317,15.43026,0.23718,0.01816,0.00114,0.00017
9012,Line14,TimeMixer,1,4.53383,92.30387,6.90907,0.10497,0.02533,0.00127,0.00019
9012,Line14,TimeMixer,7,4.2366,118.60172,8.00407,0.12145,0.01912,0.00101,0.00015
9012,Line14,TimeMixer,14,4.00882,124.30948,8.08201,0.1232,0.02211,0.00123,0.00018
9012,Line14,TimeMixer,28,3.79123,139.54916,8.60127,0.13037,0.02107,0.00132,0.00019
9012,Line14,SCINet,1,30.51637,63.61228,5.19386,0.07825,0.3013,0.01507,0.00222
9012,Line14,SCINet,7,36.26704,90.40414,6.33049,0.09698,0.17846,0.00939,0.00137
9012,Line14,SCINet,14,30.28585,107.19572,7.15348,0.11037,0.25818,0.01434,0.0021
9012,Line14,SCINet,28,32.81835,115.39781,7.21706,0.11236,0.23043,0.0144,0.00211
9012,Line14,SegRNN,1,3.556,55.17983,3.93967,0.05993,0.01803,0.0009,0.00013
9012,Line14,SegRNN,7,3.44864,76.49608,5.11008,0.07935,0.01716,0.0009,0.00013
9012,Line14,SegRNN,14,3.95884,421.799,15.15519,0.23264,0.01624,0.0009,0.00013
9012,Line14,SegRNN,28,3.81437,429.83792,15.29829,0.23512,0.01972,0.00123,0.00018
3456,Line14,TimeMixer,1,4.78831,84.54546,6.69714,0.10044,0.02163,0.00108,0.00016
3456,Line14,TimeMixer,7,4.98687,133.37204,9.01182,0.13684,0.02567,0.00135,0.0002
3456,Line14,TimeMixer,14,4.8078,130.07623,8.19796,0.12632,0.02217,0.00123,0.00018
3456,Line14,TimeMixer,28,4.64685,149.69644,9.05446,0.14131,0.02114,0.00132,0.00019
3456,Line14,SCINet,1,36.35157,48.98109,4.62714,0.0679,0.25179,0.01259,0.00185
3456,Line14,SCINet,7,24.12336,88.73143,6.31519,0.09673,0.19034,0.01002,0.00146
3456,Line14,SCINet,14,30.6271,106.11431,6.96683,0.10742,0.26285,0.0146,0.00214
3456,Line14,SCINet,28,29.34663,119.94547,7.4966,0.11579,0.16397,0.01025,0.0015
3456,Line14,SegRNN,1,4.11024,54.96831,3.87589,0.05826,0.01769,0.00088,0.00013
3456,Line14,SegRNN,7,3.94224,74.95493,5.0909,0.07895,0.01708,0.0009,0.00013
3456,Line14,SegRNN,14,3.96584,428.5109,15.25615,0.23364,0.01514,0.00084,0.00012
3456,Line14,SegRNN,28,3.77306,430.62863,15.36222,0.23562,0.01623,0.00101,0.00015
1234,Line14,SARIMAX,1,1.740972281,0.3103,0.557020226,0.6585,,,
1234,Line14,SARIMAX,7,1.722142935,0.4908,0.655309032,0.9317,,,
1234,Line14,SARIMAX,14,1.772548199,0.8022,0.816811324,1.1097,,,
1234,Line14,SARIMAX,28,1.729657412,1.1234,0.964811237,1.3159,,,
1234,LineSD,TimeXer,7,6.50635,0.05962,0.17808,0.07061,0.03745,0.00197,0.00029
1234,LineSD,TimeXer,14,5.732,0.06984,0.19562,0.07741,0.03718,0.00207,0.0003
1234,LineSD,TimeXer,28,4.62253,0.08578,0.22013,0.08766,0.02421,0.00151,0.00022
1234,LineT1,TimeXer,1,6.55866,0.00172,0.03545,0.33083,0.03449,0.00172,0.00025
3047,Line15,XGBoost,1,0.153733253,0.684749179,0.827495728,2.064095105,,,
3047,Line15,XGBoost,7,0.147524595,25.12123687,3.233759439,8.192189349,,,
3047,Line15,XGBoost,14,0.244252205,55.86803432,6.515636193,16.77949752,,,
3047,Line15,XGBoost,28,0.230076313,44.12195314,5.485857857,14.24222657,,,
3456,Line15,XGBoost,1,0.150512934,0.505405226,0.710918579,1.773306508,,,
3456,Line15,XGBoost,7,0.141104698,24.4422356,3.000583093,7.93515145,,,
3456,Line15,XGBoost,14,0.229253292,53.79553441,6.349429425,16.20133715,,,
3456,Line15,XGBoost,28,0.237846851,37.32883882,5.034412354,13.08810385,,,
5678,Line15,XGBoost,1,0.139109135,0.21985547,0.468887482,1.169587133,,,
5678,Line15,XGBoost,7,0.151071787,28.89753671,3.441515775,9.0087662,,,
5678,Line15,XGBoost,14,0.213825703,58.70104107,6.601097265,16.84853309,,,
5678,Line15,XGBoost,28,0.231649876,35.50659127,5.00512301,13.05564853,,,
9012,Line15,XGBoost,1,0.151536465,0.452426608,0.672626648,1.677791589,,,
9012,Line15,XGBoost,7,0.138119221,28.25337297,3.668752387,9.749929698,,,
9012,Line15,XGBoost,14,0.228319168,58.49839926,6.57816167,16.72509319,,,
9012,Line15,XGBoost,28,0.24424243,28.02258022,4.488843585,11.86978546,,,
3047,Line15,TimeXer,1,6.53947,21.85039,2.89166,0.09811,0.0368,0.00184,0.00027
3047,Line15,TimeXer,7,6.48911,27.13987,3.51197,0.12431,0.03121,0.00164,0.00024
3047,Line15,TimeXer,14,5.22048,30.5078,3.49502,0.12817,0.02824,0.00157,0.00023
3047,Line15,TimeXer,28,4.6354,31.46414,3.6904,0.13584,0.0251,0.00157,0.00023
1234,LineT1,TimeXer,7,6.43117,0.00209,0.03945,0.34652,0.03381,0.00178,0.00026
1234,LineT1,TimeXer,14,6.32795,0.00183,0.03599,0.34616,0.03884,0.00216,0.00032
1234,LineT1,TimeXer,28,6.09146,0.00205,0.03739,0.37916,0.03336,0.00208,0.00031
1234,LineXJ,TimeXer,1,6.64705,1.05134,0.61371,0.24934,0.03843,0.00192,0.00028
5678,Line15,TimeXer,1,6.77603,17.18165,2.48706,0.08623,0.03991,0.002,0.00029
5678,Line15,TimeXer,7,6.50123,26.93206,3.47028,0.12357,0.04155,0.00219,0.00032
5678,Line15,TimeXer,14,6.28098,30.48772,3.74984,0.13623,0.03879,0.00215,0.00032
5678,Line15,TimeXer,28,6.04327,34.58818,3.77403,0.1381,0.03128,0.00196,0.00029
9012,Line15,TimeXer,1,6.63215,15.81668,2.54387,0.08416,0.04487,0.00224,0.00033
9012,Line15,TimeXer,7,6.18392,24.90077,3.24512,0.11729,0.04253,0.00224,0.00033
9012,Line15,TimeXer,14,6.32815,29.57905,3.52693,0.13015,0.0403,0.00224,0.00033
9012,Line15,TimeXer,28,5.87933,32.1786,3.68478,0.13609,0.03235,0.00202,0.0003
3456,Line15,TimeXer,1,6.56622,20.18681,2.86181,0.09771,0.04426,0.00221,0.00033
3456,Line15,TimeXer,7,5.37024,26.63932,3.28588,0.11891,0.03124,0.00164,0.00024
3456,Line15,TimeXer,14,4.63376,34.80311,3.98851,0.14717,0.03171,0.00176,0.00026
3456,Line15,TimeXer,28,4.9169,32.85158,3.73551,0.13911,0.02608,0.00163,0.00024
3047,Line15,TimeMixer,1,4.55593,32.27955,4.28824,0.14574,0.02669,0.00133,0.0002
3047,Line15,TimeMixer,7,4.81227,37.88966,4.38973,0.15203,0.03229,0.0017,0.00025
3047,Line15,TimeMixer,14,4.93023,36.66256,4.37284,0.15269,0.02756,0.00153,0.00022
3047,Line15,TimeMixer,28,4.6204,37.77034,4.26757,0.15191,0.02307,0.00144,0.00021
3047,Line15,SCINet,1,36.0925,13.37188,2.33429,0.08017,0.19443,0.00972,0.00143
3047,Line15,SCINet,7,29.25852,28.12055,3.52372,0.12295,0.18806,0.0099,0.00145
3047,Line15,SCINet,14,32.43715,32.16669,3.81654,0.135,0.2536,0.01409,0.00206
3047,Line15,SCINet,28,34.24737,35.5716,4.0453,0.14357,0.23201,0.0145,0.00213
3047,Line15,SegRNN,1,4.16042,15.44144,2.10062,0.07252,0.01945,0.00097,0.00014
3047,Line15,SegRNN,7,4.03598,22.23991,2.77579,0.09877,0.01803,0.00095,0.00014
3047,Line15,SegRNN,14,3.71857,132.37166,8.3887,0.29264,0.01299,0.00072,0.00011
3047,Line15,SegRNN,28,3.32532,132.63136,8.46768,0.29699,0.01614,0.00101,0.00015
1234,LineXJ,TimeXer,7,5.65388,1.48273,0.74754,0.29344,0.03324,0.00175,0.00026
1234,LineXJ,TimeXer,14,4.84664,1.96981,0.88806,0.33914,0.02713,0.00151,0.00022
1234,LineXJ,TimeXer,28,5.0056,2.7895,1.04538,0.35852,0.03114,0.00195,0.00029
1234,LineYF,TimeXer,1,5.39538,0.09048,0.21067,0.08054,0.03302,0.00165,0.00024
1234,LineYF,TimeXer,7,5.28604,0.09152,0.21476,0.08213,0.03135,0.00165,0.00024
1234,LineYF,TimeXer,14,6.18771,0.10041,0.22707,0.08739,0.03534,0.00196,0.00029
1234,LineYF,TimeXer,28,6.12858,0.10827,0.23034,0.08665,0.0397,0.00248,0.00036
1234,LineYZ,TimeXer,1,6.56394,4.89805,1.34947,0.08864,0.03987,0.00199,0.00029
1234,LineYZ,TimeXer,7,5.83271,7.28006,1.75418,0.12093,0.03368,0.00177,0.00026
1234,LineYZ,TimeXer,14,5.68063,9.72889,2.06334,0.1504,0.03591,0.00199,0.00029
1234,LineYZ,TimeXer,28,6.13658,9.25371,2.02465,0.1392,0.03628,0.00227,0.00033
1234,Line8,TimeXer,14,5.20623,62.69642,6.2712,0.10867,0.03036,0.00169,0.00025
1234,Line1,TimeMixer,1,4.19279,110.39494,7.32735,0.09423,0.02225,0.00111,0.00016
1234,Line1,TimeMixer,7,4.93528,141.95145,8.51711,0.10981,0.02771,0.00146,0.00021
1234,Line1,TimeMixer,14,4.8615,161.05553,9.38315,0.1212,0.02219,0.00123,0.00018
1234,Line1,TimeMixer,28,4.44838,185.73697,10.15862,0.13011,0.01865,0.00117,0.00017
1234,Line10,TimeMixer,1,4.2086,446.98984,14.40707,0.111,0.02169,0.00108,0.00016
1234,Line10,TimeMixer,7,4.70818,568.4499,16.91517,0.13122,0.02369,0.00125,0.00018
1234,Line10,TimeMixer,14,4.57703,576.4936,17.16272,0.13312,0.02117,0.00118,0.00017
1234,Line10,TimeMixer,28,4.37273,672.03656,18.73309,0.1432,0.01829,0.00114,0.00017
1234,Line11,TimeMixer,1,3.88817,0.01797,0.09582,0.15162,0.02367,0.00118,0.00017
1234,Line11,TimeMixer,7,4.50528,0.02152,0.10509,0.1667,0.02714,0.00143,0.00021
1234,Line11,TimeMixer,14,3.37777,0.02029,0.09874,0.16121,0.02515,0.0014,0.0002
1234,Line11,TimeMixer,28,2.86189,0.01986,0.09992,0.1612,0.0192,0.0012,0.00018
1234,Line13,TimeMixer,1,3.81066,70.27409,5.60782,0.15674,0.02671,0.00134,0.0002
1234,Line13,TimeMixer,7,4.81835,68.03107,5.76072,0.16704,0.02725,0.00143,0.00021
1234,Line13,TimeMixer,14,4.15857,69.85358,5.91212,0.17034,0.02119,0.00118,0.00017
1234,Line13,TimeMixer,28,3.90758,81.47453,6.47428,0.18282,0.02321,0.00145,0.00021
5678,Line15,TimeMixer,1,4.68574,25.93279,3.29027,0.11465,0.0232,0.00116,0.00017
5678,Line15,TimeMixer,7,4.96592,33.77196,4.03013,0.13936,0.02426,0.00128,0.00019
5678,Line15,TimeMixer,14,4.81909,38.92971,4.65669,0.16772,0.02216,0.00123,0.00018
5678,Line15,TimeMixer,28,3.66172,46.29585,5.22992,0.18983,0.0182,0.00114,0.00017
5678,Line15,SCINet,1,35.05305,13.25886,2.45266,0.08491,0.19701,0.00985,0.00145
5678,Line15,SCINet,7,27.78177,26.38354,3.47623,0.12039,0.25415,0.01338,0.00196
5678,Line15,SCINet,14,31.41654,32.14514,3.85132,0.13483,0.29636,0.01646,0.00241
5678,Line15,SCINet,28,31.98441,35.26443,4.04223,0.14391,0.23202,0.0145,0.00213
5678,Line15,SegRNN,1,4.11667,15.79355,2.13888,0.07507,0.02107,0.00105,0.00015
5678,Line15,SegRNN,7,3.98502,22.54384,2.7686,0.09931,0.01856,0.00098,0.00014
5678,Line15,SegRNN,14,3.82227,129.52866,8.28789,0.29012,0.01868,0.00104,0.00015
5678,Line15,SegRNN,28,3.76069,133.7087,8.52005,0.29891,0.01515,0.00095,0.00014
9012,Line15,TimeMixer,1,4.20184,27.42516,3.86383,0.13229,0.02619,0.00131,0.00019
9012,Line15,TimeMixer,7,4.98034,37.02176,4.48951,0.1557,0.02463,0.0013,0.00019
9012,Line15,TimeMixer,14,4.87289,39.45867,4.58819,0.15965,0.02411,0.00134,0.0002
9012,Line15,TimeMixer,28,4.60805,44.60359,4.88577,0.16857,0.02113,0.00132,0.00019
9012,Line15,SCINet,1,33.04607,17.99513,2.67732,0.09259,0.30265,0.01513,0.00223
9012,Line15,SCINet,7,34.84882,27.0667,3.50005,0.12287,0.28398,0.01495,0.00218
9012,Line15,SCINet,14,27.83404,32.80147,3.82821,0.13765,0.29195,0.01622,0.00237
9012,Line15,SCINet,28,31.67918,35.36504,3.99307,0.14291,0.22956,0.01435,0.00211
9012,Line15,SegRNN,1,4.11189,15.68575,2.04664,0.07032,0.01812,0.00091,0.00013
9012,Line15,SegRNN,7,4.04743,22.73128,2.77038,0.09935,0.01754,0.00092,0.00013
9012,Line15,SegRNN,14,3.82883,130.3444,8.35398,0.29216,0.01598,0.00089,0.00013
9012,Line15,SegRNN,28,3.84044,133.1952,8.46513,0.29687,0.0171,0.00107,0.00016
3456,Line15,TimeMixer,1,4.25154,28.70236,3.81915,0.12728,0.02022,0.00101,0.00015
3456,Line15,TimeMixer,7,4.22682,41.02298,4.97362,0.17185,0.02262,0.00119,0.00017
3456,Line15,TimeMixer,14,3.95743,39.62577,4.46275,0.15816,0.02314,0.00129,0.00019
3456,Line15,TimeMixer,28,4.6938,46.61994,4.99941,0.17969,0.02319,0.00145,0.00021
3456,Line15,SCINet,1,31.402,14.27545,2.51641,0.08558,0.19816,0.00991,0.00146
3456,Line15,SCINet,7,28.21888,26.7011,3.4117,0.12136,0.2854,0.01502,0.0022
3456,Line15,SCINet,14,34.7093,31.87356,3.79482,0.1349,0.24945,0.01386,0.00203
3456,Line15,SCINet,28,28.3417,37.26436,4.16427,0.14776,0.15845,0.0099,0.00145
3456,Line15,SegRNN,1,4.07459,15.85017,2.07136,0.07118,0.02017,0.00101,0.00015
3456,Line15,SegRNN,7,4.01344,22.2953,2.7633,0.09886,0.01935,0.00102,0.00015
3456,Line15,SegRNN,14,3.84703,132.03946,8.38572,0.2926,0.01609,0.00089,0.00013
3456,Line15,SegRNN,28,3.74317,133.33598,8.49008,0.29724,0.01677,0.00105,0.00015
1234,Line15,SARIMAX,1,2.003732204,0.0812,0.284950749,0.7108,,,
1234,Line15,SARIMAX,7,1.969956636,0.064,0.22057305,0.6451,,,
1234,Line15,SARIMAX,14,1.992065668,0.1003,0.245182997,0.7448,,,
1234,Line15,SARIMAX,28,1.958041668,0.1262,0.275065842,0.9224,,,
1234,Line14,TimeMixer,1,4.18685,89.05447,6.5311,0.10123,0.02528,0.00126,0.00019
1234,Line14,TimeMixer,7,4.6673,114.15542,7.60617,0.11875,0.02321,0.00122,0.00018
1234,Line14,TimeMixer,14,4.58827,115.68209,7.76242,0.12072,0.02314,0.00129,0.00019
1234,Line14,TimeMixer,28,4.57763,135.94649,8.56298,0.13152,0.01964,0.00123,0.00018
3047,Line16,XGBoost,1,0.155503273,2.609946101,1.615532761,5.274347896,,,
3047,Line16,XGBoost,7,0.132343531,4.816048981,2.099946583,7.552573657,,,
3047,Line16,XGBoost,14,0.250820398,29.59371323,4.787170072,16.1638946,,,
3047,Line16,XGBoost,28,0.234988928,11.20692127,2.937016405,10.33402526,,,
3456,Line16,XGBoost,1,0.159452915,3.295324017,1.815302734,5.926551532,,,
3456,Line16,XGBoost,7,0.16102767,6.041194633,2.42539857,9.130323366,,,
3456,Line16,XGBoost,14,0.235655069,26.66627731,4.536712548,15.39393757,,,
3456,Line16,XGBoost,28,0.230341911,14.20605973,3.30438503,11.57741466,,,
5678,Line16,XGBoost,1,0.149014711,1.979746815,1.40703476,4.593649231,,,
5678,Line16,XGBoost,7,0.159540176,5.120602459,2.211253183,8.246127308,,,
5678,Line16,XGBoost,14,0.219418764,26.69805289,4.603986402,15.63620334,,,
5678,Line16,XGBoost,28,0.24125886,14.22255393,3.361456716,11.78634926,,,
9012,Line16,XGBoost,1,0.140586376,2.598415998,1.611960297,5.262684612,,,
9012,Line16,XGBoost,7,0.157033205,6.231405195,2.427125538,9.008015081,,,
9012,Line16,XGBoost,14,0.242366791,33.16300731,5.061846123,17.00028828,,,
9012,Line16,XGBoost,28,0.243205786,15.61978026,3.512612119,12.38347112,,,
3047,Line16,TimeXer,1,6.41575,12.55066,2.2609,0.09335,0.03985,0.00199,0.00029
3047,Line16,TimeXer,7,6.08483,17.3191,2.63283,0.11917,0.03033,0.0016,0.00023
3047,Line16,TimeXer,14,6.37451,17.35463,2.69806,0.11605,0.0337,0.00187,0.00027
3047,Line16,TimeXer,28,5.64814,18.55176,2.79097,0.12042,0.02932,0.00183,0.00027
1234,Line15,TimeMixer,1,3.88348,32.46113,3.80722,0.13009,0.02417,0.00121,0.00018
1234,Line15,TimeMixer,7,4.95733,34.8951,4.17549,0.1494,0.02418,0.00127,0.00019
1234,Line15,TimeMixer,14,4.52034,36.59078,4.31769,0.1534,0.02217,0.00123,0.00018
1234,Line15,TimeMixer,28,4.6321,44.84649,4.89349,0.17038,0.02019,0.00126,0.00019
5678,Line16,TimeXer,1,6.53637,11.57029,2.03871,0.08479,0.04283,0.00214,0.00031
5678,Line16,TimeXer,7,6.52943,15.86278,2.53082,0.10634,0.03647,0.00192,0.00028
5678,Line16,TimeXer,14,5.17637,16.88811,2.67832,0.11537,0.02821,0.00157,0.00023
5678,Line16,TimeXer,28,4.92396,19.36403,2.82637,0.12044,0.03021,0.00189,0.00028
9012,Line16,TimeXer,1,5.51112,10.2434,1.98854,0.08077,0.0348,0.00174,0.00026
9012,Line16,TimeXer,7,5.27321,15.04756,2.44364,0.10429,0.03381,0.00178,0.00026
9012,Line16,TimeXer,14,6.13435,17.43299,2.70208,0.11746,0.03443,0.00191,0.00028
9012,Line16,TimeXer,28,6.09925,18.88324,2.74262,0.11893,0.03129,0.00196,0.00029
3456,Line16,TimeXer,1,6.67604,11.41552,2.05148,0.08216,0.03926,0.00196,0.00029
3456,Line16,TimeXer,7,6.45137,16.72435,2.52927,0.11171,0.0408,0.00215,0.00031
3456,Line16,TimeXer,14,5.74436,18.93667,2.82863,0.12512,0.03779,0.0021,0.00031
3456,Line16,TimeXer,28,5.64512,19.28123,2.87728,0.12602,0.02924,0.00183,0.00027
3047,Line16,TimeMixer,1,4.45877,19.82242,3.29848,0.13467,0.02317,0.00116,0.00017
3047,Line16,TimeMixer,7,4.34892,21.69087,3.43275,0.14583,0.02328,0.00123,0.00018
3047,Line16,TimeMixer,14,4.05699,18.37749,2.79441,0.11983,0.02224,0.00124,0.00018
3047,Line16,TimeMixer,28,3.86294,22.12426,3.32318,0.14483,0.02122,0.00133,0.00019
3047,Line16,SCINet,1,33.67701,9.00105,1.95432,0.08053,0.25976,0.01299,0.00191
3047,Line16,SCINet,7,32.26241,16.6823,2.68595,0.11302,0.2659,0.01399,0.00205
3047,Line16,SCINet,14,33.77348,18.33871,2.89031,0.12168,0.26106,0.0145,0.00212
3047,Line16,SCINet,28,26.89332,20.54106,3.03653,0.12842,0.14673,0.00917,0.00135
3047,Line16,SegRNN,1,3.57482,9.86285,1.70381,0.07068,0.019,0.00095,0.00014
3047,Line16,SegRNN,7,3.52478,13.32267,2.13044,0.09131,0.01629,0.00086,0.00013
3047,Line16,SegRNN,14,3.95906,72.07831,6.2044,0.25989,0.02205,0.00122,0.00018
3047,Line16,SegRNN,28,3.85664,72.42384,6.25287,0.26292,0.0155,0.00097,0.00014
1234,Line16,TimeMixer,1,4.96094,16.05908,2.70804,0.115,0.02467,0.00123,0.00018
1234,Line16,TimeMixer,7,4.18988,20.76667,3.22135,0.13859,0.01911,0.00101,0.00015
1234,Line16,TimeMixer,14,4.0655,21.39156,3.3219,0.14114,0.0242,0.00134,0.0002
1234,Line16,TimeMixer,28,3.80917,24.12733,3.58393,0.15145,0.01819,0.00114,0.00017
1234,Line17,TimeMixer,1,4.72789,3.05446,1.21845,0.11659,0.02314,0.00116,0.00017
1234,Line17,TimeMixer,7,4.65731,4.75646,1.48895,0.14478,0.02933,0.00154,0.00023
1234,Line17,TimeMixer,14,4.16515,5.57825,1.66739,0.16476,0.02143,0.00119,0.00017
1234,Line17,TimeMixer,28,4.39082,6.73946,1.91641,0.19125,0.02409,0.00151,0.00022
1234,Line19,TimeMixer,1,3.82573,9.17559,1.98971,0.13835,0.02974,0.00149,0.00022
1234,Line19,TimeMixer,7,4.18058,9.63367,2.16058,0.15467,0.02528,0.00133,0.00019
1234,Line19,TimeMixer,14,4.02467,10.45706,2.29689,0.16169,0.01816,0.00101,0.00015
1234,Line19,TimeMixer,28,3.75017,11.41323,2.42072,0.1686,0.01618,0.00101,0.00015
1234,Line2,TimeMixer,1,4.68589,64.89547,5.47316,0.1053,0.02934,0.00147,0.00022
1234,Line2,TimeMixer,7,4.8607,82.18124,6.44924,0.12355,0.02975,0.00157,0.00023
1234,Line2,TimeMixer,14,4.89559,92.51579,7.0222,0.13574,0.02724,0.00151,0.00022
1234,Line2,TimeMixer,28,4.55509,103.98492,7.44333,0.14299,0.02015,0.00126,0.00018
1234,Line4,TimeMixer,1,4.72339,69.64096,6.09361,0.06932,0.02316,0.00116,0.00017
1234,Line4,TimeMixer,7,4.13155,75.73708,6.65314,0.07636,0.02529,0.00133,0.00019
1234,Line4,TimeMixer,14,4.08569,87.65144,7.26341,0.08347,0.02022,0.00112,0.00016
1234,Line4,TimeMixer,28,3.76657,104.99193,8.14819,0.09296,0.01921,0.0012,0.00018
1234,Line5,TimeMixer,1,4.85299,76.1329,6.08748,0.09761,0.02519,0.00126,0.00019
1234,Line5,TimeMixer,7,4.94953,99.58829,7.12997,0.11428,0.02359,0.00124,0.00018
1234,Line5,TimeMixer,14,4.9032,106.48365,7.48883,0.12013,0.0201,0.00112,0.00016
1234,Line5,TimeMixer,28,4.59673,120.13416,7.99756,0.12659,0.02014,0.00126,0.00018
1234,Line6,TimeMixer,1,4.9445,135.6263,8.19382,0.10925,0.0211,0.00105,0.00016
1234,Line6,TimeMixer,7,4.71378,169.18036,9.36404,0.12485,0.02469,0.0013,0.00019
1234,Line6,TimeMixer,14,4.70379,170.91708,9.492,0.12657,0.02366,0.00131,0.00019
5678,Line16,TimeMixer,1,3.98665,15.46164,2.55808,0.10646,0.02227,0.00111,0.00016
5678,Line16,TimeMixer,7,4.21164,21.29816,3.44818,0.14429,0.02525,0.00133,0.00019
5678,Line16,TimeMixer,14,4.64216,22.57036,3.57708,0.15384,0.03086,0.00171,0.00025
5678,Line16,TimeMixer,28,4.56969,25.82693,3.93107,0.16806,0.0201,0.00126,0.00018
5678,Line16,SCINet,1,26.853,9.5351,2.01137,0.08276,0.19573,0.00979,0.00144
5678,Line16,SCINet,7,34.80775,16.03079,2.68063,0.10953,0.2809,0.01478,0.00216
5678,Line16,SCINet,14,34.79979,18.72455,3.01125,0.12472,0.22984,0.01277,0.00187
5678,Line16,SCINet,28,31.75823,20.57503,3.06079,0.12972,0.2378,0.01486,0.00218
5678,Line16,SegRNN,1,3.21201,10.31918,1.76939,0.0708,0.01707,0.00085,0.00013
5678,Line16,SegRNN,7,3.45605,13.59507,2.12032,0.09173,0.013,0.00068,0.0001
5678,Line16,SegRNN,14,3.46601,70.91182,6.14659,0.25824,0.01701,0.00094,0.00014
5678,Line16,SegRNN,28,3.50708,72.8848,6.28551,0.26445,0.01872,0.00117,0.00017
9012,Line16,TimeMixer,1,4.27663,17.01458,2.84054,0.11581,0.02225,0.00111,0.00016
9012,Line16,TimeMixer,7,5.02123,21.12728,3.35475,0.13911,0.02951,0.00155,0.00023
9012,Line16,TimeMixer,14,4.53202,22.23735,3.38294,0.14148,0.022,0.00122,0.00018
9012,Line16,TimeMixer,28,4.57534,24.66793,3.56817,0.14811,0.01708,0.00107,0.00016
9012,Line16,SCINet,1,33.07113,10.99067,2.16455,0.08872,0.20486,0.01024,0.00151
9012,Line16,SCINet,7,29.26249,16.12655,2.65594,0.11044,0.25191,0.01326,0.00194
9012,Line16,SCINet,14,30.83283,18.83816,2.91618,0.12254,0.27297,0.01516,0.00222
9012,Line16,SCINet,28,31.94933,20.54226,3.02815,0.12881,0.20782,0.01299,0.00191
9012,Line16,SegRNN,1,4.04178,9.85154,1.62378,0.06686,0.02025,0.00101,0.00015
9012,Line16,SegRNN,7,3.91199,13.77324,2.13116,0.09185,0.01608,0.00085,0.00012
9012,Line16,SegRNN,14,3.95136,71.27133,6.18623,0.25994,0.01925,0.00107,0.00016
9012,Line16,SegRNN,28,3.32397,72.5249,6.2391,0.26236,0.01609,0.00101,0.00015
3456,Line16,TimeMixer,1,5.00439,16.8962,2.91566,0.11684,0.02399,0.0012,0.00018
3456,Line16,TimeMixer,7,5.03693,24.60185,3.88614,0.16094,0.0245,0.00129,0.00019
3456,Line16,TimeMixer,14,4.5987,23.16449,3.39275,0.1434,0.02433,0.00135,0.0002
3456,Line16,TimeMixer,28,4.65415,26.44557,3.76934,0.16211,0.02152,0.00135,0.0002
3456,Line16,SCINet,1,29.73753,8.26484,1.86514,0.07389,0.21821,0.01091,0.0016
3456,Line16,SCINet,7,31.6079,16.09824,2.68705,0.1117,0.29039,0.01528,0.00223
3456,Line16,SCINet,14,26.69503,18.48616,2.88446,0.12224,0.21261,0.01181,0.00173
3456,Line16,SCINet,28,24.39106,21.06751,3.07695,0.13057,0.16215,0.01013,0.00149
3456,Line16,SegRNN,1,4.10349,10.20915,1.60617,0.06644,0.02025,0.00101,0.00015
3456,Line16,SegRNN,7,3.45575,13.42043,2.1235,0.09088,0.01763,0.00093,0.00014
3456,Line16,SegRNN,14,3.41188,72.25298,6.21751,0.26055,0.01799,0.001,0.00015
3456,Line16,SegRNN,28,3.288,72.69161,6.2587,0.2628,0.01616,0.00101,0.00015
1234,Line6,TimeMixer,28,4.54119,197.6241,10.28164,0.13455,0.02517,0.00157,0.00023
1234,Line16,SARIMAX,1,3.615168571,0.5143,0.717166285,2.3414,,,
1234,Line16,SARIMAX,7,3.598136902,0.324,0.52529645,2.0027,,,
1234,Line16,SARIMAX,14,3.604076624,0.3045,0.501395078,1.8647,,,
1234,Line16,SARIMAX,28,3.632868528,0.2247,0.422409634,1.6249,,,
1234,Line7,TimeMixer,1,4.20524,24.16649,3.47337,0.07786,0.02319,0.00116,0.00017
1234,Line7,TimeMixer,7,4.13334,27.75843,3.84258,0.08573,0.02108,0.00111,0.00016
1234,Line7,TimeMixer,14,4.09766,31.18123,4.16444,0.09315,0.02119,0.00118,0.00017
1234,Line7,TimeMixer,28,4.45427,35.81082,4.52781,0.10036,0.02013,0.00126,0.00018
3047,Line17,XGBoost,1,0.159484863,18.58286524,4.31078476,29.85308005,,,
3047,Line17,XGBoost,7,0.15357995,7.893499757,2.411858515,16.8290882,,,
3047,Line17,XGBoost,14,0.216297388,9.40771773,2.710307631,19.28829705,,,
3047,Line17,XGBoost,28,0.215368509,6.897771105,2.312608126,16.46989001,,,
3456,Line17,XGBoost,1,0.151962996,18.91086811,4.348662796,30.11539332,,,
3456,Line17,XGBoost,7,0.153087616,7.459423733,2.401893708,16.98734195,,,
3456,Line17,XGBoost,14,0.218354464,7.961241631,2.515416927,17.98480969,,,
3456,Line17,XGBoost,28,0.210638762,7.827658533,2.47615239,17.69037488,,,
5678,Line17,XGBoost,1,0.154503345,18.22202008,4.268725815,29.56181312,,,
5678,Line17,XGBoost,7,0.152720213,7.615697325,2.413498835,17.01569041,,,
5678,Line17,XGBoost,14,0.215379953,9.685703397,2.758598428,19.63011798,,,
5678,Line17,XGBoost,28,0.214528322,7.829976812,2.440873899,17.28879717,,,
9012,Line17,XGBoost,1,0.133149385,18.07181883,4.251096191,29.43972432,,,
9012,Line17,XGBoost,7,0.153181314,8.112043878,2.511716118,17.79007498,,,
9012,Line17,XGBoost,14,0.207388639,10.31694061,2.839194194,20.19235212,,,
9012,Line17,XGBoost,28,0.216352463,8.492091598,2.56746192,18.29596108,,,
3047,Line17,TimeXer,1,6.23844,2.36503,1.04461,0.0969,0.04091,0.00205,0.0003
3047,Line17,TimeXer,7,5.98935,3.43657,1.18777,0.113,0.03625,0.00191,0.00028
3047,Line17,TimeXer,14,5.9899,4.17704,1.33105,0.12916,0.03665,0.00204,0.0003
3047,Line17,TimeXer,28,5.17618,4.90258,1.37609,0.13788,0.02624,0.00164,0.00024
1234,Line8,TimeMixer,7,4.33006,33.86666,4.51162,0.07659,0.02418,0.00127,0.00019
1234,Line8,TimeMixer,14,4.8636,43.35356,5.11937,0.08781,0.02409,0.00134,0.0002
1234,Line8,TimeMixer,28,4.64125,53.03048,5.7208,0.09768,0.02321,0.00145,0.00021
1234,Line8,TimeMixer,1,4.98448,29.85211,4.06808,0.0687,0.02648,0.00132,0.00019
5678,Line17,TimeXer,1,5.56378,2.07101,0.93432,0.08509,0.03565,0.00178,0.00026
5678,Line17,TimeXer,7,6.4682,3.39489,1.20267,0.11582,0.04264,0.00224,0.00033
5678,Line17,TimeXer,14,5.98749,3.7221,1.20239,0.11901,0.03632,0.00202,0.0003
5678,Line17,TimeXer,28,5.94633,5.25344,1.49008,0.14687,0.02927,0.00183,0.00027
9012,Line17,TimeXer,1,6.75268,2.17072,0.97847,0.09109,0.04432,0.00222,0.00033
9012,Line17,TimeXer,7,6.46352,3.41597,1.1558,0.11129,0.0392,0.00206,0.0003
9012,Line17,TimeXer,14,5.99738,4.31711,1.34874,0.13136,0.03132,0.00174,0.00025
9012,Line17,TimeXer,28,5.72074,5.57421,1.52918,0.14982,0.02517,0.00157,0.00023
3456,Line17,TimeXer,1,5.86689,2.26148,0.96168,0.08571,0.03189,0.00159,0.00023
3456,Line17,TimeXer,7,6.53159,3.3885,1.17445,0.11412,0.0333,0.00175,0.00026
3456,Line17,TimeXer,14,5.80646,3.96713,1.27289,0.12401,0.03535,0.00196,0.00029
3456,Line17,TimeXer,28,4.65833,4.70168,1.38801,0.13698,0.02308,0.00144,0.00021
3047,Line17,TimeMixer,1,4.37641,4.38124,1.58629,0.1419,0.0262,0.00131,0.00019
3047,Line17,TimeMixer,7,5.03483,4.87396,1.62047,0.15549,0.02823,0.00149,0.00022
3047,Line17,TimeMixer,14,4.86561,5.32917,1.65508,0.163,0.02719,0.00151,0.00022
3047,Line17,TimeMixer,28,4.7038,6.3524,1.7947,0.18136,0.02209,0.00138,0.0002
3047,Line17,SCINet,1,31.58087,2.06618,0.94573,0.0867,0.27062,0.01353,0.00199
3047,Line17,SCINet,7,35.23143,3.74053,1.31481,0.12139,0.28946,0.01523,0.00223
3047,Line17,SCINet,14,34.36226,4.55409,1.50562,0.14017,0.27734,0.01541,0.00225
3047,Line17,SCINet,28,30.63869,5.33232,1.59318,0.15537,0.19024,0.01189,0.00175
3047,Line17,SegRNN,1,4.11299,1.90756,0.85592,0.07979,0.01714,0.00086,0.00013
3047,Line17,SegRNN,7,4.0402,2.96932,1.10729,0.10446,0.01809,0.00095,0.00014
3047,Line17,SegRNN,14,3.96825,13.98447,2.71714,0.24847,0.0171,0.00095,0.00014
3047,Line17,SegRNN,28,3.82691,14.4764,2.81268,0.25948,0.01512,0.00095,0.00014
1234,Line9,TimeMixer,1,4.97954,32.8731,3.87187,0.11961,0.02358,0.00118,0.00017
1234,Line9,TimeMixer,7,4.92706,35.58652,4.26708,0.13104,0.02473,0.0013,0.00019
1234,Line9,TimeMixer,14,4.3518,38.2419,4.53491,0.13898,0.02015,0.00112,0.00016
1234,Line9,TimeMixer,28,3.91139,43.73815,4.8119,0.14581,0.01763,0.0011,0.00016
1234,LineCP,TimeMixer,1,3.90986,28.05182,3.48623,0.1194,0.0241,0.0012,0.00018
1234,LineCP,TimeMixer,7,4.9276,27.65235,3.57645,0.12846,0.027,0.00142,0.00021
1234,LineCP,TimeMixer,14,4.58043,28.89812,3.91902,0.13733,0.02425,0.00135,0.0002
1234,LineCP,TimeMixer,28,4.67682,36.05555,4.3577,0.14912,0.02469,0.00154,0.00023
1234,LineDX,TimeMixer,1,4.07402,0.13587,0.26956,0.06142,0.02518,0.00126,0.00019
1234,LineDX,TimeMixer,7,4.90103,0.16076,0.2924,0.0666,0.02534,0.00133,0.00019
1234,LineDX,TimeMixer,14,4.03899,0.20694,0.34546,0.07872,0.02122,0.00118,0.00017
1234,LineDX,TimeMixer,28,2.63606,0.27749,0.40887,0.09212,0.02225,0.00139,0.0002
1234,LineFS,TimeMixer,1,4.30066,12.54967,2.52152,0.12531,0.02418,0.00121,0.00018
1234,LineFS,TimeMixer,7,4.19434,16.04112,2.85721,0.14317,0.02813,0.00148,0.00022
1234,LineFS,TimeMixer,14,4.02968,16.47656,2.88518,0.14157,0.02066,0.00115,0.00017
1234,LineFS,TimeMixer,28,4.46554,18.71674,3.17121,0.15391,0.02223,0.00139,0.0002
1234,LineS1,TimeMixer,1,4.70589,0.45181,0.44613,0.12149,0.023,0.00115,0.00017
1234,LineS1,TimeMixer,7,4.68908,0.60745,0.54459,0.14825,0.02208,0.00116,0.00017
1234,LineS1,TimeMixer,14,4.89437,0.63415,0.56372,0.15378,0.02918,0.00162,0.00024
1234,LineS1,TimeMixer,28,4.59244,0.71765,0.59659,0.16194,0.01829,0.00114,0.00017
1234,LineSD,TimeMixer,1,5.02958,0.05055,0.15994,0.06411,0.02485,0.00124,0.00018
1234,LineSD,TimeMixer,7,4.9524,0.05764,0.17741,0.07115,0.0252,0.00133,0.00019
1234,LineSD,TimeMixer,14,4.59418,0.0677,0.20072,0.08031,0.02087,0.00116,0.00017
1234,LineSD,TimeMixer,28,4.53194,0.08157,0.22232,0.0879,0.02032,0.00127,0.00019
1234,LineT1,TimeMixer,1,4.26943,0.00179,0.03539,0.33187,0.02116,0.00106,0.00016
1234,LineT1,TimeMixer,7,4.24716,0.00184,0.03522,0.34789,0.02619,0.00138,0.0002
1234,LineT1,TimeMixer,14,3.43824,0.00202,0.03561,0.36253,0.02821,0.00157,0.00023
1234,LineT1,TimeMixer,28,3.52523,0.00206,0.03549,0.38538,0.022,0.00137,0.0002
5678,Line17,TimeMixer,1,4.72495,3.12803,1.14752,0.10773,0.02118,0.00106,0.00016
5678,Line17,TimeMixer,7,4.72965,4.73379,1.51646,0.14473,0.02648,0.00139,0.0002
5678,Line17,TimeMixer,14,4.70435,6.14998,1.85883,0.18384,0.02314,0.00129,0.00019
5678,Line17,TimeMixer,28,4.58267,7.39745,2.02818,0.20275,0.01927,0.0012,0.00018
5678,Line17,SCINet,1,34.27563,1.75477,0.92919,0.08351,0.29044,0.01452,0.00214
5678,Line17,SCINet,7,31.79726,3.56491,1.3344,0.12099,0.27448,0.01445,0.00211
5678,Line17,SCINet,14,20.67935,4.65711,1.52447,0.14244,0.16249,0.00903,0.00132
5678,Line17,SCINet,28,30.03659,5.57134,1.63666,0.1588,0.22354,0.01397,0.00205
5678,Line17,SegRNN,1,4.14395,1.95992,0.8745,0.08284,0.02117,0.00106,0.00016
5678,Line17,SegRNN,7,4.05574,2.97487,1.11142,0.10611,0.01508,0.00079,0.00012
5678,Line17,SegRNN,14,3.97631,13.92473,2.71664,0.24864,0.01852,0.00103,0.00015
5678,Line17,SegRNN,28,3.69465,14.3523,2.78959,0.25763,0.01504,0.00094,0.00014
9012,Line17,TimeMixer,1,3.81688,3.46946,1.28661,0.1189,0.02224,0.00111,0.00016
9012,Line17,TimeMixer,7,4.20436,4.74617,1.58258,0.15088,0.02831,0.00149,0.00022
9012,Line17,TimeMixer,14,4.13798,5.33725,1.64303,0.15876,0.0222,0.00123,0.00018
9012,Line17,TimeMixer,28,4.56059,6.40213,1.83949,0.17847,0.02512,0.00157,0.00023
9012,Line17,SCINet,1,32.05993,2.24584,1.02201,0.0922,0.30121,0.01506,0.00221
9012,Line17,SCINet,7,36.42824,3.67711,1.33702,0.12366,0.28613,0.01506,0.0022
9012,Line17,SCINet,14,34.2525,4.61274,1.47396,0.14045,0.22883,0.01271,0.00186
9012,Line17,SCINet,28,30.19536,5.48481,1.62455,0.15879,0.23827,0.01489,0.00219
9012,Line17,SegRNN,1,2.84442,1.89414,0.7404,0.06474,0.01907,0.00095,0.00014
9012,Line17,SegRNN,7,3.37491,3.03656,1.08885,0.10459,0.01707,0.0009,0.00013
9012,Line17,SegRNN,14,3.95162,14.02639,2.74147,0.25097,0.01503,0.00083,0.00012
9012,Line17,SegRNN,28,3.77663,14.3662,2.78541,0.25705,0.01561,0.00098,0.00014
3456,Line17,TimeMixer,1,4.70428,3.49857,1.434,0.13014,0.02226,0.00111,0.00016
3456,Line17,TimeMixer,7,4.61384,5.43664,1.77739,0.16953,0.02624,0.00138,0.0002
3456,Line17,TimeMixer,14,4.75295,5.37304,1.63452,0.15819,0.02216,0.00123,0.00018
3456,Line17,TimeMixer,28,3.93791,6.57356,1.8466,0.18173,0.01811,0.00113,0.00017
3456,Line17,SCINet,1,37.16756,1.64464,0.87622,0.07785,0.27109,0.01355,0.00199
3456,Line17,SCINet,7,32.37263,3.68219,1.30422,0.12284,0.2634,0.01386,0.00203
3456,Line17,SCINet,14,25.1836,4.81293,1.49884,0.14477,0.17809,0.00989,0.00145
3456,Line17,SCINet,28,22.89123,6.0097,1.70532,0.16963,0.18031,0.01127,0.00165
3456,Line17,SegRNN,1,4.13835,1.83239,0.78895,0.07401,0.01907,0.00095,0.00014
3456,Line17,SegRNN,7,4.02743,3.02388,1.1254,0.10727,0.01716,0.0009,0.00013
3456,Line17,SegRNN,14,3.92936,14.05445,2.72919,0.24973,0.01764,0.00098,0.00014
3456,Line17,SegRNN,28,3.68658,14.34589,2.78861,0.25713,0.01611,0.00101,0.00015
1234,Line17,SARIMAX,1,1.704914808,0.4366,0.660794614,4.5761,,,
1234,Line17,SARIMAX,7,1.678138971,0.6103,0.767756435,6.036,,,
1234,Line17,SARIMAX,14,1.680170059,0.8374,0.870526141,6.6456,,,
1234,Line17,SARIMAX,28,1.669191122,0.9611,0.902875627,6.7834,,,
1234,LineXJ,TimeMixer,1,3.997,1.3488,0.71232,0.27934,0.02415,0.00121,0.00018
1234,LineXJ,TimeMixer,7,2.95571,2.00848,0.90089,0.35595,0.02706,0.00142,0.00021
1234,LineXJ,TimeMixer,14,3.37912,2.33441,1.00413,0.40669,0.02125,0.00118,0.00017
1234,LineXJ,TimeMixer,28,2.71635,3.12506,1.16045,0.42583,0.02012,0.00126,0.00018
3047,Line19,XGBoost,1,0.14158082,1.329703248,1.153127594,6.015271747,,,
3047,Line19,XGBoost,7,0.149029255,3.859888302,1.687456872,9.140252113,,,
3047,Line19,XGBoost,14,0.224269629,24.46392442,4.312594912,23.35335743,,,
3047,Line19,XGBoost,28,0.201743841,36.90592974,5.381038961,29.2019045,,,
3456,Line19,XGBoost,1,0.154500246,2.815682054,1.67799942,8.753257278,,,
3456,Line19,XGBoost,7,0.149060249,3.327693153,1.6295044,9.020704498,,,
3456,Line19,XGBoost,14,0.237232685,22.46996159,4.111748859,22.1148999,,,
3456,Line19,XGBoost,28,0.230289459,32.71464866,5.04600074,27.40465684,,,
5678,Line19,XGBoost,1,0.147554159,1.71754291,1.310550613,6.836466424,,,
5678,Line19,XGBoost,7,0.152426958,3.727320109,1.788830545,10.32340021,,,
5678,Line19,XGBoost,14,0.226345778,27.25919401,4.570106874,24.89345663,,,
5678,Line19,XGBoost,28,0.220274687,35.64434393,5.264279559,28.54065534,,,
9012,Line19,XGBoost,1,0.158038616,2.705009772,1.644691391,8.579506474,,,
9012,Line19,XGBoost,7,0.151004076,3.370123829,1.679260586,9.583173704,,,
9012,Line19,XGBoost,14,0.213819027,25.12513741,4.378092243,23.79500475,,,
9012,Line19,XGBoost,28,0.237764359,38.60177593,5.47274786,29.64219808,,,
3047,Line19,TimeXer,1,5.37106,6.1263,1.51452,0.1026,0.03516,0.00176,0.00026
3047,Line19,TimeXer,7,5.24429,7.70334,1.81234,0.12794,0.03376,0.00178,0.00026
3047,Line19,TimeXer,14,6.38297,8.81747,1.91489,0.1403,0.03503,0.00195,0.00028
3047,Line19,TimeXer,28,5.41635,9.62458,2.00624,0.14098,0.03844,0.0024,0.00035
1234,LineYF,TimeMixer,1,3.80961,0.11121,0.24717,0.09319,0.02413,0.00121,0.00018
1234,LineYF,TimeMixer,7,4.12678,0.11951,0.25955,0.10036,0.02372,0.00125,0.00018
1234,LineYF,TimeMixer,14,4.75863,0.1233,0.26452,0.10132,0.02228,0.00124,0.00018
1234,LineYF,TimeMixer,28,4.66187,0.13882,0.28722,0.11059,0.01912,0.0012,0.00018
5678,Line19,TimeXer,1,6.53021,5.89679,1.4506,0.09781,0.0428,0.00214,0.00031
5678,Line19,TimeXer,7,5.69486,7.40867,1.70254,0.12026,0.0283,0.00149,0.00022
5678,Line19,TimeXer,14,6.0335,8.51979,1.86517,0.13469,0.03636,0.00202,0.0003
5678,Line19,TimeXer,28,5.43338,9.81308,2.07966,0.14779,0.0328,0.00205,0.0003
9012,Line19,TimeXer,1,6.49203,5.24379,1.38851,0.09257,0.03635,0.00182,0.00027
9012,Line19,TimeXer,7,5.43428,7.69935,1.75509,0.1252,0.03265,0.00172,0.00025
9012,Line19,TimeXer,14,5.12675,8.66197,1.88165,0.13672,0.03235,0.0018,0.00026
9012,Line19,TimeXer,28,4.67234,9.42879,2.01446,0.14567,0.02659,0.00166,0.00024
3456,Line19,TimeXer,1,5.06909,6.13157,1.53551,0.10324,0.03534,0.00177,0.00026
3456,Line19,TimeXer,7,5.01451,8.12127,1.81389,0.13155,0.03225,0.0017,0.00025
3456,Line19,TimeXer,14,6.36912,8.69543,1.8687,0.13619,0.0393,0.00218,0.00032
3456,Line19,TimeXer,28,5.76669,9.2485,1.95954,0.14297,0.03549,0.00222,0.00033
3047,Line19,TimeMixer,1,4.54433,10.12104,2.363,0.15842,0.02725,0.00136,0.0002
3047,Line19,TimeMixer,7,4.49803,10.38719,2.29881,0.16028,0.02599,0.00137,0.0002
3047,Line19,TimeMixer,14,4.75068,9.99181,2.17492,0.14901,0.02654,0.00147,0.00022
3047,Line19,TimeMixer,28,4.39263,10.08391,2.18808,0.15462,0.02016,0.00126,0.00018
3047,Line19,SCINet,1,35.86004,4.08466,1.26325,0.08715,0.22617,0.01131,0.00166
3047,Line19,SCINet,7,29.46937,8.70248,1.94565,0.13749,0.17284,0.0091,0.00133
3047,Line19,SCINet,14,29.10919,9.20696,1.96978,0.13871,0.26697,0.01483,0.00217
3047,Line19,SCINet,28,29.01239,10.22624,2.13013,0.14899,0.22608,0.01413,0.00207
3047,Line19,SegRNN,1,4.04515,5.31888,1.25255,0.08661,0.01823,0.00091,0.00013
3047,Line19,SegRNN,7,4.04876,7.26906,1.67385,0.11915,0.01524,0.0008,0.00012
3047,Line19,SegRNN,14,3.08621,41.063,4.63656,0.32838,0.0141,0.00078,0.00011
3047,Line19,SegRNN,28,3.32127,40.6424,4.57681,0.32346,0.01734,0.00108,0.00016
1234,LineYZ,TimeMixer,1,5.02737,7.22764,1.8384,0.12397,0.02619,0.00131,0.00019
1234,LineYZ,TimeMixer,7,4.89439,9.41784,2.15804,0.14696,0.02427,0.00128,0.00019
1234,LineYZ,TimeMixer,14,4.84033,9.93866,2.22864,0.15112,0.02225,0.00124,0.00018
1234,LineYZ,TimeMixer,28,4.00053,11.46756,2.46542,0.16608,0.01923,0.0012,0.00018
1234,Line1,SegRNN,1,4.03576,71.42032,4.90667,0.06136,0.017,0.00085,0.00013
1234,Line1,SegRNN,7,3.98645,96.86449,6.21183,0.07934,0.01908,0.001,0.00015
1234,Line1,SegRNN,14,3.4497,553.0555,17.70358,0.22446,0.01613,0.0009,0.00013
1234,Line1,SegRNN,28,3.33611,556.8054,18.07761,0.23084,0.0158,0.00099,0.00014
1234,Line10,SegRNN,1,2.93429,304.98544,9.45122,0.06927,0.02016,0.00101,0.00015
1234,Line10,SegRNN,7,4.06553,364.9419,11.30824,0.08725,0.01803,0.00095,0.00014
1234,Line10,SegRNN,14,3.87615,2187.1707,34.29814,0.25956,0.01847,0.00103,0.00015
1234,Line10,SegRNN,28,3.56698,2162.7856,34.17586,0.25954,0.01612,0.00101,0.00015
1234,Line11,SegRNN,1,3.642,0.01502,0.08532,0.13295,0.01806,0.0009,0.00013
1234,Line11,SegRNN,7,3.90986,0.01928,0.09689,0.15496,0.01731,0.00091,0.00013
1234,Line11,SegRNN,14,3.41047,0.03539,0.13357,0.20918,0.014,0.00078,0.00011
1234,Line11,SegRNN,28,3.31945,0.03878,0.14092,0.21914,0.01515,0.00095,0.00014
1234,Line13,SegRNN,1,3.54955,32.49921,3.06147,0.08457,0.01804,0.0009,0.00013
1234,Line13,SegRNN,7,3.97749,46.69956,3.95941,0.11404,0.0187,0.00098,0.00014
1234,Line13,SegRNN,14,3.95387,265.3991,11.84245,0.33237,0.017,0.00094,0.00014
1234,Line13,SegRNN,28,3.70863,263.35077,11.75982,0.33197,0.01815,0.00113,0.00017
1234,Line14,SegRNN,1,3.72675,55.72044,4.21687,0.06435,0.02125,0.00106,0.00016
1234,Line14,SegRNN,7,3.9644,74.31422,5.10694,0.07945,0.01408,0.00074,0.00011
1234,Line14,SegRNN,14,3.86802,434.40796,15.36378,0.23534,0.02084,0.00116,0.00017
1234,Line14,SegRNN,28,3.60699,429.61346,15.3037,0.23511,0.0168,0.00105,0.00015
1234,Line15,SegRNN,1,4.10806,15.75341,2.10207,0.07252,0.01813,0.00091,0.00013
1234,Line15,SegRNN,7,4.0704,22.11632,2.76672,0.09858,0.018,0.00095,0.00014
5678,Line19,TimeMixer,1,4.94755,7.9866,1.79311,0.12342,0.02382,0.00119,0.00018
5678,Line19,TimeMixer,7,4.75842,9.50636,2.09944,0.14644,0.02427,0.00128,0.00019
5678,Line19,TimeMixer,14,4.12637,11.26757,2.54992,0.18031,0.02263,0.00126,0.00018
5678,Line19,TimeMixer,28,3.93696,12.53742,2.73879,0.19494,0.01618,0.00101,0.00015
5678,Line19,SCINet,1,34.83048,4.39053,1.38768,0.09703,0.25871,0.01294,0.0019
5678,Line19,SCINet,7,31.93002,7.88542,1.86252,0.12773,0.19224,0.01012,0.00148
5678,Line19,SCINet,14,26.92834,9.36397,2.04595,0.14276,0.26163,0.01454,0.00213
5678,Line19,SCINet,28,34.36544,10.33166,2.14752,0.15069,0.25454,0.01591,0.00234
5678,Line19,SegRNN,1,3.91032,5.39019,1.27458,0.09112,0.01923,0.00096,0.00014
5678,Line19,SegRNN,7,3.61988,7.3151,1.65431,0.11884,0.01616,0.00085,0.00012
5678,Line19,SegRNN,14,3.86563,40.2001,4.53485,0.32125,0.019,0.00106,0.00015
5678,Line19,SegRNN,28,3.62688,40.92873,4.60581,0.32578,0.01711,0.00107,0.00016
9012,Line19,TimeMixer,1,4.95062,8.33417,2.13758,0.1508,0.02715,0.00136,0.0002
9012,Line19,TimeMixer,7,5.07913,10.3843,2.34002,0.1611,0.02689,0.00142,0.00021
9012,Line19,TimeMixer,14,4.81412,10.64797,2.25684,0.15665,0.02632,0.00146,0.00021
9012,Line19,TimeMixer,28,4.60522,11.9923,2.44406,0.16733,0.02011,0.00126,0.00018
9012,Line19,SCINet,1,38.61894,5.69075,1.52652,0.10662,0.26816,0.01341,0.00197
9012,Line19,SCINet,7,34.81708,8.3491,1.9351,0.13389,0.27378,0.01441,0.00211
9012,Line19,SCINet,14,30.87774,9.38088,2.06278,0.1445,0.25791,0.01433,0.0021
9012,Line19,SCINet,28,34.40341,10.40429,2.13714,0.15011,0.25926,0.0162,0.00238
9012,Line19,SegRNN,1,3.99544,5.30456,1.19533,0.08371,0.0195,0.00097,0.00014
9012,Line19,SegRNN,7,4.03771,7.51951,1.6506,0.11867,0.0171,0.0009,0.00013
9012,Line19,SegRNN,14,3.97328,40.57151,4.5852,0.32469,0.01876,0.00104,0.00015
9012,Line19,SegRNN,28,3.75137,40.75803,4.57174,0.32322,0.0171,0.00107,0.00016
3456,Line19,TimeMixer,1,3.99967,7.33599,1.95772,0.1335,0.02217,0.00111,0.00016
3456,Line19,TimeMixer,7,4.18837,11.54533,2.65238,0.18323,0.02221,0.00117,0.00017
3456,Line19,TimeMixer,14,4.87822,11.31846,2.39786,0.16746,0.02469,0.00137,0.0002
3456,Line19,TimeMixer,28,4.6337,12.77655,2.61477,0.18359,0.02017,0.00126,0.00019
3456,Line19,SCINet,1,37.67588,3.88706,1.30663,0.0873,0.21615,0.01081,0.00159
3456,Line19,SCINet,7,27.24446,8.23645,1.89801,0.13246,0.16731,0.00881,0.00129
3456,Line19,SCINet,14,27.07634,9.29748,2.05282,0.14243,0.26697,0.01483,0.00217
3456,Line19,SCINet,28,30.49403,10.43064,2.15127,0.15015,0.25093,0.01568,0.0023
3456,Line19,SegRNN,1,4.12764,5.42304,1.18868,0.08145,0.02006,0.001,0.00015
3456,Line19,SegRNN,7,3.97945,7.2095,1.65013,0.11783,0.01624,0.00085,0.00012
3456,Line19,SegRNN,14,3.95058,40.96588,4.58401,0.32383,0.02023,0.00112,0.00016
3456,Line19,SegRNN,28,3.74756,40.7945,4.58816,0.32348,0.01522,0.00095,0.00014
1234,Line15,SegRNN,14,3.43333,133.64337,8.45173,0.29498,0.0167,0.00093,0.00014
1234,Line15,SegRNN,28,3.26077,133.05017,8.45885,0.2967,0.01512,0.00095,0.00014
1234,Line19,SARIMAX,1,1.454689264,0.0014,0.037166906,0.1939,,,
1234,Line19,SARIMAX,7,1.449362278,0.084,0.193209036,1.5203,,,
1234,Line19,SARIMAX,14,1.446237564,0.0772,0.201296197,1.5433,,,
1234,Line19,SARIMAX,28,1.443742514,0.123,0.28713184,1.9466,,,
1234,Line16,SegRNN,1,3.56244,10.07433,1.7059,0.07062,0.01603,0.0008,0.00012
1234,Line16,SegRNN,7,3.9806,13.42243,2.11785,0.09085,0.0171,0.0009,0.00013
1234,Line16,SegRNN,14,3.92245,73.08046,6.26117,0.26236,0.01831,0.00102,0.00015
1234,Line16,SegRNN,28,3.84992,72.52572,6.24513,0.26248,0.01924,0.0012,0.00018
3047,Line2,XGBoost,1,0.151464462,0.172655111,0.415517883,0.554615434,,,
3047,Line2,XGBoost,7,0.15393424,26.03222259,4.499753854,6.166831718,,,
3047,Line2,XGBoost,14,0.258697033,105.4833707,9.090952377,12.42241177,,,
3047,Line2,XGBoost,28,0.218304634,132.7483024,10.45379611,14.68383982,,,
3456,Line2,XGBoost,1,0.154824734,0.159280352,0.399099426,0.532700783,,,
3456,Line2,XGBoost,7,0.144388914,23.28639177,4.428842991,6.200361991,,,
3456,Line2,XGBoost,14,0.232838154,102.6973502,9.130179727,12.59831573,,,
3456,Line2,XGBoost,28,0.216200113,114.0252648,9.607411379,13.46755077,,,
5678,Line2,XGBoost,1,0.13926506,0.165406489,0.406701965,0.542848325,,,
5678,Line2,XGBoost,7,0.150953531,19.24105046,3.918292084,5.411991125,,,
5678,Line2,XGBoost,14,0.233833075,95.01246983,8.771204725,12.16825453,,,
5678,Line2,XGBoost,28,0.225372791,102.0086631,9.181139123,12.96882334,,,
9012,Line2,XGBoost,1,0.527124643,0.156832484,0.396020813,0.528591582,,,
9012,Line2,XGBoost,7,0.445496559,18.8014467,3.916948765,5.442322531,,,
9012,Line2,XGBoost,14,0.703139782,88.71822332,8.404595969,11.57108133,,,
9012,Line2,XGBoost,28,0.614112139,120.4906089,9.857652795,13.76931651,,,
3047,Line2,TimeXer,1,6.25186,50.28313,4.64193,0.08682,0.04084,0.00204,0.0003
3047,Line2,TimeXer,7,6.31193,65.04916,5.4089,0.10607,0.03215,0.00169,0.00025
3047,Line2,TimeXer,14,5.31504,83.74156,6.36996,0.12596,0.03244,0.0018,0.00026
3047,Line2,TimeXer,28,5.22726,94.75412,6.65551,0.13317,0.03328,0.00208,0.00031
1234,Line17,SegRNN,1,4.19179,1.92468,0.85988,0.08053,0.0235,0.00118,0.00017
1234,Line17,SegRNN,7,4.03702,2.9708,1.11874,0.10518,0.01812,0.00095,0.00014
1234,Line17,SegRNN,14,3.91763,14.11676,2.74498,0.25098,0.02027,0.00113,0.00016
1234,Line17,SegRNN,28,3.7313,14.36013,2.78412,0.25705,0.01613,0.00101,0.00015
5678,Line2,TimeXer,1,6.57244,48.19861,4.50154,0.08625,0.04038,0.00202,0.0003
5678,Line2,TimeXer,7,4.77961,72.3899,5.65912,0.11066,0.03317,0.00175,0.00026
5678,Line2,TimeXer,14,5.23084,82.42132,6.21582,0.11913,0.03327,0.00185,0.00027
5678,Line2,TimeXer,28,4.99984,90.07993,6.44143,0.12666,0.02618,0.00164,0.00024
9012,Line2,TimeXer,1,5.17791,42.99152,4.59289,0.0854,0.03125,0.00156,0.00023
9012,Line2,TimeXer,7,5.32695,64.87206,5.35949,0.10419,0.03327,0.00175,0.00026
9012,Line2,TimeXer,14,6.08778,84.95378,6.39659,0.12497,0.03541,0.00197,0.00029
9012,Line2,TimeXer,28,6.17831,87.04927,6.36938,0.12432,0.03541,0.00221,0.00032
3456,Line2,TimeXer,1,6.57241,51.44205,4.7029,0.08694,0.03935,0.00197,0.00029
3456,Line2,TimeXer,7,6.39129,74.04684,5.77505,0.1149,0.03578,0.00188,0.00028
3456,Line2,TimeXer,14,6.29529,81.20878,6.2598,0.12091,0.03531,0.00196,0.00029
3456,Line2,TimeXer,28,5.45743,91.71044,6.52643,0.12749,0.03528,0.00221,0.00032
3047,Line2,TimeMixer,1,4.52796,86.48483,6.79728,0.12822,0.02911,0.00146,0.00021
3047,Line2,TimeMixer,7,4.71083,92.18103,6.98285,0.1311,0.02554,0.00134,0.0002
3047,Line2,TimeMixer,14,4.50931,79.8466,6.04045,0.11638,0.02534,0.00141,0.00021
3047,Line2,TimeMixer,28,4.61449,97.90376,7.10963,0.1382,0.02028,0.00127,0.00019
3047,Line2,SCINet,1,34.48562,46.02998,4.49037,0.08318,0.19802,0.0099,0.00146
3047,Line2,SCINet,7,24.48358,71.66437,5.8672,0.11128,0.17066,0.00898,0.00131
3047,Line2,SCINet,14,35.3984,81.51456,6.19417,0.1188,0.29015,0.01612,0.00236
3047,Line2,SCINet,28,29.27204,91.38005,6.61551,0.12778,0.24049,0.01503,0.00221
3047,Line2,SegRNN,1,4.14156,43.51142,3.69862,0.06937,0.02007,0.001,0.00015
3047,Line2,SegRNN,7,3.49405,58.481,4.58974,0.08782,0.01705,0.0009,0.00013
3047,Line2,SegRNN,14,3.0935,336.59457,13.66655,0.26113,0.018,0.001,0.00015
3047,Line2,SegRNN,28,3.22725,334.3551,13.6909,0.2628,0.01505,0.00094,0.00014
1234,Line19,SegRNN,1,4.06572,5.38344,1.24771,0.08725,0.02021,0.00101,0.00015
1234,Line19,SegRNN,14,3.45169,41.49378,4.6361,0.32697,0.01718,0.00095,0.00014
1234,Line19,SegRNN,28,3.34582,40.59824,4.56627,0.32268,0.01513,0.00095,0.00014
1234,Line19,SegRNN,7,3.99903,7.21792,1.65972,0.11899,0.01698,0.00089,0.00013
1234,Line2,SegRNN,1,3.55255,43.4969,3.64737,0.068,0.018,0.0009,0.00013
1234,Line2,SegRNN,7,3.98839,58.32536,4.6026,0.0882,0.01716,0.0009,0.00013
1234,Line2,SegRNN,14,3.94204,340.8064,13.67664,0.26039,0.01908,0.00106,0.00016
1234,Line2,SegRNN,28,3.79826,334.94165,13.67223,0.26238,0.01725,0.00108,0.00016
1234,Line4,SegRNN,1,4.03167,47.19759,4.22965,0.04731,0.01723,0.00086,0.00013
1234,Line4,SegRNN,7,4.03494,54.40172,4.88224,0.05492,0.01619,0.00085,0.00012
1234,Line4,SegRNN,14,3.95729,282.1438,12.97178,0.14845,0.01758,0.00098,0.00014
1234,Line4,SegRNN,28,3.48114,282.15256,13.10014,0.15097,0.01517,0.00095,0.00014
1234,Line5,SegRNN,1,3.47151,51.47427,4.25819,0.06831,0.01824,0.00091,0.00013
1234,Line5,SegRNN,7,3.93831,66.3207,5.06084,0.07996,0.01849,0.00097,0.00014
1234,Line5,SegRNN,14,3.49758,406.31134,14.84701,0.23452,0.01805,0.001,0.00015
1234,Line5,SegRNN,28,3.35502,403.00647,14.88233,0.23595,0.01706,0.00107,0.00016
1234,Line6,SegRNN,1,3.54193,87.77009,4.94148,0.06337,0.01652,0.00083,0.00012
1234,Line6,SegRNN,7,4.0188,111.52905,6.42316,0.08479,0.02005,0.00106,0.00015
1234,Line6,SegRNN,14,3.93006,696.2853,19.35099,0.25542,0.01506,0.00084,0.00012
1234,Line6,SegRNN,28,3.70466,685.4996,19.26761,0.25487,0.01607,0.001,0.00015
1234,Line7,SegRNN,1,3.93009,15.99434,2.31536,0.05024,0.01768,0.00088,0.00013
1234,Line7,SegRNN,7,4.01258,19.58944,2.7401,0.06045,0.01732,0.00091,0.00013
1234,Line7,SegRNN,14,3.89972,109.07255,7.86639,0.17391,0.01416,0.00079,0.00012
1234,Line7,SegRNN,28,3.76108,107.30272,7.88346,0.17522,0.01699,0.00106,0.00016
1234,Line8,SegRNN,1,3.7526,19.90793,3.0499,0.05207,0.01999,0.001,0.00015
1234,Line8,SegRNN,7,3.92564,30.31345,3.96555,0.0671,0.01714,0.0009,0.00013
1234,Line8,SegRNN,14,3.43462,94.13083,7.41291,0.12612,0.01808,0.001,0.00015
1234,Line8,SegRNN,28,3.3499,107.93848,7.9798,0.13702,0.01614,0.00101,0.00015
5678,Line2,TimeMixer,1,5.01615,69.81559,5.50831,0.105,0.02823,0.00141,0.00021
5678,Line2,TimeMixer,7,5.02368,87.49167,6.91361,0.13239,0.02673,0.00141,0.00021
5678,Line2,TimeMixer,14,4.77768,99.98402,7.52487,0.14525,0.02307,0.00128,0.00019
5678,Line2,TimeMixer,28,4.05497,113.01667,8.13948,0.15907,0.01821,0.00114,0.00017
5678,Line2,SCINet,1,35.42285,42.03114,4.27706,0.08192,0.24675,0.01234,0.00181
5678,Line2,SCINet,7,36.5749,67.46978,5.64233,0.10642,0.30248,0.01592,0.00233
5678,Line2,SCINet,14,34.45387,75.32246,6.06569,0.116,0.25935,0.01441,0.00211
5678,Line2,SCINet,28,24.35216,92.83228,6.67289,0.12942,0.1553,0.00971,0.00142
5678,Line2,SegRNN,1,4.1332,43.84061,3.79465,0.0715,0.01554,0.00078,0.00011
5678,Line2,SegRNN,7,3.42285,58.52804,4.56333,0.08718,0.01738,0.00091,0.00013
5678,Line2,SegRNN,14,3.44686,328.83325,13.38767,0.25579,0.01655,0.00092,0.00013
5678,Line2,SegRNN,28,3.34985,338.20352,13.7827,0.26464,0.01521,0.00095,0.00014
9012,Line2,TimeMixer,1,5.01569,69.68843,6.18024,0.11875,0.02703,0.00135,0.0002
9012,Line2,TimeMixer,7,4.95158,87.51708,6.83785,0.1292,0.02218,0.00117,0.00017
9012,Line2,TimeMixer,14,4.0563,93.11295,7.02094,0.1336,0.02113,0.00117,0.00017
9012,Line2,TimeMixer,28,4.64395,109.97459,7.68439,0.14673,0.01919,0.0012,0.00018
9012,Line2,SCINet,1,37.97463,43.79862,4.64364,0.0871,0.21935,0.01097,0.00161
9012,Line2,SCINet,7,34.84938,69.84459,5.75977,0.10878,0.28109,0.01479,0.00216
9012,Line2,SCINet,14,27.30017,82.23505,6.22204,0.11885,0.25938,0.01441,0.00211
9012,Line2,SCINet,28,31.3284,93.04362,6.7667,0.13055,0.1442,0.00901,0.00132
9012,Line2,SegRNN,1,4.09225,45.22981,3.80975,0.07207,0.01818,0.00091,0.00013
9012,Line2,SegRNN,7,3.95697,60.55045,4.67568,0.08974,0.01871,0.00098,0.00014
9012,Line2,SegRNN,14,3.95489,330.84033,13.47817,0.25734,0.01707,0.00095,0.00014
9012,Line2,SegRNN,28,3.52244,335.48322,13.68129,0.26262,0.01615,0.00101,0.00015
3456,Line2,TimeMixer,1,4.43336,78.98456,6.72363,0.12437,0.02419,0.00121,0.00018
3456,Line2,TimeMixer,7,4.53083,96.34997,7.59906,0.1442,0.02521,0.00133,0.00019
3456,Line2,TimeMixer,14,3.95883,102.71405,7.30832,0.13846,0.01813,0.00101,0.00015
3456,Line2,TimeMixer,28,4.39814,116.1226,7.99888,0.15514,0.01823,0.00114,0.00017
3456,Line2,SCINet,1,33.90995,42.46588,4.71434,0.08607,0.2907,0.01453,0.00214
3456,Line2,SCINet,7,30.91285,69.30158,5.64057,0.10597,0.28088,0.01478,0.00216
3456,Line2,SCINet,14,27.76999,81.44756,6.33986,0.12129,0.18193,0.01011,0.00148
3456,Line2,SCINet,28,24.95903,95.65657,6.78734,0.13145,0.21385,0.01337,0.00196
3456,Line2,SegRNN,1,4.12308,43.85182,3.53778,0.06543,0.01505,0.00075,0.00011
3456,Line2,SegRNN,7,3.36082,58.22056,4.53634,0.08676,0.01513,0.0008,0.00012
3456,Line2,SegRNN,14,3.33993,335.80438,13.54345,0.25825,0.0153,0.00085,0.00012
3456,Line2,SegRNN,28,3.28125,336.60922,13.76345,0.26334,0.01816,0.00114,0.00017
1234,Line2,SARIMAX,1,5.524418831,0.0459,0.214180055,0.2859,,,
1234,Line2,SARIMAX,7,5.648605108,0.4345,0.561946062,0.9437,,,
1234,Line2,SARIMAX,14,5.513953924,0.497,0.61085585,1.0225,,,
1234,Line2,SARIMAX,28,5.52310586,0.7798,0.720399778,1.1644,,,
1234,Line9,SegRNN,1,3.1449,18.96307,2.38971,0.07151,0.01667,0.00083,0.00012
1234,Line9,SegRNN,7,3.97526,26.86702,2.98521,0.0917,0.014,0.00074,0.00011
1234,Line9,SegRNN,14,3.99272,148.13461,9.04006,0.27654,0.01661,0.00092,0.00014
1234,Line9,SegRNN,28,3.83938,144.49379,8.96465,0.2756,0.01514,0.00095,0.00014
3047,Line4,XGBoost,1,0.149781704,0.000139361,0.011805115,0.010799666,,,
3047,Line4,XGBoost,7,0.150515079,43.34609473,6.051250959,5.642734489,,,
3047,Line4,XGBoost,14,0.214382172,136.1216911,10.94971743,10.27134118,,,
3047,Line4,XGBoost,28,0.25256753,128.5519782,10.01329964,9.278605502,,,
3456,Line4,XGBoost,1,0.147063017,2.069595002,1.438608704,1.316081515,,,
3456,Line4,XGBoost,7,0.153204679,42.79909444,6.027343706,5.617741282,,,
3456,Line4,XGBoost,14,0.230752707,138.2803876,10.97846826,10.29607611,,,
3456,Line4,XGBoost,28,0.241783857,108.3660492,9.301462413,8.655153373,,,
5678,Line4,XGBoost,1,0.163091898,1.308420972,1.143862305,1.046438848,,,
5678,Line4,XGBoost,7,0.155060291,32.11505603,5.163744202,4.793259117,,,
5678,Line4,XGBoost,14,0.240757942,139.1271569,10.98240468,10.25756011,,,
5678,Line4,XGBoost,28,0.250477314,116.8245789,9.67126952,9.003579284,,,
9012,Line4,XGBoost,1,0.448121786,1.218139436,1.103693542,1.009691284,,,
9012,Line4,XGBoost,7,0.480636597,53.5630337,6.886029881,6.481879563,,,
9012,Line4,XGBoost,14,0.671174765,134.6386929,10.63938982,9.894463746,,,
9012,Line4,XGBoost,28,0.655373573,117.6132394,9.737039533,9.066352987,,,
3047,Line4,TimeXer,1,6.66112,50.5332,5.05533,0.05736,0.04299,0.00215,0.00032
3047,Line4,TimeXer,7,5.74982,58.75785,5.54334,0.06378,0.03035,0.0016,0.00023
3047,Line4,TimeXer,14,5.50762,77.54822,6.59277,0.07542,0.02917,0.00162,0.00024
3047,Line4,TimeXer,28,4.13077,84.1743,6.9594,0.07842,0.02526,0.00158,0.00023
1234,LineCP,SegRNN,1,4.04207,12.1706,1.87339,0.06465,0.01604,0.0008,0.00012
1234,LineCP,SegRNN,7,3.97094,19.67651,2.6664,0.09435,0.01808,0.00095,0.00014
1234,LineCP,SegRNN,14,3.93629,100.57183,7.37175,0.25933,0.01825,0.00101,0.00015
1234,LineCP,SegRNN,28,3.72214,100.90736,7.41919,0.26096,0.01506,0.00094,0.00014
5678,Line4,TimeXer,1,6.56208,57.07618,5.25641,0.06079,0.03685,0.00184,0.00027
5678,Line4,TimeXer,7,6.61393,57.80875,5.53083,0.06233,0.03724,0.00196,0.00029
5678,Line4,TimeXer,14,6.27842,71.08211,6.27602,0.0708,0.04033,0.00224,0.00033
5678,Line4,TimeXer,28,5.95029,99.98884,7.72668,0.0892,0.03334,0.00208,0.00031
9012,Line4,TimeXer,1,6.75722,47.94425,4.82272,0.05414,0.04401,0.0022,0.00032
9012,Line4,TimeXer,7,6.45544,58.10807,5.48253,0.06287,0.04224,0.00222,0.00032
9012,Line4,TimeXer,14,5.63788,75.63599,6.61091,0.07461,0.03425,0.0019,0.00028
9012,Line4,TimeXer,28,6.10969,78.84764,6.73876,0.07611,0.03227,0.00202,0.0003
3456,Line4,TimeXer,1,6.60803,50.7175,4.96047,0.05615,0.03735,0.00187,0.00027
3456,Line4,TimeXer,7,6.45994,57.80976,5.53905,0.06285,0.04141,0.00218,0.00032
3456,Line4,TimeXer,14,4.62495,100.86167,7.6655,0.08824,0.03121,0.00173,0.00025
3456,Line4,TimeXer,28,4.83566,77.87822,6.6947,0.07677,0.02719,0.0017,0.00025
3047,Line4,TimeMixer,1,4.92027,76.54868,6.71448,0.07648,0.0248,0.00124,0.00018
3047,Line4,TimeMixer,7,4.27677,76.2136,6.81266,0.07842,0.02217,0.00117,0.00017
3047,Line4,TimeMixer,14,3.89761,79.69166,6.84175,0.07844,0.019,0.00106,0.00015
3047,Line4,TimeMixer,28,3.92537,109.30361,8.25213,0.09576,0.02368,0.00148,0.00022
3047,Line4,SCINet,1,27.36358,56.80331,5.51108,0.06244,0.2024,0.01012,0.00149
3047,Line4,SCINet,7,32.13065,72.10808,6.37866,0.07195,0.20918,0.01101,0.00161
3047,Line4,SCINet,14,30.58142,81.35956,6.92143,0.07888,0.18164,0.01009,0.00148
3047,Line4,SCINet,28,21.95093,101.34321,7.92147,0.09111,0.15228,0.00952,0.0014
3047,Line4,SegRNN,1,4.08216,47.25109,4.37677,0.04925,0.01914,0.00096,0.00014
3047,Line4,SegRNN,7,4.01201,53.06487,4.85006,0.05436,0.01811,0.00095,0.00014
3047,Line4,SegRNN,14,3.84889,276.26227,12.85458,0.14702,0.017,0.00094,0.00014
3047,Line4,SegRNN,28,3.79943,282.83957,13.14177,0.15158,0.01813,0.00113,0.00017
1234,LineDX,SegRNN,1,3.87991,0.10062,0.19651,0.04473,0.0173,0.00087,0.00013
1234,LineDX,SegRNN,7,3.49169,0.13215,0.23138,0.05224,0.014,0.00074,0.00011
1234,LineDX,SegRNN,14,3.47717,0.29393,0.3929,0.08949,0.01604,0.00089,0.00013
1234,LineDX,SegRNN,28,3.33166,0.3642,0.44267,0.10093,0.01605,0.001,0.00015
1234,LineFS,SegRNN,1,4.09677,7.74468,1.53308,0.07381,0.01931,0.00097,0.00014
1234,LineFS,SegRNN,7,4.05133,10.68427,1.93458,0.09619,0.018,0.00095,0.00014
1234,LineFS,SegRNN,14,3.90851,61.72127,5.72959,0.2821,0.01609,0.00089,0.00013
1234,LineFS,SegRNN,28,3.66001,60.86536,5.65448,0.27965,0.01649,0.00103,0.00015
1234,LineS1,SegRNN,1,4.11057,0.27137,0.27965,0.07257,0.02127,0.00106,0.00016
1234,LineS1,SegRNN,7,3.92373,0.3805,0.35758,0.09766,0.01701,0.0009,0.00013
1234,LineS1,SegRNN,14,3.81561,2.35021,1.09969,0.29124,0.01526,0.00085,0.00012
1234,LineS1,SegRNN,28,3.71767,2.35631,1.09741,0.29273,0.01413,0.00088,0.00013
1234,LineSD,SegRNN,1,4.06223,0.04086,0.12984,0.05113,0.02013,0.00101,0.00015
1234,LineSD,SegRNN,7,3.81057,0.04857,0.15112,0.06003,0.01306,0.00069,0.0001
1234,LineSD,SegRNN,14,3.97512,0.11037,0.2407,0.09566,0.0192,0.00107,0.00016
1234,LineSD,SegRNN,28,2.6786,0.12135,0.25889,0.10209,0.01721,0.00108,0.00016
1234,LineT1,SegRNN,1,4.19337,0.00186,0.03404,0.33648,0.02117,0.00106,0.00016
1234,LineT1,SegRNN,7,3.91414,0.00356,0.04738,0.4174,0.01813,0.00095,0.00014
1234,LineT1,SegRNN,14,4.00291,0.00365,0.04687,0.40526,0.01206,0.00067,0.0001
1234,LineT1,SegRNN,28,3.73424,0.00384,0.04753,0.43195,0.01605,0.001,0.00015
1234,LineXJ,SegRNN,1,3.28332,0.93562,0.56193,0.22045,0.017,0.00085,0.00012
1234,LineXJ,SegRNN,7,3.16019,1.38712,0.72604,0.28121,0.0185,0.00097,0.00014
1234,LineXJ,SegRNN,14,3.43976,3.34342,1.14387,0.43178,0.01881,0.00104,0.00015
1234,LineXJ,SegRNN,28,3.34063,4.41889,1.3822,0.54499,0.01719,0.00107,0.00016
1234,LineYF,SegRNN,1,4.10508,0.07049,0.17858,0.06614,0.02125,0.00106,0.00016
1234,LineYF,SegRNN,7,3.99985,0.08583,0.19307,0.07263,0.01821,0.00096,0.00014
1234,LineYF,SegRNN,14,3.98361,0.39679,0.48977,0.18745,0.01812,0.00101,0.00015
1234,LineYF,SegRNN,28,3.86725,0.39129,0.48946,0.18733,0.01645,0.00103,0.00015
5678,Line4,TimeMixer,1,4.16962,65.01649,5.81474,0.06612,0.02415,0.00121,0.00018
5678,Line4,TimeMixer,7,4.11256,86.48234,7.21845,0.08241,0.02262,0.00119,0.00017
5678,Line4,TimeMixer,14,4.39018,96.33164,7.73597,0.089,0.02417,0.00134,0.0002
5678,Line4,TimeMixer,28,4.72347,108.28928,8.20328,0.09509,0.02367,0.00148,0.00022
5678,Line4,SCINet,1,37.20182,54.27573,5.0033,0.0572,0.27213,0.01361,0.002
5678,Line4,SCINet,7,34.51788,70.2729,6.37353,0.07296,0.26763,0.01409,0.00206
5678,Line4,SCINet,14,24.02229,76.73688,6.66635,0.07596,0.16053,0.00892,0.00131
5678,Line4,SCINet,28,32.36595,93.99066,7.53703,0.08654,0.25803,0.01613,0.00237
5678,Line4,SegRNN,1,3.92082,45.19485,4.21057,0.04717,0.01742,0.00087,0.00013
5678,Line4,SegRNN,7,4.06181,53.31522,4.86798,0.05465,0.01721,0.00091,0.00013
5678,Line4,SegRNN,14,3.92834,271.73004,12.72548,0.14575,0.01874,0.00104,0.00015
5678,Line4,SegRNN,28,3.84302,284.78146,13.18316,0.15205,0.02066,0.00129,0.00019
9012,Line4,TimeMixer,1,4.74259,65.92256,5.86717,0.06759,0.02472,0.00124,0.00018
9012,Line4,TimeMixer,7,4.9745,77.82047,6.83488,0.07739,0.02972,0.00156,0.00023
9012,Line4,TimeMixer,14,4.66578,84.05965,7.10089,0.08036,0.0263,0.00146,0.00021
9012,Line4,TimeMixer,28,4.61404,102.58646,7.92619,0.09091,0.01908,0.00119,0.00018
9012,Line4,SCINet,1,33.89009,60.95724,5.63737,0.06415,0.26228,0.01311,0.00193
9012,Line4,SCINet,7,35.52539,75.70086,6.50384,0.0734,0.25906,0.01363,0.00199
9012,Line4,SCINet,14,36.3275,83.95498,7.06927,0.08054,0.25248,0.01403,0.00205
9012,Line4,SCINet,28,29.42738,92.54133,7.52843,0.0859,0.15585,0.00974,0.00143
9012,Line4,SegRNN,1,3.47908,47.37348,4.29891,0.04825,0.01999,0.001,0.00015
9012,Line4,SegRNN,7,3.44741,56.34586,5.05589,0.05746,0.01848,0.00097,0.00014
9012,Line4,SegRNN,14,3.62603,271.03568,12.74573,0.14599,0.0162,0.0009,0.00013
9012,Line4,SegRNN,28,3.64591,281.06824,13.06196,0.15076,0.01612,0.00101,0.00015
3456,Line4,TimeMixer,1,4.97546,72.5788,6.73952,0.07575,0.02573,0.00129,0.00019
3456,Line4,TimeMixer,7,4.7382,90.96451,7.49277,0.08528,0.02319,0.00122,0.00018
3456,Line4,TimeMixer,14,4.88904,98.99066,7.67374,0.08758,0.02369,0.00132,0.00019
3456,Line4,TimeMixer,28,4.64261,117.21055,8.54861,0.09873,0.022,0.00137,0.0002
3456,Line4,SCINet,1,37.91525,61.97607,5.71476,0.06457,0.29648,0.01482,0.00218
3456,Line4,SCINet,7,30.83562,69.72512,6.21209,0.06945,0.16895,0.00889,0.0013
3456,Line4,SCINet,14,23.84124,95.68193,7.60109,0.08687,0.27095,0.01505,0.0022
3456,Line4,SCINet,28,32.24334,98.61491,7.78323,0.08906,0.24041,0.01503,0.00221
3456,Line4,SegRNN,1,4.15419,47.55199,4.23628,0.04749,0.02013,0.00101,0.00015
3456,Line4,SegRNN,7,4.02452,53.09525,4.8543,0.05439,0.02329,0.00123,0.00018
3456,Line4,SegRNN,14,3.84608,276.77173,12.84123,0.14698,0.01713,0.00095,0.00014
3456,Line4,SegRNN,28,2.85492,298.22925,13.50648,0.15697,0.01609,0.00101,0.00015
1234,Line4,SARIMAX,1,3.745437145,0.4507,0.67135012,0.6142,,,
1234,Line4,SARIMAX,7,3.72167778,1.5102,0.922392713,0.8973,,,
1234,Line4,SARIMAX,14,3.748489618,1.9683,1.071662057,1.0481,,,
1234,Line4,SARIMAX,28,3.716893435,1.8043,1.020154078,0.997,,,
1234,LineYZ,SegRNN,1,3.77597,4.23627,1.14294,0.07497,0.01972,0.00099,0.00015
1234,LineYZ,SegRNN,7,3.51749,6.04098,1.50572,0.10144,0.01504,0.00079,0.00012
1234,LineYZ,SegRNN,14,3.4545,32.90094,4.19198,0.27538,0.01892,0.00105,0.00015
1234,LineYZ,SegRNN,28,3.37631,33.04985,4.2041,0.2781,0.01611,0.00101,0.00015
3047,Line5,XGBoost,1,0.157587528,0.982442255,0.991182251,1.18946628,,,
3047,Line5,XGBoost,7,0.152431488,37.83894372,5.450072065,6.721178012,,,
3047,Line5,XGBoost,14,0.226847887,229.271037,13.28384697,16.15498319,,,
3047,Line5,XGBoost,28,0.26274085,204.5695322,12.29498341,15.10438934,,,
3456,Line5,XGBoost,1,0.135570288,0.859392597,0.927034302,1.112485662,,,
3456,Line5,XGBoost,7,0.147074938,20.06617525,3.883015246,4.726726927,,,
3456,Line5,XGBoost,14,0.241280317,320.0947448,15.73755829,19.15045465,,,
3456,Line5,XGBoost,28,0.219328403,195.2409965,11.96485788,14.6521941,,,
5678,Line5,XGBoost,1,0.147057056,0.223261441,0.472505493,0.567029273,,,
5678,Line5,XGBoost,7,0.139053345,29.98060378,4.809121726,5.936321416,,,
5678,Line5,XGBoost,14,0.234493732,300.8941277,15.24081256,18.54882224,,,
5678,Line5,XGBoost,28,0.251186371,203.1343958,12.30284725,15.13787824,,,
9012,Line5,XGBoost,1,0.173526287,0.160888927,0.401109619,0.481350797,,,
9012,Line5,XGBoost,7,0.152024031,29.87933071,4.775477295,5.872748152,,,
9012,Line5,XGBoost,14,0.2512815,275.0542862,14.45599794,17.50271559,,,
9012,Line5,XGBoost,28,0.218765736,207.7853957,12.37861207,15.17479783,,,
3047,Line5,TimeXer,1,5.35446,47.13331,4.46205,0.07003,0.03401,0.0017,0.00025
3047,Line5,TimeXer,7,6.56345,78.41717,5.9563,0.09785,0.04359,0.00229,0.00034
3047,Line5,TimeXer,14,5.43224,97.32593,6.74913,0.1078,0.03327,0.00185,0.00027
3047,Line5,TimeXer,28,6.07764,88.52993,6.22796,0.10114,0.03736,0.00233,0.00034
1234,Line1,SCINet,1,36.19496,68.21211,5.79737,0.07205,0.26617,0.01331,0.00196
1234,Line1,SCINet,7,31.06879,129.4579,8.04483,0.10244,0.2901,0.01527,0.00223
1234,Line1,SCINet,14,30.35062,140.20529,8.54824,0.10718,0.27484,0.01527,0.00223
1234,Line1,SCINet,28,27.91371,173.29057,9.46824,0.12137,0.20053,0.01253,0.00184
5678,Line5,TimeXer,1,5.56932,55.07118,4.81851,0.07712,0.04029,0.00201,0.0003
5678,Line5,TimeXer,7,4.81083,86.26334,6.28277,0.10088,0.03559,0.00187,0.00027
5678,Line5,TimeXer,14,5.7107,85.57388,6.10208,0.09907,0.02972,0.00165,0.00024
5678,Line5,TimeXer,28,4.63624,103.85129,6.80688,0.10941,0.02323,0.00145,0.00021
9012,Line5,TimeXer,1,6.67973,50.28253,4.44933,0.06915,0.04434,0.00222,0.00033
9012,Line5,TimeXer,7,5.3007,74.2659,5.67053,0.09215,0.03063,0.00161,0.00024
9012,Line5,TimeXer,14,5.16403,85.15484,6.13144,0.09818,0.03111,0.00173,0.00025
9012,Line5,TimeXer,28,5.38337,89.07323,6.26646,0.10104,0.03631,0.00227,0.00033
3456,Line5,TimeXer,1,6.23107,59.2155,4.7929,0.07473,0.03936,0.00197,0.00029
3456,Line5,TimeXer,7,6.35121,89.25758,6.30492,0.10415,0.03926,0.00207,0.0003
3456,Line5,TimeXer,14,5.18823,100.59061,6.70061,0.11054,0.02521,0.0014,0.0002
3456,Line5,TimeXer,28,5.91618,98.10636,6.53071,0.10733,0.04048,0.00253,0.00037
3047,Line5,TimeMixer,1,4.5174,98.75781,7.29168,0.11311,0.02731,0.00137,0.0002
3047,Line5,TimeMixer,7,4.81816,109.81634,7.57862,0.11838,0.023,0.00121,0.00018
3047,Line5,TimeMixer,14,4.63823,99.06711,6.96178,0.11015,0.0241,0.00134,0.0002
3047,Line5,TimeMixer,28,4.6576,111.54188,7.58103,0.12206,0.02461,0.00154,0.00023
3047,Line5,SCINet,1,31.03371,49.181,4.64316,0.07194,0.30037,0.01502,0.00221
3047,Line5,SCINet,7,29.22951,84.79144,6.3005,0.09966,0.18156,0.00956,0.0014
3047,Line5,SCINet,14,31.77394,92.4593,6.45608,0.10309,0.17348,0.00964,0.00141
3047,Line5,SCINet,28,25.23931,102.87326,6.9366,0.11034,0.24392,0.01524,0.00224
3047,Line5,SegRNN,1,3.99743,49.62824,3.84998,0.05995,0.02011,0.00101,0.00015
3047,Line5,SegRNN,7,3.54107,66.24259,5.01965,0.07913,0.01822,0.00096,0.00014
3047,Line5,SegRNN,14,3.82174,400.92566,14.69091,0.23204,0.01716,0.00095,0.00014
3047,Line5,SegRNN,28,3.84111,401.75726,14.90184,0.23617,0.01914,0.0012,0.00018
1234,Line10,SCINet,1,34.78021,276.18094,11.14861,0.0829,0.21233,0.01062,0.00156
1234,Line10,SCINet,7,31.54434,477.51938,14.46201,0.11049,0.28106,0.01479,0.00216
1234,Line10,SCINet,14,25.80163,529.96387,15.6826,0.11783,0.17491,0.00972,0.00142
1234,Line10,SCINet,28,29.65706,591.54114,16.34853,0.12492,0.2416,0.0151,0.00222
1234,Line11,SCINet,1,34.31727,0.02957,0.12968,0.20106,0.26517,0.01326,0.00195
1234,Line11,SCINet,7,33.75577,0.02798,0.12598,0.19649,0.25482,0.01341,0.00196
1234,Line11,SCINet,14,28.12491,0.02536,0.1193,0.19042,0.22137,0.0123,0.0018
1234,Line11,SCINet,28,27.44484,0.02631,0.1246,0.19538,0.18335,0.01146,0.00168
1234,Line13,SCINet,1,27.25394,33.89519,3.86144,0.10368,0.30307,0.01515,0.00223
1234,Line13,SCINet,7,23.7192,57.6641,4.94998,0.14009,0.22408,0.01179,0.00172
1234,Line13,SCINet,14,32.89318,64.37429,5.4078,0.14993,0.26186,0.01455,0.00213
1234,Line13,SCINet,28,28.15094,72.57834,5.59603,0.16061,0.22243,0.0139,0.00204
1234,Line14,SCINet,1,27.45097,52.07885,4.70598,0.07018,0.19416,0.00971,0.00143
1234,Line14,SCINet,7,32.37238,92.43887,6.38124,0.09806,0.30924,0.01628,0.00238
1234,Line14,SCINet,14,33.26305,103.49027,6.96202,0.10564,0.23891,0.01327,0.00194
1234,Line14,SCINet,28,27.50338,116.49814,7.20855,0.11198,0.15529,0.00971,0.00142
1234,Line15,SCINet,1,31.56025,15.582,2.56886,0.08795,0.28481,0.01424,0.00209
1234,Line15,SCINet,7,32.63156,28.13217,3.49996,0.12387,0.18378,0.00967,0.00141
1234,Line15,SCINet,14,35.10199,31.72568,3.84997,0.13283,0.26134,0.01452,0.00212
1234,Line15,SCINet,28,33.35202,35.45924,3.97036,0.14127,0.23787,0.01487,0.00218
1234,Line16,SCINet,1,35.81127,10.17775,2.11591,0.08507,0.23751,0.01188,0.00175
1234,Line16,SCINet,7,27.43805,16.11861,2.61012,0.11018,0.18608,0.00979,0.00143
1234,Line16,SCINet,14,30.29525,18.55933,2.91163,0.12042,0.26016,0.01445,0.00212
1234,Line16,SCINet,28,31.83242,20.82105,3.06943,0.12984,0.23488,0.01468,0.00215
1234,Line17,SCINet,1,32.54197,1.86954,0.92768,0.08427,0.20474,0.01024,0.00151
1234,Line17,SCINet,7,27.53702,3.68066,1.33479,0.1245,0.27129,0.01428,0.00209
1234,Line17,SCINet,14,27.07326,4.72483,1.48565,0.14227,0.21174,0.01176,0.00172
1234,Line17,SCINet,28,28.91766,4.82611,1.52754,0.14509,0.20668,0.01292,0.0019
5678,Line5,TimeMixer,1,4.99528,76.952,5.72181,0.09009,0.02921,0.00146,0.00021
5678,Line5,TimeMixer,7,5.01649,104.90253,7.46756,0.11744,0.02666,0.0014,0.00021
5678,Line5,TimeMixer,14,4.59696,113.59649,7.9574,0.12776,0.02521,0.0014,0.0002
5678,Line5,TimeMixer,28,4.44957,128.71254,8.54919,0.138,0.01906,0.00119,0.00017
5678,Line5,SCINet,1,36.85713,45.05277,4.54945,0.07144,0.20816,0.01041,0.00153
5678,Line5,SCINet,7,27.97691,79.13113,6.06702,0.09502,0.18216,0.00959,0.0014
5678,Line5,SCINet,14,34.1878,90.48121,6.65946,0.10505,0.28662,0.01592,0.00233
5678,Line5,SCINet,28,33.61639,104.17034,7.0418,0.1128,0.21419,0.01339,0.00197
5678,Line5,SegRNN,1,4.049,50.16017,3.81024,0.05989,0.02008,0.001,0.00015
5678,Line5,SegRNN,7,4.07934,66.88075,5.00542,0.07908,0.01984,0.00104,0.00015
5678,Line5,SegRNN,14,3.65496,392.65707,14.52974,0.23013,0.01705,0.00095,0.00014
5678,Line5,SegRNN,28,3.80357,406.27612,15.01674,0.23804,0.01705,0.00107,0.00016
9012,Line5,TimeMixer,1,4.23291,77.27834,6.5027,0.10278,0.02481,0.00124,0.00018
9012,Line5,TimeMixer,7,4.17205,105.11029,7.54047,0.11814,0.02012,0.00106,0.00015
9012,Line5,TimeMixer,14,4.01551,110.22298,7.61395,0.11986,0.01956,0.00109,0.00016
9012,Line5,TimeMixer,28,4.40352,126.11486,8.22326,0.12936,0.02013,0.00126,0.00018
9012,Line5,SCINet,1,31.39071,50.35968,4.80924,0.07583,0.29519,0.01476,0.00217
9012,Line5,SCINet,7,36.66628,78.9384,6.09234,0.09574,0.29396,0.01547,0.00226
9012,Line5,SCINet,14,31.53711,94.85574,6.68357,0.10643,0.27166,0.01509,0.00221
9012,Line5,SCINet,28,24.71543,103.49519,6.99633,0.11241,0.19126,0.01195,0.00175
9012,Line5,SegRNN,1,3.89974,50.93754,3.77724,0.05988,0.01879,0.00094,0.00014
9012,Line5,SegRNN,7,3.9931,67.52534,5.01013,0.07914,0.01812,0.00095,0.00014
9012,Line5,SegRNN,14,3.87787,395.2299,14.63949,0.2317,0.01818,0.00101,0.00015
9012,Line5,SegRNN,28,3.81728,403.62173,14.90764,0.23622,0.01816,0.00114,0.00017
3456,Line5,TimeMixer,1,5.0078,90.45246,7.06689,0.10774,0.02979,0.00149,0.00022
3456,Line5,TimeMixer,7,4.55092,116.17902,8.25077,0.12916,0.02613,0.00138,0.0002
3456,Line5,TimeMixer,14,4.80969,117.87074,7.71268,0.12152,0.02167,0.0012,0.00018
3456,Line5,TimeMixer,28,3.89873,134.9621,8.57616,0.13733,0.01771,0.00111,0.00016
3456,Line5,SCINet,1,33.97424,47.84844,4.8311,0.07411,0.25689,0.01284,0.00189
3456,Line5,SCINet,7,23.7408,79.97081,6.07691,0.09541,0.1824,0.0096,0.0014
3456,Line5,SCINet,14,30.68993,94.11253,6.67171,0.10579,0.30075,0.01671,0.00245
3456,Line5,SCINet,28,33.18799,103.21792,6.95967,0.11075,0.15781,0.00986,0.00145
3456,Line5,SegRNN,1,3.15432,54.37787,4.12575,0.06523,0.01803,0.0009,0.00013
3456,Line5,SegRNN,7,3.96863,66.67317,5.00143,0.0789,0.01914,0.00101,0.00015
3456,Line5,SegRNN,14,3.96042,400.38916,14.7031,0.2324,0.01615,0.0009,0.00013
3456,Line5,SegRNN,28,3.70074,404.662,14.97036,0.2367,0.01718,0.00107,0.00016
1234,Line5,SARIMAX,1,5.296036243,1.4326,1.196903881,1.4363,,,
1234,Line5,SARIMAX,7,5.327896357,0.3578,0.413625438,0.549,,,
1234,Line5,SARIMAX,14,5.323168278,0.6026,0.583810819,0.7833,,,
1234,Line5,SARIMAX,28,5.338813305,0.8289,0.72893935,1.0026,,,
1234,Line19,SCINet,1,33.71561,4.65107,1.43023,0.09833,0.26186,0.01309,0.00193
1234,Line19,SCINet,7,26.13057,8.66165,1.96725,0.13476,0.23181,0.0122,0.00178
1234,Line19,SCINet,14,30.15212,9.31624,2.06273,0.14116,0.17665,0.00981,0.00144
1234,Line19,SCINet,28,24.56516,10.37718,2.12621,0.15053,0.15778,0.00986,0.00145
3047,Line6,XGBoost,1,0.153544426,0.102064728,0.319475708,0.315344693,,,
3047,Line6,XGBoost,7,0.147114992,134.2029502,8.710277645,8.89169781,,,
3047,Line6,XGBoost,14,0.232756615,378.5557909,17.05534623,17.41411683,,,
3047,Line6,XGBoost,28,0.20441103,217.3514999,12.6930184,13.05270049,,,
3456,Line6,XGBoost,1,0.15563941,0.319489209,0.565233765,0.557924948,,,
3456,Line6,XGBoost,7,0.187741995,126.1904702,8.171918248,8.499222573,,,
3456,Line6,XGBoost,14,0.229305029,308.4281788,15.36001302,15.68439357,,,
3456,Line6,XGBoost,28,0.223502159,248.1929689,13.45895334,13.74268137,,,
5678,Line6,XGBoost,1,0.145351171,0.364372204,0.603632507,0.595827171,,,
5678,Line6,XGBoost,7,0.147594213,112.1381365,7.247616991,7.345697472,,,
5678,Line6,XGBoost,14,0.238260984,424.8128994,17.93353387,18.20989129,,,
5678,Line6,XGBoost,28,0.224322081,212.2475167,12.65709675,13.06243297,,,
9012,Line6,XGBoost,1,0.152656794,0.254924528,0.504900513,0.498371842,,,
9012,Line6,XGBoost,7,0.152143955,120.5367538,8.04172699,8.388532945,,,
9012,Line6,XGBoost,14,0.234807491,374.1514277,16.67943367,16.84583864,,,
9012,Line6,XGBoost,28,0.232326031,192.8869758,11.99163552,12.32352668,,,
3047,Line6,TimeXer,1,6.49893,95.23527,5.98054,0.07811,0.03732,0.00187,0.00027
3047,Line6,TimeXer,7,5.94893,139.00871,7.89546,0.10873,0.03832,0.00202,0.00029
3047,Line6,TimeXer,14,6.23808,149.94437,8.09496,0.10837,0.03778,0.0021,0.00031
3047,Line6,TimeXer,28,5.84956,150.64405,8.27212,0.10991,0.0333,0.00208,0.00031
1234,Line2,SCINet,1,33.92182,43.8293,4.44423,0.08204,0.25163,0.01258,0.00185
1234,Line2,SCINet,7,25.57644,72.70558,5.92549,0.11136,0.25381,0.01336,0.00195
1234,Line2,SCINet,14,36.45114,79.16885,6.19843,0.11677,0.29115,0.01617,0.00237
1234,Line2,SCINet,28,28.28174,97.35941,6.8863,0.13224,0.20607,0.01288,0.00189
5678,Line6,TimeXer,1,5.44097,91.82411,6.38745,0.08242,0.0323,0.00162,0.00024
5678,Line6,TimeXer,7,5.26808,127.93078,7.43027,0.10087,0.03154,0.00166,0.00024
5678,Line6,TimeXer,14,5.31921,176.61546,9.2889,0.1244,0.03827,0.00213,0.00031
5678,Line6,TimeXer,28,6.03597,164.04004,8.48125,0.11346,0.03221,0.00201,0.0003
9012,Line6,TimeXer,1,6.77751,87.43076,5.87803,0.07537,0.04435,0.00222,0.00033
9012,Line6,TimeXer,7,6.50224,126.2166,7.20972,0.09649,0.04021,0.00212,0.00031
9012,Line6,TimeXer,14,6.30306,142.88513,7.85511,0.10552,0.03846,0.00214,0.00031
9012,Line6,TimeXer,28,5.98833,155.72549,8.53426,0.1128,0.03269,0.00204,0.0003
3456,Line6,TimeXer,1,6.49028,99.61116,6.24312,0.078,0.03526,0.00176,0.00026
3456,Line6,TimeXer,7,6.52629,136.62317,7.79919,0.10449,0.03733,0.00196,0.00029
3456,Line6,TimeXer,14,5.99497,155.91942,8.33017,0.1121,0.02929,0.00163,0.00024
3456,Line6,TimeXer,28,5.56177,159.38585,8.23694,0.11289,0.02812,0.00176,0.00026
3047,Line6,TimeMixer,1,4.55212,166.8283,9.54545,0.12254,0.02517,0.00126,0.00019
3047,Line6,TimeMixer,7,4.17156,185.23486,9.82868,0.12752,0.02325,0.00122,0.00018
3047,Line6,TimeMixer,14,4.80458,171.09877,9.26723,0.12074,0.02514,0.0014,0.0002
3047,Line6,TimeMixer,28,4.58863,187.28397,9.89482,0.13225,0.02116,0.00132,0.00019
3047,Line6,SCINet,1,34.65464,88.2719,6.0176,0.07717,0.28666,0.01433,0.00211
3047,Line6,SCINet,7,31.7707,144.57718,8.07999,0.10641,0.19704,0.01037,0.00152
3047,Line6,SCINet,14,23.86167,156.68335,8.37126,0.11082,0.16511,0.00917,0.00134
3047,Line6,SCINet,28,33.17618,169.36095,8.85381,0.11632,0.26439,0.01652,0.00243
3047,Line6,SegRNN,1,4.12977,86.55476,4.98441,0.06475,0.01627,0.00081,0.00012
3047,Line6,SegRNN,7,3.5137,110.92574,6.33346,0.08334,0.01502,0.00079,0.00012
3047,Line6,SegRNN,14,3.39991,687.11304,19.15953,0.2529,0.01704,0.00095,0.00014
3047,Line6,SegRNN,28,3.57899,683.75415,19.30166,0.25524,0.05017,0.00314,0.00046
1234,Line4,SCINet,1,22.88148,51.77031,5.27302,0.06047,0.18128,0.00906,0.00133
1234,Line4,SCINet,7,35.86836,75.9545,6.43479,0.07265,0.2915,0.01534,0.00224
1234,Line4,SCINet,14,31.42184,85.44427,7.16282,0.08145,0.26764,0.01487,0.00218
1234,Line4,SCINet,28,25.16596,99.87817,7.86457,0.08987,0.14135,0.00883,0.0013
1234,Line5,SCINet,1,31.05433,48.1996,4.87077,0.07539,0.28136,0.01407,0.00207
1234,Line5,SCINet,7,33.42289,90.29166,6.50866,0.10389,0.27718,0.01459,0.00213
1234,Line5,SCINet,14,30.91473,93.08753,6.76291,0.10539,0.17894,0.00994,0.00145
1234,Line5,SCINet,28,28.32754,106.63638,7.16048,0.11336,0.22356,0.01397,0.00205
1234,Line6,SCINet,1,37.10595,82.49531,6.02919,0.0775,0.34676,0.01734,0.00255
1234,Line6,SCINet,7,30.13209,144.58022,8.10107,0.10695,0.18883,0.00994,0.00145
1234,Line6,SCINet,14,28.11262,156.73828,8.71084,0.112,0.27457,0.01525,0.00223
1234,Line6,SCINet,28,31.21482,177.12782,9.27552,0.1213,0.23092,0.01443,0.00212
1234,Line7,SCINet,1,29.00401,16.36975,2.75087,0.05974,0.2468,0.01234,0.00181
1234,Line7,SCINet,7,24.61081,26.27983,3.58272,0.07942,0.1844,0.00971,0.00142
1234,Line7,SCINet,14,31.25547,27.26685,3.74675,0.08166,0.25164,0.01398,0.00205
1234,Line7,SCINet,28,30.59766,33.0139,4.18019,0.09253,0.20763,0.01298,0.0019
1234,Line8,SCINet,1,29.07593,32.16287,4.30324,0.07175,0.19548,0.00977,0.00144
1234,Line8,SCINet,7,29.43322,41.97297,5.06055,0.0847,0.28033,0.01475,0.00216
1234,Line8,SCINet,14,28.9797,50.85372,5.62661,0.0956,0.29467,0.01637,0.0024
1234,Line8,SCINet,28,30.93823,52.39685,5.70721,0.0973,0.15523,0.0097,0.00142
1234,Line9,SCINet,1,29.91904,21.12309,3.0897,0.0915,0.28896,0.01445,0.00212
1234,Line9,SCINet,7,32.57889,32.86231,3.89674,0.11921,0.28841,0.01518,0.00222
1234,Line9,SCINet,14,32.84016,35.85148,4.17456,0.12482,0.18314,0.01017,0.00149
1234,Line9,SCINet,28,25.0574,40.21817,4.37308,0.13378,0.2229,0.01393,0.00204
1234,LineCP,SCINet,1,34.80438,11.78063,2.35131,0.07912,0.28578,0.01429,0.0021
1234,LineCP,SCINet,7,31.51642,23.47439,3.31258,0.1146,0.25849,0.0136,0.00199
1234,LineCP,SCINet,14,26.08005,26.54417,3.60167,0.12344,0.27865,0.01548,0.00227
1234,LineCP,SCINet,28,32.24177,29.55922,3.74689,0.13105,0.25628,0.01602,0.00235
5678,Line6,TimeMixer,1,4.94218,131.64655,7.56586,0.09868,0.02718,0.00136,0.0002
5678,Line6,TimeMixer,7,5.01929,173.466,9.53569,0.12408,0.02509,0.00132,0.00019
5678,Line6,TimeMixer,14,4.0692,187.89859,10.31963,0.13816,0.02099,0.00117,0.00017
5678,Line6,TimeMixer,28,3.77333,212.26161,11.05208,0.14812,0.01921,0.0012,0.00018
5678,Line6,SCINet,1,30.25236,81.56845,6.00184,0.07823,0.19877,0.00994,0.00146
5678,Line6,SCINet,7,29.94495,130.938,7.77484,0.10056,0.24145,0.01271,0.00186
5678,Line6,SCINet,14,34.36791,149.56271,8.48066,0.11059,0.17297,0.00961,0.00141
5678,Line6,SCINet,28,26.49036,170.55812,8.88059,0.11788,0.14033,0.00877,0.00129
5678,Line6,SegRNN,1,4.05726,88.63336,5.01527,0.06576,0.01899,0.00095,0.00014
5678,Line6,SegRNN,7,3.49548,112.94093,6.39171,0.0844,0.01698,0.00089,0.00013
5678,Line6,SegRNN,14,3.46283,673.6886,18.97333,0.25113,0.01803,0.001,0.00015
5678,Line6,SegRNN,28,3.44183,690.8673,19.45497,0.25732,0.01567,0.00098,0.00014
9012,Line6,TimeMixer,1,4.97839,140.43034,8.81128,0.11596,0.02825,0.00141,0.00021
9012,Line6,TimeMixer,7,4.93222,177.43774,9.84605,0.12765,0.02727,0.00144,0.00021
9012,Line6,TimeMixer,14,4.83061,184.07314,9.90332,0.12908,0.02039,0.00113,0.00017
9012,Line6,TimeMixer,28,4.29344,207.32138,10.50952,0.13587,0.02115,0.00132,0.00019
9012,Line6,SCINet,1,35.28814,88.04743,6.29874,0.08213,0.29607,0.0148,0.00218
9012,Line6,SCINet,7,33.25771,132.58195,7.8597,0.10189,0.18587,0.00978,0.00143
9012,Line6,SCINet,14,22.23045,157.79834,8.47063,0.11156,0.21814,0.01212,0.00177
9012,Line6,SCINet,28,30.6484,166.55365,8.73,0.1151,0.22529,0.01408,0.00207
9012,Line6,SegRNN,1,3.91217,87.82272,4.85887,0.06273,0.0201,0.001,0.00015
9012,Line6,SegRNN,7,3.79683,114.63789,6.39933,0.08432,0.02072,0.00109,0.00016
9012,Line6,SegRNN,14,3.90992,678.3043,19.11346,0.25286,0.01813,0.00101,0.00015
9012,Line6,SegRNN,28,3.4616,686.2946,19.28943,0.25507,0.01813,0.00113,0.00017
3456,Line6,TimeMixer,1,4.16919,149.43787,9.34795,0.11812,0.02229,0.00111,0.00016
3456,Line6,TimeMixer,7,4.1822,198.65114,11.03135,0.14309,0.02616,0.00138,0.0002
3456,Line6,TimeMixer,14,4.89036,197.31721,10.01401,0.13132,0.02613,0.00145,0.00021
3456,Line6,TimeMixer,28,4.42801,223.6538,11.05618,0.14714,0.01854,0.00116,0.00017
3456,Line6,SCINet,1,30.4331,83.41683,6.24681,0.07909,0.19659,0.00983,0.00145
3456,Line6,SCINet,7,31.47614,130.8786,7.7968,0.10042,0.25706,0.01353,0.00198
3456,Line6,SCINet,14,32.7376,158.33055,8.62866,0.11332,0.2701,0.01501,0.0022
3456,Line6,SCINet,28,32.71205,169.35527,8.85401,0.11631,0.21554,0.01347,0.00198
3456,Line6,SegRNN,1,3.26358,96.15717,5.34432,0.07047,0.01815,0.00091,0.00013
3456,Line6,SegRNN,7,3.47349,112.32074,6.38656,0.08407,0.016,0.00084,0.00012
3456,Line6,SegRNN,14,3.46299,686.7004,19.18804,0.25342,0.01707,0.00095,0.00014
3456,Line6,SegRNN,28,3.28966,687.8953,19.36247,0.25551,0.01505,0.00094,0.00014
1234,Line6,SARIMAX,1,5.049978733,2.6346,1.623157099,1.6022,,,
1234,Line6,SARIMAX,7,5.033568859,7.1487,2.58992802,3.0069,,,
1234,Line6,SARIMAX,14,5.060348034,7.0126,2.568926644,2.9691,,,
1234,Line6,SARIMAX,28,5.092044115,6.8509,2.490846715,2.883,,,
1234,LineDX,SCINet,1,36.25632,0.13343,0.24407,0.05549,0.22918,0.01146,0.00169
1234,LineDX,SCINet,7,22.61607,0.20768,0.32828,0.07454,0.20093,0.01058,0.00155
1234,LineDX,SCINet,14,32.58132,0.2078,0.33316,0.07593,0.26507,0.01473,0.00216
1234,LineDX,SCINet,28,30.73047,0.25309,0.37525,0.08465,0.25362,0.01585,0.00233
3047,Line7,XGBoost,1,0.156991243,3.65570829,1.911990662,3.324044961,,,
3047,Line7,XGBoost,7,0.150044441,24.68918817,4.201955501,7.366459972,,,
3047,Line7,XGBoost,14,0.236994505,76.63667167,8.056697693,14.48157974,,,
3047,Line7,XGBoost,28,0.214310169,70.81489504,7.528361048,13.44155045,,,
3456,Line7,XGBoost,1,0.155500174,3.848027357,1.961638947,3.410359782,,,
3456,Line7,XGBoost,7,0.137637138,23.78636623,4.202881383,7.419933595,,,
3456,Line7,XGBoost,14,0.231322527,87.05396601,8.618477533,15.52092095,,,
3456,Line7,XGBoost,28,0.225844145,72.59503577,7.586591677,13.51450686,,,
5678,Line7,XGBoost,1,0.145529032,3.127136433,1.768371124,3.0743587,,,
5678,Line7,XGBoost,7,0.156815529,19.41175561,3.621606598,6.311139923,,,
5678,Line7,XGBoost,14,0.237322807,87.89815268,8.556154099,15.30961426,,,
5678,Line7,XGBoost,28,0.258814335,78.95038219,7.896032154,14.04453577,,,
9012,Line7,XGBoost,1,0.156980038,3.080937702,1.75526001,3.05156469,,,
9012,Line7,XGBoost,7,0.152750015,25.33655293,4.192594779,7.287453741,,,
9012,Line7,XGBoost,14,0.241868496,77.74297064,7.984816262,14.24578883,,,
9012,Line7,XGBoost,28,0.231252193,82.35176296,8.062598201,14.3382645,,,
3047,Line7,TimeXer,1,5.51539,16.91315,2.67618,0.05898,0.03561,0.00178,0.00026
3047,Line7,TimeXer,7,4.96052,23.22912,3.35118,0.07553,0.03371,0.00177,0.00026
3047,Line7,TimeXer,14,4.86629,28.48005,3.79033,0.08436,0.02822,0.00157,0.00023
3047,Line7,TimeXer,28,6.02944,30.32781,3.85546,0.08579,0.03001,0.00188,0.00028
1234,LineFS,SCINet,1,25.57507,8.2008,2.01549,0.09523,0.27353,0.01368,0.00201
1234,LineFS,SCINet,7,33.8746,13.22777,2.42317,0.11843,0.30196,0.01589,0.00232
1234,LineFS,SCINet,14,34.31888,14.80036,2.65838,0.12841,0.24623,0.01368,0.002
1234,LineFS,SCINet,28,24.953,16.52399,2.74237,0.13506,0.20565,0.01285,0.00189
5678,Line7,TimeXer,1,6.54245,16.91723,2.8473,0.0634,0.03689,0.00184,0.00027
5678,Line7,TimeXer,7,5.73635,26.1452,3.5327,0.08006,0.04345,0.00229,0.00033
5678,Line7,TimeXer,14,5.5245,27.09413,3.72557,0.08308,0.03935,0.00219,0.00032
5678,Line7,TimeXer,28,6.02258,31.32242,3.95901,0.08803,0.03735,0.00233,0.00034
9012,Line7,TimeXer,1,6.40308,15.4331,2.67753,0.05884,0.03796,0.0019,0.00028
9012,Line7,TimeXer,7,6.48373,22.13835,3.10652,0.06947,0.0344,0.00181,0.00026
9012,Line7,TimeXer,14,5.5964,26.5438,3.63794,0.07962,0.02765,0.00154,0.00022
9012,Line7,TimeXer,28,4.99386,29.03766,3.70321,0.08278,0.02563,0.0016,0.00024
3456,Line7,TimeXer,1,5.38392,17.12257,2.82322,0.06283,0.03471,0.00174,0.00026
3456,Line7,TimeXer,7,5.04889,22.5013,3.19211,0.07086,0.03635,0.00191,0.00028
3456,Line7,TimeXer,14,5.43238,37.06133,4.36033,0.09843,0.03079,0.00171,0.00025
3456,Line7,TimeXer,28,6.05988,30.64748,3.79059,0.08459,0.03129,0.00196,0.00029
3047,Line7,TimeMixer,1,4.17782,26.65438,3.87398,0.08527,0.02371,0.00119,0.00017
3047,Line7,TimeMixer,7,4.20653,28.75387,3.96516,0.0885,0.02382,0.00125,0.00018
3047,Line7,TimeMixer,14,4.12284,26.7642,3.62215,0.08072,0.02318,0.00129,0.00019
3047,Line7,TimeMixer,28,4.62322,35.36939,4.47449,0.10076,0.0232,0.00145,0.00021
3047,Line7,SCINet,1,36.43833,16.8309,2.79389,0.06108,0.23505,0.01175,0.00173
3047,Line7,SCINet,7,28.759,26.19048,3.59463,0.07883,0.18801,0.0099,0.00145
3047,Line7,SCINet,14,30.92778,28.86334,3.81943,0.08429,0.26748,0.01486,0.00217
3047,Line7,SCINet,28,33.48168,31.78184,4.07345,0.09064,0.20094,0.01256,0.00184
3047,Line7,SegRNN,1,4.20066,16.24486,2.53845,0.05621,0.02068,0.00103,0.00015
3047,Line7,SegRNN,7,4.04734,19.13286,2.73758,0.06016,0.01724,0.00091,0.00013
3047,Line7,SegRNN,14,3.88957,107.31067,7.79766,0.17233,0.01418,0.00079,0.00012
3047,Line7,SegRNN,28,3.84456,107.17466,7.88293,0.17526,0.01812,0.00113,0.00017
1234,LineS1,SCINet,1,28.36176,0.24463,0.32907,0.08361,0.26708,0.01335,0.00196
1234,LineS1,SCINet,7,32.29642,0.4803,0.45129,0.12129,0.2977,0.01567,0.00229
1234,LineS1,SCINet,14,34.1077,0.57203,0.51164,0.1342,0.28345,0.01575,0.0023
1234,LineS1,SCINet,28,24.23641,0.6339,0.52931,0.14318,0.15943,0.00996,0.00146
1234,LineSD,SCINet,1,27.46245,0.06109,0.17942,0.07202,0.26416,0.01321,0.00194
1234,LineSD,SCINet,7,30.62594,0.06962,0.19316,0.07741,0.27272,0.01435,0.0021
1234,LineSD,SCINet,14,23.1661,0.0729,0.20159,0.08065,0.17999,0.01,0.00146
1234,LineSD,SCINet,28,29.82365,0.08393,0.21883,0.08623,0.24711,0.01544,0.00227
1234,LineT1,SCINet,1,28.40466,0.00299,0.04582,0.42035,0.25283,0.01264,0.00186
1234,LineT1,SCINet,7,26.3869,0.00256,0.04042,0.37671,0.22233,0.0117,0.00171
1234,LineT1,SCINet,14,17.90232,0.00271,0.04137,0.39312,0.17824,0.0099,0.00145
1234,LineT1,SCINet,28,22.03847,0.00273,0.04097,0.41851,0.174,0.01088,0.0016
1234,LineXJ,SCINet,1,26.17216,1.64834,0.80849,0.30564,0.23228,0.01161,0.00171
1234,LineXJ,SCINet,7,33.01752,1.41884,0.77156,0.30385,0.26784,0.0141,0.00206
1234,LineXJ,SCINet,14,30.09579,1.45121,0.79768,0.30987,0.18744,0.01041,0.00152
1234,LineXJ,SCINet,28,26.21408,2.05254,0.91778,0.31743,0.19135,0.01196,0.00176
1234,LineYF,SCINet,1,23.90327,0.09761,0.23909,0.09254,0.17502,0.00875,0.00129
1234,LineYF,SCINet,7,27.27378,0.11405,0.24804,0.09563,0.2651,0.01395,0.00204
1234,LineYF,SCINet,14,31.04557,0.1206,0.25807,0.09927,0.28906,0.01606,0.00235
1234,LineYF,SCINet,28,30.31691,0.12559,0.26418,0.1015,0.23562,0.01473,0.00216
1234,LineYZ,SCINet,1,33.39318,4.22012,1.40998,0.09067,0.2644,0.01322,0.00194
1234,LineYZ,SCINet,7,22.57337,8.31617,1.95757,0.13047,0.20086,0.01057,0.00155
1234,LineYZ,SCINet,14,33.64861,8.76921,2.05715,0.13481,0.26886,0.01494,0.00219
1234,LineYZ,SCINet,28,31.75182,9.59231,2.0888,0.14189,0.24006,0.015,0.0022
5678,Line7,TimeMixer,1,4.26179,22.93311,3.28854,0.07274,0.0235,0.00117,0.00017
5678,Line7,TimeMixer,7,4.8601,29.87298,4.06566,0.09001,0.03428,0.0018,0.00026
5678,Line7,TimeMixer,14,4.8147,33.21167,4.4239,0.09918,0.02115,0.00118,0.00017
5678,Line7,TimeMixer,28,4.78816,37.64499,4.69612,0.10576,0.02105,0.00132,0.00019
5678,Line7,SCINet,1,31.36795,15.23884,2.64136,0.05802,0.29682,0.01484,0.00218
5678,Line7,SCINet,7,36.44265,22.9951,3.37313,0.0736,0.28603,0.01505,0.0022
5678,Line7,SCINet,14,31.58222,25.47423,3.68548,0.0808,0.17846,0.00991,0.00145
5678,Line7,SCINet,28,29.6267,31.92527,4.10273,0.0913,0.25985,0.01624,0.00238
5678,Line7,SegRNN,1,4.10328,15.60263,2.4137,0.05323,0.02,0.001,0.00015
5678,Line7,SegRNN,7,4.01892,19.60305,2.76774,0.0609,0.018,0.00095,0.00014
5678,Line7,SegRNN,14,3.93853,105.18405,7.70442,0.17066,0.01737,0.00096,0.00014
5678,Line7,SegRNN,28,3.80433,108.354,7.93752,0.17653,0.01607,0.001,0.00015
9012,Line7,TimeMixer,1,4.86718,22.96306,3.63091,0.08138,0.02918,0.00146,0.00021
9012,Line7,TimeMixer,7,4.94833,29.14748,4.00756,0.08821,0.02067,0.00109,0.00016
9012,Line7,TimeMixer,14,4.7932,31.06033,4.12925,0.09115,0.02824,0.00157,0.00023
9012,Line7,SCINet,1,36.10824,16.89117,2.91397,0.06325,0.25762,0.01288,0.00189
9012,Line7,SCINet,7,26.14228,25.02871,3.52899,0.07733,0.19003,0.01,0.00146
9012,Line7,SCINet,14,34.02591,28.7387,3.85397,0.0851,0.27654,0.01536,0.00225
9012,Line7,SCINet,28,28.1199,31.60296,4.1028,0.0908,0.22119,0.01382,0.00203
9012,Line7,SegRNN,1,3.61886,15.76267,2.33108,0.05129,0.0183,0.00092,0.00013
9012,Line7,SegRNN,7,3.32169,20.02709,2.81813,0.06223,0.01824,0.00096,0.00014
9012,Line7,SegRNN,14,3.75533,105.56786,7.75036,0.17162,0.01706,0.00095,0.00014
9012,Line7,SegRNN,28,3.76435,107.2307,7.87391,0.17508,0.01814,0.00113,0.00017
3456,Line7,TimeMixer,1,4.69063,26.44188,3.75984,0.08134,0.02513,0.00126,0.00018
3456,Line7,TimeMixer,7,4.94346,32.82626,4.44644,0.09806,0.02662,0.0014,0.0002
3456,Line7,TimeMixer,14,4.92955,34.69957,4.32968,0.09579,0.02766,0.00154,0.00022
3456,Line7,TimeMixer,28,4.6215,40.58877,4.83102,0.10828,0.026,0.00162,0.00024
3456,Line7,SCINet,1,32.64589,18.18161,3.09494,0.06668,0.28476,0.01424,0.00209
3456,Line7,SCINet,7,32.29787,24.70543,3.49276,0.07548,0.23094,0.01215,0.00178
3456,Line7,SCINet,14,28.21239,29.83154,3.91432,0.08633,0.17538,0.00974,0.00143
3456,Line7,SCINet,28,27.24039,32.23833,4.10737,0.09099,0.24777,0.01549,0.00227
3456,Line7,SegRNN,1,3.28032,17.32725,2.45614,0.05368,0.019,0.00095,0.00014
3456,Line7,SegRNN,7,3.91849,19.08907,2.72198,0.05967,0.0196,0.00103,0.00015
3456,Line7,SegRNN,14,3.93498,107.41344,7.80016,0.17257,0.01704,0.00095,0.00014
3456,Line7,SegRNN,28,2.98208,112.51991,8.18016,0.18367,0.01608,0.00101,0.00015
9012,Line7,TimeMixer,28,4.51833,36.70445,4.55704,0.10086,0.02363,0.00148,0.00022
1234,Line7,SARIMAX,1,2.813396931,1.3094,1.14430959,1.9894,,,
1234,Line7,SARIMAX,7,2.809077263,0.3475,0.45740808,0.8209,,,
1234,Line7,SARIMAX,14,2.799071312,0.4543,0.567525669,1.0531,,,
1234,Line7,SARIMAX,28,2.83907485,0.7055,0.714747634,1.3222,,,
3047,Line8,XGBoost,1,0.163570642,68.95456505,8.30388855,10.82080864,,,
3047,Line8,XGBoost,7,0.147301435,129.0281654,10.8216507,14.31678183,,,
3047,Line8,XGBoost,14,0.232798338,305.8299068,17.07558765,22.73265553,,,
3047,Line8,XGBoost,28,0.22131896,176.9256503,12.21872421,16.23710826,,,
3456,Line8,XGBoost,1,0.131084442,67.73022769,8.229837646,10.7243128,,,
3456,Line8,XGBoost,7,0.15150404,138.5637063,11.25579213,14.90945493,,,
3456,Line8,XGBoost,14,0.271844625,304.0817062,17.12447381,22.86424234,,,
3456,Line8,XGBoost,28,0.242585182,190.8195209,12.66836449,16.81035155,,,
5678,Line8,XGBoost,1,0.133288383,57.68071521,7.594782104,9.896771051,,,
5678,Line8,XGBoost,7,0.160668373,140.6109415,11.30332489,14.97442484,,,
5678,Line8,XGBoost,14,0.242249012,314.0148432,17.39780205,23.23455865,,,
5678,Line8,XGBoost,28,0.241514444,177.6784098,12.21329765,16.201484,,,
9012,Line8,XGBoost,1,0.157502174,57.36026992,7.573656311,9.869242,,,
9012,Line8,XGBoost,7,0.148540735,140.44738,11.37018182,15.08502482,,,
9012,Line8,XGBoost,14,0.241928577,328.9018706,17.72195023,23.59797802,,,
9012,Line8,XGBoost,28,0.239356995,181.6617036,12.42778119,16.52160607,,,
3047,Line8,TimeXer,1,6.60495,22.95449,3.44444,0.0591,0.04698,0.00235,0.00035
3047,Line8,TimeXer,7,6.39708,31.4751,4.18099,0.071,0.03679,0.00194,0.00028
3047,Line8,TimeXer,14,6.24818,39.7644,4.80312,0.08226,0.03636,0.00202,0.0003
3047,Line8,TimeXer,28,5.59046,55.8471,5.71272,0.09894,0.03215,0.00201,0.00029
5678,Line8,TimeXer,1,6.71917,21.23823,3.32436,0.05692,0.0414,0.00207,0.0003
5678,Line8,TimeXer,7,5.32939,30.30654,4.02944,0.0682,0.03322,0.00175,0.00026
5678,Line8,TimeXer,14,4.69302,47.69984,5.2945,0.09093,0.03024,0.00168,0.00025
5678,Line8,TimeXer,28,5.32279,56.25047,5.67904,0.09829,0.03145,0.00197,0.00029
9012,Line8,TimeXer,1,5.55928,20.44713,3.29233,0.05547,0.03725,0.00186,0.00027
9012,Line8,TimeXer,7,5.89029,33.42113,4.28899,0.0739,0.0337,0.00177,0.00026
9012,Line8,TimeXer,14,5.48015,50.773,5.42963,0.09259,0.03741,0.00208,0.0003
9012,Line8,TimeXer,28,6.12098,49.58605,5.4223,0.09332,0.03438,0.00215,0.00032
3456,Line8,TimeXer,1,6.43093,19.47659,3.1281,0.05285,0.03882,0.00194,0.00029
3456,Line8,TimeXer,7,6.2542,29.87445,4.07467,0.06935,0.0394,0.00207,0.0003
3456,Line8,TimeXer,14,5.4036,51.97826,5.51223,0.09471,0.0333,0.00185,0.00027
3456,Line8,TimeXer,28,6.02179,43.8855,5.02595,0.08626,0.03212,0.00201,0.00029
3047,Line8,TimeMixer,1,4.72051,29.85305,4.13391,0.07058,0.02522,0.00126,0.00019
3047,Line8,TimeMixer,7,5.02723,34.59143,4.52274,0.07719,0.02535,0.00133,0.0002
3047,Line8,TimeMixer,14,4.92426,41.00211,4.97222,0.08544,0.02317,0.00129,0.00019
3047,Line8,TimeMixer,28,4.64509,51.27713,5.63464,0.09684,0.02331,0.00146,0.00021
3047,Line8,SCINet,1,30.3445,32.26094,4.25424,0.07143,0.19852,0.00993,0.00146
3047,Line8,SCINet,7,32.93145,37.84708,4.69651,0.07815,0.29577,0.01557,0.00228
3047,Line8,SCINet,14,34.25518,49.23371,5.46534,0.09254,0.25662,0.01426,0.00209
3047,Line8,SCINet,28,27.01266,53.6564,5.76909,0.09821,0.13708,0.00857,0.00126
3047,Line8,SegRNN,1,4.18903,21.33064,3.12215,0.05342,0.01814,0.00091,0.00013
3047,Line8,SegRNN,7,3.93124,28.70517,3.83482,0.06446,0.0162,0.00085,0.00012
3047,Line8,SegRNN,14,3.47827,91.92187,7.34127,0.12488,0.01812,0.00101,0.00015
3047,Line8,SegRNN,28,3.78682,108.39796,8.0168,0.13776,0.01814,0.00113,0.00017
5678,Line8,TimeMixer,1,4.98208,27.28565,3.86752,0.06538,0.03049,0.00152,0.00022
5678,Line8,TimeMixer,7,4.90878,37.07947,4.64578,0.07941,0.02853,0.0015,0.00022
5678,Line8,TimeMixer,14,4.5397,42.98934,5.05702,0.08703,0.02168,0.0012,0.00018
5678,Line8,TimeMixer,28,4.6767,55.5861,5.81724,0.10019,0.01918,0.0012,0.00018
5678,Line8,SCINet,1,37.67961,26.98467,3.9599,0.06589,0.20003,0.01,0.00147
5678,Line8,SCINet,7,31.20365,39.38724,4.79981,0.08047,0.26072,0.01372,0.00201
5678,Line8,SCINet,14,35.27401,43.25542,5.20538,0.08839,0.27576,0.01532,0.00224
5678,Line8,SCINet,28,35.0805,52.50053,5.73101,0.09766,0.23066,0.01442,0.00212
5678,Line8,SegRNN,7,3.97825,28.79849,3.83617,0.06455,0.01557,0.00082,0.00012
5678,Line8,SegRNN,14,3.15516,97.34159,7.64714,0.13079,0.01814,0.00101,0.00015
5678,Line8,SegRNN,28,3.72411,108.21379,7.99289,0.13731,0.01582,0.00099,0.00015
9012,Line8,TimeMixer,1,4.28732,24.559,3.59914,0.06133,0.02326,0.00116,0.00017
9012,Line8,TimeMixer,7,4.66794,34.29351,4.48954,0.07612,0.02518,0.00133,0.00019
9012,Line8,TimeMixer,14,4.83713,40.4379,4.97457,0.08459,0.02112,0.00117,0.00017
9012,Line8,TimeMixer,28,4.38597,53.93308,5.70883,0.09853,0.0213,0.00133,0.0002
9012,Line8,SCINet,1,27.33422,35.4421,4.66032,0.07837,0.22915,0.01146,0.00168
9012,Line8,SCINet,7,35.55898,41.3259,5.00849,0.08396,0.27979,0.01473,0.00215
9012,Line8,SCINet,14,32.04328,47.54734,5.38086,0.09123,0.23165,0.01287,0.00188
9012,Line8,SCINet,28,28.5892,53.72479,5.79089,0.09832,0.15466,0.00967,0.00142
9012,Line8,SegRNN,1,4.15734,19.98062,2.97743,0.05055,0.01925,0.00096,0.00014
9012,Line8,SegRNN,7,4.06542,30.12792,3.92383,0.06633,0.01556,0.00082,0.00012
9012,Line8,SegRNN,14,3.98367,91.47564,7.30853,0.12437,0.01714,0.00095,0.00014
9012,Line8,SegRNN,28,3.79011,107.31218,7.95605,0.13665,0.01602,0.001,0.00015
3456,Line8,TimeMixer,1,4.96568,25.03198,3.82934,0.06512,0.02526,0.00126,0.00019
3456,Line8,TimeMixer,7,4.66323,37.52289,4.80609,0.08151,0.02619,0.00138,0.0002
3456,Line8,TimeMixer,14,4.13132,45.49626,5.23554,0.08939,0.0221,0.00123,0.00018
3456,Line8,TimeMixer,28,3.9258,56.15647,5.85421,0.10079,0.01967,0.00123,0.00018
3456,Line8,SCINet,1,37.39294,36.1763,4.4854,0.07541,0.27927,0.01396,0.00205
3456,Line8,SCINet,7,34.42435,38.62104,4.76639,0.0798,0.18167,0.00956,0.0014
3456,Line8,SCINet,14,28.1582,48.05488,5.39218,0.09143,0.28136,0.01563,0.00229
3456,Line8,SCINet,28,34.06695,54.59137,5.8928,0.09991,0.25268,0.01579,0.00232
3456,Line8,SegRNN,1,4.17573,19.92103,2.93604,0.04986,0.0196,0.00098,0.00014
3456,Line8,SegRNN,7,4.0423,28.67078,3.83157,0.06439,0.01969,0.00104,0.00015
3456,Line8,SegRNN,14,3.45733,94.50811,7.48274,0.12789,0.02068,0.00115,0.00017
3456,Line8,SegRNN,28,2.82214,112.89452,8.16035,0.14065,0.01706,0.00107,0.00016
5678,Line8,SegRNN,1,3.71706,19.74208,2.98142,0.05067,0.0161,0.00081,0.00012
1234,Line8,SARIMAX,1,52.41613293,0.5834,0.763788332,0.9953,,,
1234,Line8,SARIMAX,7,52.0709269,6.2023,2.113694848,2.8855,,,
1234,Line8,SARIMAX,14,53.01610279,5.2438,1.871698059,2.5688,,,
1234,Line8,SARIMAX,28,52.548944,4.1129,1.687576548,2.3725,,,
3047,Line9,XGBoost,1,0.144533634,0.42497205,0.651898804,1.454806525,,,
3047,Line9,XGBoost,7,0.132219553,16.38624167,3.460989609,7.889064436,,,
3047,Line9,XGBoost,14,0.235902309,93.59913718,8.505752514,19.20533919,,,
3047,Line9,XGBoost,28,0.229389906,57.87001777,6.586855725,14.7435515,,,
3456,Line9,XGBoost,1,0.15462184,0.231724799,0.481378021,1.07426472,,,
3456,Line9,XGBoost,7,0.149372101,17.60715142,3.795289514,9.036353781,,,
3456,Line9,XGBoost,14,0.227767467,82.38324476,7.95143813,17.89337951,,,
3456,Line9,XGBoost,28,0.236256361,67.18788783,7.106459672,15.93916377,,,
5678,Line9,XGBoost,1,0.127663374,0.59767673,0.773095551,1.725274605,,,
5678,Line9,XGBoost,7,0.152273178,13.62887232,3.151307853,7.296359339,,,
5678,Line9,XGBoost,14,0.212317705,80.84778807,7.863888375,17.69147896,,,
5678,Line9,XGBoost,28,0.261667013,62.17101985,6.836757973,15.30629422,,,
9012,Line9,XGBoost,1,0.157995462,0.849300503,0.921575012,2.056628012,,,
9012,Line9,XGBoost,7,0.155004978,14.12508989,3.304921079,7.673349103,,,
9012,Line9,XGBoost,14,0.225332737,79.81821607,7.773896125,17.42940552,,,
9012,Line9,XGBoost,28,0.221786976,65.12204739,6.956817281,15.56355117,,,
3047,Line9,TimeXer,1,6.554,29.99096,3.36049,0.10505,0.04129,0.00206,0.0003
3047,Line9,TimeXer,7,6.38729,32.10044,3.7662,0.12057,0.0388,0.00204,0.0003
3047,Line9,TimeXer,14,4.91093,33.70801,3.88314,0.12104,0.03134,0.00174,0.00025
3047,Line9,TimeXer,28,4.34956,38.81743,4.19243,0.12858,0.02611,0.00163,0.00024
5678,Line9,TimeXer,1,6.64006,20.1042,2.85,0.08667,0.04286,0.00214,0.00032
5678,Line9,TimeXer,7,6.49718,29.85441,3.63371,0.11129,0.04221,0.00222,0.00032
5678,Line9,TimeXer,14,5.29577,40.29704,4.38678,0.13557,0.03265,0.00181,0.00027
5678,Line9,TimeXer,28,5.64003,38.51134,4.20357,0.1303,0.03232,0.00202,0.0003
9012,Line9,TimeXer,1,6.38071,21.24333,2.96101,0.08941,0.04251,0.00213,0.00031
9012,Line9,TimeXer,7,6.37865,30.82328,3.59752,0.11283,0.04542,0.00239,0.00035
9012,Line9,TimeXer,14,6.16842,32.69284,3.80222,0.11419,0.03022,0.00168,0.00025
9012,Line9,TimeXer,28,5.49442,36.75721,4.09345,0.12553,0.03032,0.00189,0.00028
3456,Line9,TimeXer,1,6.52814,25.84909,3.04407,0.09331,0.04538,0.00227,0.00033
3456,Line9,TimeXer,7,5.41515,33.65782,3.81662,0.12217,0.0337,0.00177,0.00026
3456,Line9,TimeXer,14,5.14152,36.31432,4.16824,0.12852,0.02971,0.00165,0.00024
3456,Line9,TimeXer,28,4.9582,36.20198,3.97705,0.12492,0.0262,0.00164,0.00024
3047,Line9,TimeMixer,1,4.22384,37.39398,4.42139,0.13198,0.02424,0.00121,0.00018
3047,Line9,TimeMixer,7,4.96541,38.93441,4.61964,0.14158,0.02876,0.00151,0.00022
3047,Line9,TimeMixer,14,4.86394,33.33739,3.92316,0.11988,0.0263,0.00146,0.00021
3047,Line9,TimeMixer,28,3.90103,40.87062,4.66966,0.14426,0.01921,0.0012,0.00018
3047,Line9,SCINet,1,31.13939,20.31627,2.89688,0.0858,0.28362,0.01418,0.00209
3047,Line9,SCINet,7,35.60952,33.58638,3.84985,0.11737,0.1891,0.00995,0.00145
3047,Line9,SCINet,14,28.83467,35.38177,3.96413,0.12092,0.16128,0.00896,0.00131
3047,Line9,SCINet,28,24.05878,39.00422,4.23838,0.12963,0.18388,0.01149,0.00169
3047,Line9,SegRNN,1,3.98362,18.72042,2.32658,0.06822,0.016,0.0008,0.00012
3047,Line9,SegRNN,14,3.08528,147.90218,9.09591,0.27829,0.01505,0.00084,0.00012
3047,Line9,SegRNN,28,3.81442,144.73228,8.99283,0.27661,0.01614,0.00101,0.00015
5678,Line9,TimeMixer,1,4.99041,30.85082,3.70088,0.11299,0.02406,0.0012,0.00018
5678,Line9,TimeMixer,7,4.18668,39.66246,4.76538,0.14602,0.01905,0.001,0.00015
5678,Line9,TimeMixer,14,3.91242,42.04232,4.93222,0.15197,0.02118,0.00118,0.00017
5678,Line9,TimeMixer,28,4.07345,47.02423,5.25423,0.16608,0.02123,0.00133,0.00019
5678,Line9,SCINet,1,35.54142,18.49029,2.87606,0.08654,0.25813,0.01291,0.0019
5678,Line9,SCINet,7,31.49584,30.01337,3.64844,0.10874,0.29482,0.01552,0.00227
5678,Line9,SCINet,14,35.62668,33.97651,4.05892,0.12263,0.23971,0.01332,0.00195
5678,Line9,SegRNN,1,3.47451,18.097,2.33057,0.06972,0.0171,0.00086,0.00013
5678,Line9,SegRNN,7,3.5031,26.3706,2.96916,0.09051,0.01656,0.00087,0.00013
5678,Line9,SegRNN,14,3.41275,143.02548,8.86473,0.2717,0.015,0.00083,0.00012
5678,Line9,SegRNN,28,3.79445,146.3348,9.06552,0.27892,0.01918,0.0012,0.00018
9012,Line9,TimeMixer,1,4.81565,33.9372,4.34019,0.13336,0.0235,0.00118,0.00017
9012,Line9,TimeMixer,7,5.04398,38.67143,4.56372,0.13755,0.02258,0.00119,0.00017
9012,Line9,TimeMixer,14,4.60194,40.00422,4.59532,0.13953,0.02118,0.00118,0.00017
9012,Line9,TimeMixer,28,4.23703,45.1682,4.92014,0.14897,0.02204,0.00138,0.0002
9012,Line9,SCINet,1,32.69529,22.04902,3.0154,0.09126,0.28079,0.01404,0.00206
9012,Line9,SCINet,7,34.31696,31.17932,3.76421,0.11276,0.27873,0.01467,0.00214
9012,Line9,SCINet,14,28.51869,36.29035,4.07718,0.12397,0.20839,0.01158,0.00169
9012,Line9,SCINet,28,31.63733,38.86567,4.28025,0.13074,0.23153,0.01447,0.00212
9012,Line9,SegRNN,1,4.14646,18.27295,2.16989,0.06349,0.01715,0.00086,0.00013
9012,Line9,SegRNN,7,4.01243,27.31569,3.02648,0.09231,0.019,0.001,0.00015
9012,Line9,SegRNN,14,3.82985,144.48581,8.94669,0.27411,0.01635,0.00091,0.00013
9012,Line9,SegRNN,28,3.32888,145.0877,8.98797,0.27655,0.01668,0.00104,0.00015
3456,Line9,TimeMixer,1,4.09043,31.43971,4.03231,0.1194,0.01962,0.00098,0.00014
3456,Line9,TimeMixer,7,4.75948,43.17141,5.12743,0.15562,0.02786,0.00147,0.00021
3456,Line9,TimeMixer,14,4.89585,43.17865,4.8628,0.14769,0.02324,0.00129,0.00019
3456,Line9,TimeMixer,28,4.39598,48.39357,5.23787,0.16127,0.02264,0.00142,0.00021
3456,Line9,SCINet,1,32.60154,19.46742,3.05269,0.09057,0.28517,0.01426,0.0021
3456,Line9,SCINet,7,31.27617,31.74226,3.76354,0.113,0.28273,0.01488,0.00217
3456,Line9,SCINet,14,30.52448,35.37875,4.08931,0.1236,0.27059,0.01503,0.0022
3456,Line9,SCINet,28,30.49313,38.80276,4.26561,0.12986,0.21943,0.01371,0.00201
3456,Line9,SegRNN,1,4.12449,18.18142,2.19897,0.06467,0.01864,0.00093,0.00014
3456,Line9,SegRNN,7,3.35297,27.18268,2.96953,0.09188,0.01939,0.00102,0.00015
3456,Line9,SegRNN,14,3.42696,146.79404,8.98624,0.2749,0.016,0.00089,0.00013
3456,Line9,SegRNN,28,3.29956,145.08575,9.01253,0.27662,0.01514,0.00095,0.00014
3047,Line9,SegRNN,7,3.98321,26.37836,2.96864,0.09067,0.01981,0.00104,0.00015
5678,Line9,SCINet,28,31.53919,38.3983,4.26514,0.13083,0.23447,0.01465,0.00215
1234,Line9,SARIMAX,1,1.89811039,2.0979,1.448424196,3.2324,,,
1234,Line9,SARIMAX,7,1.896534681,4.3621,2.025415056,5.2076,,,
1234,Line9,SARIMAX,14,1.857770443,4.8917,2.110789837,5.3166,,,
1234,Line9,SARIMAX,28,1.897009373,4.3025,1.968312674,4.9657,,,
3047,LineCP,XGBoost,1,0.151996851,1.16702136,1.080287628,2.954026875,,,
3047,LineCP,XGBoost,7,0.145752668,1.786429838,1.051104126,4.298842905,,,
3047,LineCP,XGBoost,14,0.238757133,14.65610227,3.573889329,11.1689253,,,
3047,LineCP,XGBoost,28,0.224335432,2.96192099,1.220233059,4.710186402,,,
3456,LineCP,XGBoost,1,0.144475222,0.703256112,0.838603668,2.293146481,,,
3456,LineCP,XGBoost,7,0.155050993,1.83961324,0.973357239,4.083939842,,,
3456,LineCP,XGBoost,14,0.239375591,25.94378124,4.761194643,14.54745,,,
3456,LineCP,XGBoost,28,0.242824078,3.050124352,1.260183858,4.823298673,,,
5678,LineCP,XGBoost,1,0.144045591,0.64489041,0.80305069,2.195927508,,,
5678,LineCP,XGBoost,7,0.172510386,1.683512058,0.921855556,3.977376724,,,
5678,LineCP,XGBoost,14,0.238280773,23.76402458,4.513428993,13.80521178,,,
5678,LineCP,XGBoost,28,0.226330757,3.221509955,1.273675308,5.030597702,,,
9012,LineCP,XGBoost,1,0.151116848,0.626647045,0.791610413,2.164644278,,,
9012,LineCP,XGBoost,7,0.143607378,2.339550078,1.108892702,4.698457832,,,
9012,LineCP,XGBoost,14,0.229844093,27.57679405,4.841785055,14.51639979,,,
9012,LineCP,XGBoost,28,0.239792109,3.318858483,1.291856839,5.061342854,,,
3047,LineCP,TimeXer,1,6.28851,13.85699,2.19535,0.07607,0.04028,0.00201,0.0003
3047,LineCP,TimeXer,7,5.37226,23.2837,3.1385,0.1114,0.03225,0.0017,0.00025
3047,LineCP,TimeXer,14,5.23445,23.86355,3.2043,0.11545,0.03114,0.00173,0.00025
3047,LineCP,TimeXer,28,4.68352,27.30057,3.60573,0.12677,0.02423,0.00151,0.00022
5678,LineCP,TimeXer,1,6.52683,13.73998,2.27663,0.07734,0.03245,0.00162,0.00024
5678,LineCP,TimeXer,7,6.43215,21.71228,3.04525,0.10595,0.03885,0.00204,0.0003
5678,LineCP,TimeXer,14,6.26509,24.70795,3.36231,0.11951,0.04444,0.00247,0.00036
5678,LineCP,TimeXer,28,5.46057,28.22518,3.53676,0.12476,0.03362,0.0021,0.00031
9012,LineCP,TimeXer,7,5.79068,21.73527,2.99863,0.10629,0.03581,0.00188,0.00028
9012,LineCP,TimeXer,14,6.06038,27.2041,3.58964,0.12653,0.03015,0.00167,0.00025
9012,LineCP,TimeXer,28,4.68629,28.94295,3.68837,0.13086,0.02659,0.00166,0.00024
3456,LineCP,TimeXer,1,6.40274,15.5519,2.48306,0.08326,0.04043,0.00202,0.0003
3456,LineCP,TimeXer,14,5.20088,26.52024,3.30768,0.11896,0.02763,0.00154,0.00022
3456,LineCP,TimeXer,28,5.761,28.71675,3.72242,0.13131,0.03727,0.00233,0.00034
3047,LineCP,TimeMixer,1,4.51758,25.69331,3.70146,0.12702,0.02721,0.00136,0.0002
3047,LineCP,TimeMixer,7,4.9248,31.22629,3.99436,0.13886,0.02812,0.00148,0.00022
3047,LineCP,TimeMixer,14,4.81849,28.5944,3.76163,0.13031,0.02568,0.00143,0.00021
3047,LineCP,TimeMixer,28,4.57588,30.75474,3.91478,0.13989,0.0215,0.00134,0.0002
3047,LineCP,SCINet,1,26.79785,11.82174,2.15887,0.07247,0.20295,0.01015,0.00149
3047,LineCP,SCINet,7,36.68881,23.20928,3.18721,0.11152,0.29134,0.01533,0.00224
3047,LineCP,SCINet,14,35.09645,27.20385,3.53658,0.12401,0.26418,0.01468,0.00215
3047,LineCP,SCINet,28,25.14725,29.92404,3.80387,0.13246,0.15694,0.00981,0.00144
3047,LineCP,SegRNN,1,4.1634,11.96444,1.87151,0.06365,0.01815,0.00091,0.00013
3047,LineCP,SegRNN,7,3.96262,19.56073,2.64056,0.09336,0.02211,0.00116,0.00017
3047,LineCP,SegRNN,14,3.91373,100.73677,7.38987,0.25954,0.01598,0.00089,0.00013
3047,LineCP,SegRNN,28,3.55083,100.93968,7.43504,0.26163,0.01599,0.001,0.00015
5678,LineCP,TimeMixer,1,4.96276,21.07879,2.98418,0.10326,0.02415,0.00121,0.00018
5678,LineCP,TimeMixer,7,4.85909,29.49642,4.08272,0.14016,0.02213,0.00116,0.00017
5678,LineCP,TimeMixer,14,4.8132,31.98039,4.26357,0.15298,0.02219,0.00123,0.00018
5678,LineCP,TimeMixer,28,4.54711,35.91563,4.57935,0.16324,0.01864,0.00116,0.00017
5678,LineCP,SCINet,1,29.14639,11.85992,2.16104,0.07364,0.25161,0.01258,0.00185
5678,LineCP,SCINet,7,35.49028,22.26803,3.13286,0.10923,0.30646,0.01613,0.00236
5678,LineCP,SCINet,14,33.15817,27.13381,3.68193,0.12672,0.27028,0.01502,0.0022
5678,LineCP,SCINet,28,23.07088,29.14866,3.72663,0.13111,0.14987,0.00937,0.00137
5678,LineCP,SegRNN,1,4.13122,12.34857,1.85791,0.06371,0.01906,0.00095,0.00014
5678,LineCP,SegRNN,7,4.05006,19.66814,2.6412,0.09394,0.01421,0.00075,0.00011
5678,LineCP,SegRNN,14,3.97853,98.10488,7.27894,0.25644,0.01713,0.00095,0.00014
5678,LineCP,SegRNN,28,3.83046,101.74042,7.4883,0.26348,0.01665,0.00104,0.00015
9012,LineCP,TimeMixer,1,3.78529,23.20432,3.42431,0.1171,0.02112,0.00106,0.00016
9012,LineCP,TimeMixer,7,4.52043,29.62221,4.02246,0.13916,0.02357,0.00124,0.00018
9012,LineCP,TimeMixer,14,4.7249,31.36008,4.08843,0.14154,0.02217,0.00123,0.00018
9012,LineCP,TimeMixer,28,4.61445,36.08186,4.44747,0.14994,0.02209,0.00138,0.0002
9012,LineCP,SCINet,1,22.99594,16.74898,2.61673,0.08868,0.1912,0.00956,0.00141
9012,LineCP,SCINet,7,34.18756,22.55704,3.31547,0.11468,0.3085,0.01624,0.00237
9012,LineCP,SCINet,14,29.18248,26.66642,3.47704,0.12336,0.27583,0.01532,0.00224
9012,LineCP,SCINet,28,31.15721,30.22233,3.78617,0.13253,0.22513,0.01407,0.00207
9012,LineCP,SegRNN,1,3.58274,11.92287,1.81004,0.06151,0.01952,0.00098,0.00014
9012,LineCP,SegRNN,7,3.45983,20.21067,2.66466,0.09438,0.01903,0.001,0.00015
9012,LineCP,SegRNN,14,3.87091,99.29742,7.37228,0.2594,0.01707,0.00095,0.00014
9012,LineCP,SegRNN,28,3.77415,101.05951,7.42302,0.26114,0.01754,0.0011,0.00016
3456,LineCP,TimeMixer,1,4.63501,25.79451,3.69559,0.12266,0.02522,0.00126,0.00019
3456,LineCP,TimeMixer,7,4.93329,34.26817,4.6108,0.158,0.03126,0.00165,0.00024
3456,LineCP,TimeMixer,14,3.93457,31.70744,3.99758,0.14096,0.0211,0.00117,0.00017
3456,LineCP,TimeMixer,28,3.98562,35.30656,4.28867,0.15124,0.02116,0.00132,0.00019
3456,LineCP,SCINet,1,29.60796,10.43292,2.16205,0.07115,0.19654,0.00983,0.00145
3456,LineCP,SCINet,7,30.97747,22.56672,3.2343,0.11267,0.28671,0.01509,0.00221
3456,LineCP,SCINet,14,33.22923,26.38054,3.58608,0.12486,0.26351,0.01464,0.00214
3456,LineCP,SCINet,28,28.33895,29.7988,3.7625,0.13208,0.15838,0.0099,0.00145
3456,LineCP,SegRNN,1,4.11747,12.32649,1.8155,0.06077,0.02168,0.00108,0.00016
3456,LineCP,SegRNN,7,4.00196,19.63825,2.59275,0.09178,0.015,0.00079,0.00012
3456,LineCP,SegRNN,14,3.85655,100.36028,7.38387,0.25938,0.0175,0.00097,0.00014
3456,LineCP,SegRNN,28,3.72981,100.97956,7.42666,0.26097,0.01511,0.00094,0.00014
3456,LineCP,TimeXer,7,5.26292,22.92014,3.1555,0.1114,0.0337,0.00177,0.00026
1234,LineCP,SARIMAX,1,3.923306704,0.0475,0.218026109,0.5962,,,
1234,LineCP,SARIMAX,7,3.925530672,0.5813,0.578505959,2.0746,,,
1234,LineCP,SARIMAX,14,3.938028336,0.5709,0.603688306,2.1891,,,
1234,LineCP,SARIMAX,28,3.891888857,0.6088,0.666661707,2.2785,,,
3047,LineDX,XGBoost,1,0.151059389,0.053216768,0.230687599,5.738497492,,,
3047,LineDX,XGBoost,7,0.144887447,0.060409982,0.217467281,5.634922192,,,
3047,LineDX,XGBoost,14,0.217966318,0.018105536,0.118238329,3.000217315,,,
3047,LineDX,XGBoost,28,0.230333805,0.032649615,0.147829977,3.599233834,,,
3456,LineDX,XGBoost,1,0.146169186,0.040689315,0.201715927,5.017809132,,,
3456,LineDX,XGBoost,7,0.157749414,0.085793916,0.264238058,6.829619692,,,
3456,LineDX,XGBoost,14,0.222328424,0.016531724,0.111892486,2.844816181,,,
3456,LineDX,XGBoost,28,0.232316732,0.036023619,0.156176135,3.822908099,,,
5678,LineDX,XGBoost,1,0.147542238,0.023857871,0.154459934,3.842286921,,,
5678,LineDX,XGBoost,7,0.147012711,0.080931339,0.248684413,6.44933741,,,
5678,LineDX,XGBoost,14,0.236489058,0.016516667,0.111888061,2.863424,,,
5678,LineDX,XGBoost,28,0.232733965,0.036099034,0.152929983,3.702950597,,,
9012,LineDX,XGBoost,1,0.157117844,0.058017658,0.240868549,5.991754959,,,
9012,LineDX,XGBoost,7,0.146659136,0.086961905,0.257317993,6.6470676,,,
9012,LineDX,XGBoost,14,0.254236221,0.021009749,0.128550698,3.25951426,,,
9012,LineDX,XGBoost,28,0.232485771,0.032888526,0.151597957,3.713741422,,,
3047,LineDX,TimeXer,1,6.0546,0.09825,0.19973,0.04565,0.04076,0.00204,0.0003
3047,LineDX,TimeXer,7,6.31514,0.14031,0.25783,0.05819,0.03229,0.0017,0.00025
3047,LineDX,TimeXer,14,4.70727,0.20142,0.32651,0.07324,0.02721,0.00151,0.00022
3047,LineDX,TimeXer,28,3.70436,0.28059,0.40012,0.08913,0.02666,0.00167,0.00024
5678,LineDX,TimeXer,1,6.56537,0.09506,0.20236,0.04574,0.04226,0.00211,0.00031
5678,LineDX,TimeXer,7,6.50554,0.1435,0.25837,0.05785,0.04043,0.00213,0.00031
5678,LineDX,TimeXer,14,4.78643,0.2083,0.32954,0.07353,0.02958,0.00164,0.00024
5678,LineDX,TimeXer,28,4.81242,0.25318,0.37355,0.08301,0.03383,0.00211,0.00031
9012,LineDX,TimeXer,1,6.40747,0.09447,0.19915,0.04541,0.04697,0.00235,0.00035
9012,LineDX,TimeXer,7,5.68342,0.15371,0.27317,0.06215,0.03622,0.00191,0.00028
9012,LineDX,TimeXer,14,5.94061,0.18265,0.30246,0.06825,0.03421,0.0019,0.00028
9012,LineDX,TimeXer,28,5.69636,0.22298,0.34288,0.0766,0.02418,0.00151,0.00022
3456,LineDX,TimeXer,1,6.68626,0.10091,0.20544,0.04648,0.03779,0.00189,0.00028
3456,LineDX,TimeXer,7,5.76029,0.15578,0.28116,0.06329,0.03264,0.00172,0.00025
3456,LineDX,TimeXer,14,3.61157,0.23413,0.35482,0.0788,0.03115,0.00173,0.00025
3456,LineDX,TimeXer,28,4.86606,0.21879,0.33431,0.07386,0.02922,0.00183,0.00027
3047,LineDX,TimeMixer,1,4.09584,0.13157,0.26139,0.05993,0.02723,0.00136,0.0002
3047,LineDX,TimeMixer,7,4.96997,0.17019,0.30291,0.0691,0.03244,0.00171,0.00025
3047,LineDX,TimeMixer,14,3.96492,0.20904,0.34267,0.07774,0.0225,0.00125,0.00018
3047,LineDX,TimeMixer,28,2.60531,0.27898,0.4121,0.09284,0.01911,0.00119,0.00018
3047,LineDX,SCINet,1,36.04692,0.13235,0.25135,0.05732,0.20169,0.01008,0.00148
3047,LineDX,SCINet,7,31.35786,0.16679,0.28071,0.06342,0.28596,0.01505,0.0022
3047,LineDX,SCINet,14,25.82069,0.21839,0.34263,0.07774,0.1775,0.00986,0.00144
3047,LineDX,SCINet,28,23.66837,0.31921,0.43606,0.09798,0.19667,0.01229,0.0018
3047,LineDX,SegRNN,1,3.97468,0.09902,0.19392,0.04365,0.01612,0.00081,0.00012
3047,LineDX,SegRNN,7,3.92058,0.13241,0.23298,0.0526,0.01799,0.00095,0.00014
3047,LineDX,SegRNN,14,3.12162,0.29706,0.3935,0.08937,0.01849,0.00103,0.00015
3047,LineDX,SegRNN,28,3.33106,0.36574,0.44292,0.10102,0.01717,0.00107,0.00016
5678,LineDX,TimeMixer,1,4.04924,0.11154,0.22099,0.0502,0.02217,0.00111,0.00016
5678,LineDX,TimeMixer,7,4.25211,0.16288,0.29362,0.06699,0.02215,0.00117,0.00017
5678,LineDX,TimeMixer,14,4.72711,0.22081,0.3579,0.08165,0.02109,0.00117,0.00017
5678,LineDX,TimeMixer,28,3.28352,0.2844,0.41847,0.0946,0.02031,0.00127,0.00019
5678,LineDX,SCINet,1,36.55993,0.12194,0.2316,0.05232,0.29573,0.01479,0.00217
5678,LineDX,SCINet,7,32.84519,0.16243,0.29114,0.06636,0.2486,0.01308,0.00191
5678,LineDX,SCINet,14,22.9937,0.23028,0.3653,0.08324,0.17882,0.00993,0.00145
5678,LineDX,SCINet,28,33.48349,0.24922,0.37768,0.08584,0.17431,0.01089,0.0016
5678,LineDX,SegRNN,1,4.09055,0.09474,0.19634,0.04493,0.017,0.00085,0.00013
5678,LineDX,SegRNN,7,3.66266,0.13558,0.23739,0.05318,0.01907,0.001,0.00015
5678,LineDX,SegRNN,14,3.99635,0.29275,0.39362,0.08974,0.01716,0.00095,0.00014
5678,LineDX,SegRNN,28,2.6351,0.37299,0.45546,0.10311,0.01623,0.00101,0.00015
9012,LineDX,TimeMixer,1,4.99316,0.1185,0.22103,0.0504,0.02776,0.00139,0.0002
9012,LineDX,TimeMixer,7,4.15942,0.17072,0.30494,0.06974,0.02374,0.00125,0.00018
9012,LineDX,TimeMixer,14,4.09402,0.21336,0.34882,0.07926,0.02429,0.00135,0.0002
9012,LineDX,TimeMixer,28,4.54488,0.26126,0.3922,0.08827,0.02169,0.00136,0.0002
9012,LineDX,SCINet,1,25.42722,0.13839,0.26102,0.05934,0.25921,0.01296,0.00191
9012,LineDX,SCINet,7,32.31434,0.16839,0.28687,0.06458,0.27579,0.01452,0.00212
9012,LineDX,SCINet,14,29.16838,0.21801,0.34562,0.0785,0.23837,0.01324,0.00194
9012,LineDX,SCINet,28,19.83921,0.31731,0.43965,0.09933,0.15138,0.00946,0.00139
9012,LineDX,SegRNN,1,2.9683,0.11649,0.22072,0.04995,0.02005,0.001,0.00015
9012,LineDX,SegRNN,7,3.97314,0.13364,0.23556,0.05333,0.02018,0.00106,0.00016
9012,LineDX,SegRNN,14,3.88784,0.29555,0.39371,0.08977,0.0185,0.00103,0.00015
9012,LineDX,SegRNN,28,2.61998,0.37762,0.45565,0.10347,0.01914,0.0012,0.00018
3456,LineDX,TimeMixer,1,5.0621,0.12032,0.24918,0.05702,0.02268,0.00113,0.00017
3456,LineDX,TimeMixer,7,4.4765,0.17438,0.30789,0.07057,0.02516,0.00132,0.00019
3456,LineDX,TimeMixer,14,4.8696,0.20872,0.34369,0.0782,0.02725,0.00151,0.00022
3456,LineDX,TimeMixer,28,4.10121,0.26278,0.39056,0.08756,0.02312,0.00144,0.00021
3456,LineDX,SCINet,1,36.87354,0.15398,0.26697,0.06113,0.25578,0.01279,0.00188
3456,LineDX,SCINet,7,29.93963,0.16883,0.2959,0.0671,0.2533,0.01333,0.00195
3456,LineDX,SCINet,14,23.25462,0.20467,0.33159,0.07533,0.18043,0.01002,0.00147
3456,LineDX,SCINet,28,32.62974,0.25162,0.37299,0.08429,0.24026,0.01502,0.0022
3456,LineDX,SegRNN,1,3.69203,0.10313,0.20072,0.04593,0.02114,0.00106,0.00016
3456,LineDX,SegRNN,7,4.04283,0.13351,0.23401,0.05269,0.02137,0.00112,0.00016
3456,LineDX,SegRNN,14,3.80835,0.29438,0.39263,0.0895,0.0191,0.00106,0.00016
3456,LineDX,SegRNN,28,3.63731,0.36611,0.44173,0.10076,0.01662,0.00104,0.00015
1234,LineDX,SARIMAX,1,2.852036715,0.0693,0.2632741,6.5491,,,
1234,LineDX,SARIMAX,7,2.865121603,0.0993,0.267812913,6.9185,,,
1234,LineDX,SARIMAX,14,2.889817715,0.1547,0.350984659,8.9212,,,
1234,LineDX,SARIMAX,28,2.882666826,0.1478,0.34934028,8.6285,,,
3047,LineFS,XGBoost,1,0.149049759,0.518010498,0.719729462,2.637337712,,,
3047,LineFS,XGBoost,7,0.145603895,12.15463735,3.001921534,12.09195752,,,
3047,LineFS,XGBoost,14,0.231822729,40.46070339,5.411462953,20.32561817,,,
3047,LineFS,XGBoost,28,0.22037077,1.803125113,1.244136076,5.231506491,,,
3456,LineFS,XGBoost,1,0.145020485,0.403519706,0.63523201,2.32770982,,,
3456,LineFS,XGBoost,7,0.155715942,14.24571342,3.278705205,13.39860111,,,
3456,LineFS,XGBoost,14,0.219017744,35.73948914,5.133424023,19.33332004,,,
3456,LineFS,XGBoost,28,0.222369432,1.643897684,1.189053313,5.053217708,,,
5678,LineFS,XGBoost,1,0.132580519,0.628985546,0.79308609,2.906141774,,,
5678,LineFS,XGBoost,7,0.146571636,12.39236978,3.131623284,12.80379231,,,
5678,LineFS,XGBoost,14,0.239729166,45.74318377,5.842525428,22.03742093,,,
5678,LineFS,XGBoost,28,0.198398113,2.085685237,1.338765535,5.665676354,,,
9012,LineFS,XGBoost,1,0.153037786,0.325022559,0.570107498,2.089071082,,,
9012,LineFS,XGBoost,7,0.152549267,12.38132351,3.089732731,12.57721348,,,
9012,LineFS,XGBoost,14,0.228821993,42.24106203,5.564272368,20.91001425,,,
9012,LineFS,XGBoost,28,0.209860086,1.414155317,1.080693432,4.513182835,,,
3047,LineFS,TimeXer,1,6.5596,9.74013,1.96814,0.09219,0.04558,0.00228,0.00034
3047,LineFS,TimeXer,7,6.38699,12.35522,2.26278,0.11412,0.04182,0.0022,0.00032
3047,LineFS,TimeXer,14,5.56095,13.83466,2.38261,0.1218,0.03524,0.00196,0.00029
3047,LineFS,TimeXer,28,6.0749,14.69718,2.39702,0.12366,0.03326,0.00208,0.00031
5678,LineFS,TimeXer,1,5.5472,8.88208,1.8155,0.086,0.03379,0.00169,0.00025
5678,LineFS,TimeXer,7,5.44534,11.49975,2.1689,0.10753,0.03228,0.0017,0.00025
5678,LineFS,TimeXer,14,5.42349,12.7833,2.27044,0.1154,0.03534,0.00196,0.00029
5678,LineFS,TimeXer,28,6.19811,14.02939,2.33038,0.12086,0.03229,0.00202,0.0003
9012,LineFS,TimeXer,1,6.6398,8.44517,1.87746,0.08856,0.04136,0.00207,0.0003
9012,LineFS,TimeXer,7,6.22193,11.31397,2.11299,0.1076,0.03333,0.00175,0.00026
9012,LineFS,TimeXer,14,6.40156,12.38784,2.10252,0.10927,0.04138,0.0023,0.00034
9012,LineFS,TimeXer,28,6.11466,14.04344,2.28353,0.11875,0.03081,0.00193,0.00028
3456,LineFS,TimeXer,1,6.63132,9.51144,1.96283,0.09436,0.04128,0.00206,0.0003
3456,LineFS,TimeXer,7,6.47764,12.09335,2.16066,0.1105,0.03832,0.00202,0.00029
3456,LineFS,TimeXer,14,6.16715,13.13047,2.25814,0.11547,0.03938,0.00219,0.00032
3456,LineFS,TimeXer,28,6.00008,14.68012,2.38386,0.12307,0.03175,0.00198,0.00029
3047,LineFS,TimeMixer,1,3.8622,15.10316,2.96023,0.14226,0.02377,0.00119,0.00017
3047,LineFS,TimeMixer,7,4.15164,17.48504,3.00974,0.14417,0.02259,0.00119,0.00017
3047,LineFS,TimeMixer,14,3.82384,15.02959,2.62856,0.12812,0.02036,0.00113,0.00017
3047,LineFS,TimeMixer,28,4.51167,17.56095,3.06293,0.15167,0.02378,0.00149,0.00022
3047,LineFS,SCINet,1,35.37238,7.12055,1.75658,0.08221,0.20129,0.01006,0.00148
3047,LineFS,SCINet,7,24.19864,13.93026,2.54841,0.1245,0.26942,0.01418,0.00207
3047,LineFS,SCINet,14,34.66525,14.8391,2.56707,0.12648,0.25804,0.01434,0.0021
3047,LineFS,SCINet,28,32.56864,16.66902,2.77984,0.13544,0.24977,0.01561,0.00229
3047,LineFS,SegRNN,1,3.61408,7.55512,1.51686,0.07276,0.01512,0.00076,0.00011
3047,LineFS,SegRNN,7,3.83629,10.63752,1.93099,0.09561,0.01809,0.00095,0.00014
3047,LineFS,SegRNN,14,3.94342,60.9242,5.64765,0.27826,0.01709,0.00095,0.00014
3047,LineFS,SegRNN,28,3.75494,60.72786,5.66929,0.28019,0.01514,0.00095,0.00014
5678,LineFS,TimeMixer,1,4.23165,12.70343,2.35497,0.11412,0.02514,0.00126,0.00018
5678,LineFS,TimeMixer,7,4.79496,15.23681,2.76267,0.13352,0.02216,0.00117,0.00017
5678,LineFS,TimeMixer,14,4.86947,18.38151,3.32341,0.16543,0.02822,0.00157,0.00023
5678,LineFS,TimeMixer,28,4.66025,20.43009,3.49236,0.17654,0.02672,0.00167,0.00025
5678,LineFS,SCINet,1,29.35952,7.75689,1.83257,0.08888,0.29398,0.0147,0.00216
5678,LineFS,SCINet,7,35.30238,12.43641,2.38659,0.1142,0.25888,0.01363,0.00199
5678,LineFS,SCINet,14,31.09186,14.78848,2.612,0.12732,0.27821,0.01546,0.00226
5678,LineFS,SCINet,28,32.54111,16.33399,2.75248,0.13564,0.23826,0.01489,0.00219
5678,LineFS,SegRNN,1,3.44927,7.89975,1.54623,0.07507,0.017,0.00085,0.00012
5678,LineFS,SegRNN,7,3.47194,10.89393,1.93883,0.09675,0.01899,0.001,0.00015
5678,LineFS,SegRNN,14,3.4789,59.86029,5.59635,0.27662,0.01834,0.00102,0.00015
5678,LineFS,SegRNN,28,3.76812,61.27755,5.70458,0.28221,0.01622,0.00101,0.00015
9012,LineFS,TimeMixer,1,4.9681,12.88592,2.68052,0.13037,0.02835,0.00142,0.00021
9012,LineFS,TimeMixer,7,4.94512,16.73169,3.02819,0.14565,0.02725,0.00143,0.00021
9012,LineFS,TimeMixer,14,4.74693,17.37477,2.9736,0.14416,0.02126,0.00118,0.00017
9012,LineFS,TimeMixer,28,3.92861,19.08636,3.20575,0.15458,0.02323,0.00145,0.00021
9012,LineFS,SCINet,1,29.39281,9.65452,2.13116,0.10308,0.18208,0.0091,0.00134
9012,LineFS,SCINet,7,27.63756,12.88053,2.46658,0.11816,0.28577,0.01504,0.0022
9012,LineFS,SCINet,14,32.47682,15.37035,2.65924,0.13089,0.29331,0.01629,0.00238
9012,LineFS,SCINet,28,32.93723,16.87239,2.78203,0.13699,0.22894,0.01431,0.0021
9012,LineFS,SegRNN,1,4.09551,7.61191,1.48431,0.07149,0.017,0.00085,0.00012
9012,LineFS,SegRNN,7,3.9192,11.25142,1.96499,0.09799,0.01944,0.00102,0.00015
9012,LineFS,SegRNN,14,3.89786,60.03503,5.62883,0.27801,0.01763,0.00098,0.00014
9012,LineFS,SegRNN,28,3.31899,60.93215,5.65241,0.27964,0.0151,0.00094,0.00014
3456,LineFS,TimeMixer,1,4.94169,11.56867,2.50552,0.12129,0.02417,0.00121,0.00018
3456,LineFS,TimeMixer,7,4.70277,18.70727,3.39067,0.16478,0.02514,0.00132,0.00019
3456,LineFS,TimeMixer,14,4.78231,18.46883,3.1129,0.15044,0.02215,0.00123,0.00018
3456,LineFS,TimeMixer,28,4.67498,20.6901,3.40613,0.16791,0.01903,0.00119,0.00017
3456,LineFS,SCINet,1,32.71133,6.76668,1.72874,0.07999,0.25804,0.0129,0.0019
3456,LineFS,SCINet,7,23.65779,12.8647,2.45744,0.11963,0.18593,0.00979,0.00143
3456,LineFS,SCINet,14,32.90025,14.93051,2.61445,0.12837,0.24277,0.01349,0.00197
3456,LineFS,SCINet,28,30.64216,16.79105,2.82248,0.13849,0.23409,0.01463,0.00215
3456,LineFS,SegRNN,1,3.98986,8.06685,1.49362,0.06998,0.02087,0.00104,0.00015
3456,LineFS,SegRNN,7,3.46034,10.78256,1.9379,0.09588,0.01607,0.00085,0.00012
3456,LineFS,SegRNN,14,3.33744,61.10391,5.66156,0.27912,0.01542,0.00086,0.00013
3456,LineFS,SegRNN,28,3.2638,61.18648,5.68641,0.28031,0.01714,0.00107,0.00016
1234,LineFS,SARIMAX,1,26.54548955,0.0212,0.145454412,0.533,,,
1234,LineFS,SARIMAX,7,26.54876661,0.3759,0.567426577,2.7304,,,
1234,LineFS,SARIMAX,14,26.5236032,0.4497,0.608475237,2.7413,,,
1234,LineFS,SARIMAX,28,26.5202992,0.4674,0.599919897,2.5823,,,
3047,LineS1,XGBoost,1,0.151510477,0.045680371,0.213729668,4.032635239,,,
3047,LineS1,XGBoost,7,0.14659214,0.403674704,0.556250069,10.79450827,,,
3047,LineS1,XGBoost,14,0.229414701,2.305225521,1.32018832,25.68093586,,,
3047,LineS1,XGBoost,28,0.27714777,2.413800936,1.327832367,25.69555786,,,
3456,LineS1,XGBoost,1,0.1357162,0.042060284,0.20508604,3.869547934,,,
3456,LineS1,XGBoost,7,0.153444767,0.467246322,0.599670384,11.65802852,,,
3456,LineS1,XGBoost,14,0.215305567,2.661880764,1.409910102,27.40363545,,,
3456,LineS1,XGBoost,28,0.210597277,2.128462024,1.24992033,24.19811958,,,
5678,LineS1,XGBoost,1,0.149552345,0.048701998,0.220685291,4.163873421,,,
5678,LineS1,XGBoost,7,0.150515079,0.401160188,0.552834621,10.70197293,,,
5678,LineS1,XGBoost,14,0.221313953,2.526514085,1.388484122,27.11313011,,,
5678,LineS1,XGBoost,28,0.2213521,2.283659732,1.289053663,24.90731349,,,
9012,LineS1,XGBoost,1,0.153639793,0.06166491,0.248324203,4.68536233,,,
9012,LineS1,XGBoost,7,0.154000282,0.454520904,0.589106704,11.42973012,,,
9012,LineS1,XGBoost,14,0.205362082,2.399871956,1.346682199,26.18776351,,,
9012,LineS1,XGBoost,28,0.226860762,2.227335477,1.276248756,24.72560893,,,
3047,LineS1,TimeXer,1,5.3529,0.29634,0.34117,0.09043,0.03645,0.00182,0.00027
3047,LineS1,TimeXer,7,6.37683,0.47887,0.45046,0.12776,0.03725,0.00196,0.00029
3047,LineS1,TimeXer,14,6.34898,0.51878,0.4481,0.12529,0.03789,0.00211,0.00031
3047,LineS1,TimeXer,28,5.24664,0.59017,0.52283,0.13831,0.03829,0.00239,0.00035
5678,LineS1,TimeXer,1,6.57459,0.30129,0.32171,0.08535,0.03728,0.00186,0.00027
5678,LineS1,TimeXer,7,6.5218,0.47879,0.44302,0.12348,0.04184,0.0022,0.00032
5678,LineS1,TimeXer,14,6.40108,0.55421,0.4852,0.13254,0.03628,0.00202,0.00029
5678,LineS1,TimeXer,28,5.2451,0.559,0.49355,0.13235,0.02769,0.00173,0.00025
9012,LineS1,TimeXer,1,5.59095,0.28117,0.31036,0.08013,0.03312,0.00166,0.00024
9012,LineS1,TimeXer,7,5.3421,0.44874,0.43804,0.11788,0.03018,0.00159,0.00023
9012,LineS1,TimeXer,14,5.13683,0.52635,0.4621,0.12902,0.03014,0.00167,0.00025
9012,LineS1,TimeXer,28,6.07709,0.56377,0.49695,0.13621,0.0339,0.00212,0.00031
3456,LineS1,TimeXer,1,5.50648,0.34051,0.37068,0.09255,0.03221,0.00161,0.00024
3456,LineS1,TimeXer,7,6.51293,0.46052,0.43451,0.11864,0.04025,0.00212,0.00031
3456,LineS1,TimeXer,14,5.74522,0.58208,0.50189,0.13994,0.03181,0.00177,0.00026
3456,LineS1,TimeXer,28,6.0203,0.55779,0.47634,0.13301,0.03387,0.00212,0.00031
3047,LineS1,TimeMixer,1,4.5032,0.59651,0.56234,0.1426,0.02861,0.00143,0.00021
3047,LineS1,TimeMixer,7,5.02395,0.67042,0.57872,0.15187,0.02471,0.0013,0.00019
3047,LineS1,TimeMixer,14,4.48051,0.57576,0.48964,0.13132,0.0242,0.00134,0.0002
3047,LineS1,TimeMixer,28,4.40116,0.65108,0.54523,0.14924,0.02168,0.00135,0.0002
3047,LineS1,SCINet,1,32.62948,0.25882,0.31803,0.08089,0.24319,0.01216,0.00179
3047,LineS1,SCINet,7,24.34368,0.48503,0.45799,0.12102,0.16564,0.00872,0.00127
3047,LineS1,SCINet,14,33.83363,0.56638,0.48981,0.13241,0.26473,0.01471,0.00215
3047,LineS1,SCINet,28,30.10454,0.62128,0.52801,0.14141,0.22005,0.01375,0.00202
3047,LineS1,SegRNN,1,4.20168,0.2669,0.27617,0.07184,0.0236,0.00118,0.00017
3047,LineS1,SegRNN,7,4.05173,0.3856,0.35895,0.0976,0.0193,0.00102,0.00015
3047,LineS1,SegRNN,14,3.59262,2.3439,1.10615,0.2939,0.01809,0.001,0.00015
3047,LineS1,SegRNN,28,3.58589,2.34674,1.09816,0.29282,0.0193,0.00121,0.00018
5678,LineS1,TimeMixer,1,4.92963,0.45818,0.4272,0.11375,0.02818,0.00141,0.00021
5678,LineS1,TimeMixer,7,4.94829,0.58226,0.52466,0.13914,0.02928,0.00154,0.00023
5678,LineS1,TimeMixer,14,4.59767,0.69882,0.62801,0.17101,0.01916,0.00106,0.00016
5678,LineS1,TimeMixer,28,4.3756,0.79952,0.67837,0.18623,0.02215,0.00138,0.0002
5678,LineS1,SCINet,1,32.81164,0.24108,0.3309,0.08723,0.20115,0.01006,0.00148
5678,LineS1,SCINet,7,30.25177,0.46137,0.45232,0.11843,0.28108,0.01479,0.00216
5678,LineS1,SCINet,14,31.84689,0.56441,0.50766,0.13424,0.28908,0.01606,0.00235
5678,LineS1,SCINet,28,27.0846,0.63924,0.53004,0.14431,0.15346,0.00959,0.00141
5678,LineS1,SegRNN,1,4.1691,0.27892,0.27864,0.07342,0.01604,0.0008,0.00012
5678,LineS1,SegRNN,7,4.07416,0.39106,0.35871,0.09814,0.02416,0.00127,0.00019
5678,LineS1,SegRNN,14,3.85642,2.28918,1.07674,0.2863,0.01854,0.00103,0.00015
5678,LineS1,SegRNN,28,3.77986,2.36662,1.10698,0.29514,0.01774,0.00111,0.00016
9012,LineS1,TimeMixer,1,4.11762,0.51942,0.53591,0.13843,0.02516,0.00126,0.00018
9012,LineS1,TimeMixer,7,5.02048,0.63357,0.57293,0.15118,0.02622,0.00138,0.0002
9012,LineS1,TimeMixer,14,4.79056,0.67314,0.58123,0.15524,0.02516,0.0014,0.0002
9012,LineS1,TimeMixer,28,4.60971,0.74862,0.61564,0.16411,0.02372,0.00148,0.00022
9012,LineS1,SCINet,1,32.43782,0.28705,0.3432,0.08849,0.18004,0.009,0.00132
9012,LineS1,SCINet,7,28.25807,0.47001,0.46299,0.12146,0.27232,0.01433,0.00209
9012,LineS1,SCINet,14,30.99139,0.5698,0.50129,0.13562,0.28125,0.01562,0.00229
9012,LineS1,SCINet,28,32.2611,0.63618,0.52211,0.14175,0.2472,0.01545,0.00227
9012,LineS1,SegRNN,1,3.59992,0.27239,0.27168,0.0716,0.01899,0.00095,0.00014
9012,LineS1,SegRNN,7,3.4965,0.39501,0.36142,0.09831,0.01838,0.00097,0.00014
9012,LineS1,SegRNN,14,3.88051,2.30627,1.08771,0.28877,0.017,0.00094,0.00014
9012,LineS1,SegRNN,28,3.85228,2.35634,1.09889,0.29293,0.01614,0.00101,0.00015
3456,LineS1,TimeMixer,1,4.38368,0.49507,0.52096,0.13011,0.02328,0.00116,0.00017
3456,LineS1,TimeMixer,7,3.96211,0.71938,0.64748,0.16979,0.02529,0.00133,0.00019
3456,LineS1,TimeMixer,14,4.03751,0.69617,0.58616,0.15671,0.02118,0.00118,0.00017
3456,LineS1,TimeMixer,28,4.44266,0.79842,0.64865,0.17663,0.02154,0.00135,0.0002
3456,LineS1,SCINet,1,36.83767,0.20408,0.31124,0.07903,0.24407,0.0122,0.00179
3456,LineS1,SCINet,7,24.47721,0.45518,0.43937,0.11667,0.17157,0.00903,0.00132
3456,LineS1,SCINet,14,27.96883,0.55969,0.5039,0.13459,0.27971,0.01554,0.00227
3456,LineS1,SCINet,28,33.51174,0.65194,0.53617,0.14536,0.19603,0.01225,0.0018
3456,LineS1,SegRNN,1,3.98773,0.27065,0.2711,0.0705,0.01703,0.00085,0.00013
3456,LineS1,SegRNN,7,4.04294,0.39011,0.35759,0.09751,0.01602,0.00084,0.00012
3456,LineS1,SegRNN,14,3.97559,2.32986,1.08783,0.28828,0.01808,0.001,0.00015
3456,LineS1,SegRNN,28,3.79196,2.36112,1.10195,0.2932,0.01858,0.00116,0.00017
1234,LineS1,SARIMAX,1,2.414767504,0.0497,0.222885302,4.2054,,,
1234,LineS1,SARIMAX,7,2.417633533,0.0378,0.182383063,3.8535,,,
1234,LineS1,SARIMAX,14,2.445938587,0.0441,0.19967189,4.3338,,,
1234,LineS1,SARIMAX,28,2.410078764,0.0341,0.166671994,3.5966,,,
3047,LineSD,XGBoost,1,0.141038895,0.000512944,0.022648268,0.976218437,,,
3047,LineSD,XGBoost,7,0.147649288,0.008062207,0.076270087,3.38972536,,,
3047,LineSD,XGBoost,14,0.225378036,0.036613458,0.157045988,6.671694323,,,
3047,LineSD,XGBoost,28,0.22778511,0.024645446,0.125807445,5.200151271,,,
3456,LineSD,XGBoost,1,0.142653465,0.000888296,0.029804296,1.284667952,,,
3456,LineSD,XGBoost,7,0.146213531,0.005722904,0.065514208,2.92534082,,,
3456,LineSD,XGBoost,14,0.207584143,0.041804028,0.170015704,7.207268206,,,
3456,LineSD,XGBoost,28,0.215558767,0.019671598,0.115495091,4.819744221,,,
5678,LineSD,XGBoost,1,0.152437687,8.84175E-05,0.009403057,0.405304185,,,
5678,LineSD,XGBoost,7,0.128219128,0.008450925,0.075626323,3.352485361,,,
5678,LineSD,XGBoost,14,0.217348814,0.037197314,0.157980521,6.693801639,,,
5678,LineSD,XGBoost,28,0.228308201,0.02582352,0.130817777,5.398346755,,,
9012,LineSD,XGBoost,1,0.148537874,0.000559688,0.023657732,1.019729828,,,
9012,LineSD,XGBoost,7,0.129584074,0.009201045,0.076627374,3.395710497,,,
9012,LineSD,XGBoost,14,0.212405682,0.04168598,0.166518376,7.056767365,,,
9012,LineSD,XGBoost,28,0.22626853,0.022660871,0.121201831,5.012101027,,,
3047,LineSD,TimeXer,1,6.85687,0.04413,0.14046,0.05607,0.05876,0.00294,0.00043
3047,LineSD,TimeXer,7,6.28531,0.058,0.17394,0.06937,0.03511,0.00185,0.00027
3047,LineSD,TimeXer,14,5.59534,0.07043,0.19851,0.07848,0.03857,0.00214,0.00031
3047,LineSD,TimeXer,28,4.43513,0.09155,0.22988,0.08918,0.0344,0.00215,0.00032
5678,LineSD,TimeXer,1,6.59225,0.04375,0.13815,0.05494,0.04041,0.00202,0.0003
5678,LineSD,TimeXer,7,5.39724,0.05838,0.17522,0.0697,0.03378,0.00178,0.00026
5678,LineSD,TimeXer,14,5.22452,0.07033,0.19558,0.07806,0.03414,0.0019,0.00028
5678,LineSD,TimeXer,28,3.9055,0.08972,0.22869,0.08932,0.02858,0.00179,0.00026
9012,LineSD,TimeXer,1,5.43203,0.04505,0.14163,0.05606,0.03218,0.00161,0.00024
9012,LineSD,TimeXer,7,6.5126,0.0632,0.18226,0.07293,0.04286,0.00226,0.00033
9012,LineSD,TimeXer,14,6.34614,0.0697,0.19384,0.07754,0.03828,0.00213,0.00031
9012,LineSD,TimeXer,28,5.7656,0.09294,0.23041,0.092,0.03429,0.00214,0.00031
3456,LineSD,TimeXer,1,6.31268,0.04342,0.14124,0.05634,0.03934,0.00197,0.00029
3456,LineSD,TimeXer,7,5.80066,0.0593,0.17441,0.06866,0.04133,0.00218,0.00032
3456,LineSD,TimeXer,14,6.14902,0.06841,0.19373,0.07772,0.03636,0.00202,0.0003
3456,LineSD,TimeXer,28,5.67452,0.09115,0.22544,0.09021,0.02523,0.00158,0.00023
3047,LineSD,TimeMixer,1,4.53024,0.05393,0.16727,0.06723,0.02831,0.00142,0.00021
3047,LineSD,TimeMixer,7,4.67398,0.06035,0.18705,0.07498,0.02613,0.00138,0.0002
3047,LineSD,TimeMixer,14,4.82168,0.06685,0.1981,0.07896,0.02221,0.00123,0.00018
3047,LineSD,TimeMixer,28,4.38323,0.08225,0.22378,0.08853,0.01818,0.00114,0.00017
3047,LineSD,SCINet,1,31.18921,0.05171,0.16148,0.0645,0.29462,0.01473,0.00217
3047,LineSD,SCINet,7,35.27636,0.0628,0.18277,0.07308,0.19144,0.01008,0.00147
3047,LineSD,SCINet,14,30.29094,0.0738,0.20343,0.08143,0.26134,0.01452,0.00212
3047,LineSD,SCINet,28,22.95958,0.0884,0.22651,0.08976,0.20725,0.01295,0.0019
3047,LineSD,SegRNN,1,4.05833,0.04222,0.13284,0.05241,0.0213,0.00106,0.00016
3047,LineSD,SegRNN,7,4.08318,0.04915,0.1526,0.06073,0.02023,0.00106,0.00016
3047,LineSD,SegRNN,14,3.50115,0.11156,0.24164,0.0956,0.01421,0.00079,0.00012
3047,LineSD,SegRNN,28,2.69459,0.12104,0.25773,0.10199,0.01653,0.00103,0.00015
5678,LineSD,TimeMixer,1,4.82234,0.04669,0.14688,0.05902,0.02519,0.00126,0.00019
5678,LineSD,TimeMixer,7,4.68706,0.05946,0.18163,0.07295,0.02416,0.00127,0.00019
5678,LineSD,TimeMixer,14,4.50951,0.06904,0.20132,0.07998,0.02728,0.00152,0.00022
5678,LineSD,TimeMixer,28,2.63602,0.08727,0.23447,0.09246,0.01871,0.00117,0.00017
5678,LineSD,SCINet,1,31.95254,0.04947,0.14986,0.05975,0.2651,0.01325,0.00195
5678,LineSD,SCINet,7,26.93782,0.06888,0.19556,0.07795,0.23818,0.01254,0.00183
5678,LineSD,SCINet,14,25.81658,0.0801,0.21715,0.08706,0.20126,0.01118,0.00164
5678,LineSD,SCINet,28,25.75469,0.08625,0.22248,0.08837,0.23765,0.01485,0.00218
5678,LineSD,SegRNN,1,4.1351,0.04117,0.13014,0.05132,0.01754,0.00088,0.00013
5678,LineSD,SegRNN,7,4.06578,0.04903,0.15277,0.06081,0.02012,0.00106,0.00015
5678,LineSD,SegRNN,14,3.93002,0.11015,0.24058,0.09578,0.01709,0.00095,0.00014
5678,LineSD,SegRNN,28,2.91679,0.12028,0.25778,0.10182,0.01522,0.00095,0.00014
9012,LineSD,TimeMixer,1,4.93268,0.04718,0.14613,0.05868,0.02419,0.00121,0.00018
9012,LineSD,TimeMixer,7,5.04639,0.06114,0.18658,0.0748,0.03025,0.00159,0.00023
9012,LineSD,TimeMixer,14,4.14383,0.06752,0.19809,0.07909,0.02378,0.00132,0.00019
9012,LineSD,TimeMixer,28,4.57889,0.07826,0.21269,0.08328,0.02063,0.00129,0.00019
9012,LineSD,SCINet,1,30.15038,0.05638,0.16475,0.06631,0.30936,0.01547,0.00227
9012,LineSD,SCINet,7,31.85096,0.06289,0.18521,0.07348,0.22768,0.01198,0.00175
9012,LineSD,SCINet,14,28.84786,0.07464,0.20259,0.08086,0.21892,0.01216,0.00178
9012,LineSD,SCINet,28,22.08373,0.08616,0.22174,0.08761,0.15884,0.00993,0.00146
9012,LineSD,SegRNN,1,3.21441,0.04325,0.13236,0.05174,0.0135,0.00067,0.0001
9012,LineSD,SegRNN,7,3.48214,0.04832,0.15131,0.06021,0.01702,0.0009,0.00013
9012,LineSD,SegRNN,14,3.92822,0.11019,0.24022,0.09565,0.01711,0.00095,0.00014
9012,LineSD,SegRNN,28,2.62335,0.12377,0.26097,0.10288,0.01763,0.0011,0.00016
3456,LineSD,TimeMixer,1,4.2429,0.04951,0.16101,0.06423,0.02274,0.00114,0.00017
3456,LineSD,TimeMixer,7,4.19863,0.06156,0.18706,0.075,0.02153,0.00113,0.00017
3456,LineSD,TimeMixer,14,4.19284,0.06555,0.1966,0.07868,0.02518,0.0014,0.0002
3456,LineSD,TimeMixer,28,4.44347,0.07885,0.21473,0.08445,0.0212,0.00133,0.00019
3456,LineSD,SCINet,1,29.91133,0.05613,0.16775,0.0672,0.29257,0.01463,0.00215
3456,LineSD,SCINet,7,33.17529,0.06255,0.18273,0.0731,0.2943,0.01549,0.00226
3456,LineSD,SCINet,14,31.13451,0.07515,0.20593,0.0824,0.28332,0.01574,0.0023
3456,LineSD,SCINet,28,29.17844,0.09051,0.22842,0.09045,0.25801,0.01613,0.00237
3456,LineSD,SegRNN,1,4.00268,0.04158,0.1321,0.05211,0.01819,0.00091,0.00013
3456,LineSD,SegRNN,7,4.01021,0.04906,0.15241,0.06059,0.0171,0.0009,0.00013
3456,LineSD,SegRNN,14,3.84829,0.11003,0.24005,0.09559,0.01753,0.00097,0.00014
3456,LineSD,SegRNN,28,3.79897,0.12038,0.25727,0.10202,0.01782,0.00111,0.00016
1234,LineSD,SARIMAX,1,2.371310949,0.001,0.031216489,1.3455,,,
1234,LineSD,SARIMAX,7,2.314389944,0.0094,0.066652957,2.9913,,,
1234,LineSD,SARIMAX,14,2.329335451,0.0076,0.067696313,2.948,,,
1234,LineSD,SARIMAX,28,2.347679377,0.0083,0.071377113,3.0023,,,
3047,LineT1,XGBoost,1,0.135563135,8.20051E-05,0.009055668,4.312222628,,,
3047,LineT1,XGBoost,7,0.126133919,0.000161374,0.011722073,6.592104261,,,
3047,LineT1,XGBoost,14,0.225602388,0.000382978,0.01584801,8.915741573,,,
3047,LineT1,XGBoost,28,0.214360714,0.000462125,0.016231792,8.110996216,,,
3456,LineT1,XGBoost,1,0.14065361,6.09238E-05,0.007805371,3.716843185,,,
3456,LineT1,XGBoost,7,0.143210649,0.000142552,0.010378308,5.962237541,,,
3456,LineT1,XGBoost,14,0.216804981,0.00031422,0.014348572,8.235597678,,,
3456,LineT1,XGBoost,28,0.220411062,0.000447046,0.015750108,7.826551782,,,
5678,LineT1,XGBoost,1,0.143111229,4.61394E-05,0.006792598,3.234570651,,,
5678,LineT1,XGBoost,7,0.127072096,0.000160782,0.011214772,6.380030751,,,
5678,LineT1,XGBoost,14,0.20138979,0.000315494,0.014475317,8.37807906,,,
5678,LineT1,XGBoost,28,0.217401266,0.000445436,0.016556153,8.31669639,,,
9012,LineT1,XGBoost,1,0.143137693,2.27892E-05,0.004773804,2.273239976,,,
9012,LineT1,XGBoost,7,0.135982037,0.000168248,0.011404732,6.527454859,,,
9012,LineT1,XGBoost,14,0.205405235,0.000372166,0.016587529,9.352839642,,,
9012,LineT1,XGBoost,28,0.210365772,0.000466025,0.016483765,8.263346515,,,
3047,LineT1,TimeXer,1,5.43773,0.00154,0.03435,0.30844,0.03217,0.00161,0.00024
3047,LineT1,TimeXer,7,6.25018,0.00181,0.03573,0.34265,0.03597,0.00189,0.00028
3047,LineT1,TimeXer,14,6.80176,0.0018,0.03485,0.34656,0.07895,0.00439,0.00064
3047,LineT1,TimeXer,28,5.65052,0.0023,0.03589,0.39987,0.02815,0.00176,0.00026
5678,LineT1,TimeXer,1,5.03726,0.00182,0.03642,0.33745,0.03323,0.00166,0.00024
5678,LineT1,TimeXer,7,6.15702,0.00181,0.03422,0.3417,0.03882,0.00204,0.0003
5678,LineT1,TimeXer,14,6.14225,0.00199,0.03762,0.35878,0.03623,0.00201,0.00029
5678,LineT1,TimeXer,28,5.82402,0.00207,0.03719,0.38249,0.02982,0.00186,0.00027
9012,LineT1,TimeXer,1,6.18856,0.00159,0.03432,0.32366,0.03937,0.00197,0.00029
9012,LineT1,TimeXer,7,6.36107,0.00181,0.03597,0.3441,0.0414,0.00218,0.00032
9012,LineT1,TimeXer,14,5.16496,0.00197,0.03751,0.35549,0.02924,0.00162,0.00024
9012,LineT1,TimeXer,28,4.99963,0.00204,0.03686,0.38073,0.02733,0.00171,0.00025
3456,LineT1,TimeXer,1,5.39128,0.00172,0.0354,0.33368,0.03214,0.00161,0.00024
3456,LineT1,TimeXer,7,5.34651,0.00187,0.03635,0.34489,0.03641,0.00192,0.00028
3456,LineT1,TimeXer,14,5.81733,0.00192,0.03681,0.35385,0.03027,0.00168,0.00025
3456,LineT1,TimeXer,28,6.08759,0.00206,0.03744,0.3808,0.03428,0.00214,0.00031
3047,LineT1,TimeMixer,1,4.01164,0.00167,0.03461,0.32559,0.02113,0.00106,0.00016
3047,LineT1,TimeMixer,7,4.24226,0.00186,0.03546,0.3504,0.02467,0.0013,0.00019
3047,LineT1,TimeMixer,14,3.67525,0.00193,0.03538,0.35999,0.02723,0.00151,0.00022
3047,LineT1,TimeMixer,28,3.71437,0.00208,0.03578,0.38731,0.02122,0.00133,0.00019
3047,LineT1,SCINet,1,26.07328,0.00388,0.05342,0.45331,0.19423,0.00971,0.00143
3047,LineT1,SCINet,7,29.89715,0.00275,0.04234,0.38025,0.27453,0.01445,0.00211
3047,LineT1,SCINet,14,30.25217,0.00274,0.04231,0.38455,0.26047,0.01447,0.00212
3047,LineT1,SCINet,28,26.76662,0.00281,0.0417,0.41361,0.159,0.00994,0.00146
3047,LineT1,SegRNN,1,3.46508,0.00164,0.03348,0.31036,0.01826,0.00091,0.00013
3047,LineT1,SegRNN,7,3.91537,0.00508,0.05363,0.38251,0.02022,0.00106,0.00016
3047,LineT1,SegRNN,14,3.8711,0.00382,0.04817,0.42362,0.0175,0.00097,0.00014
3047,LineT1,SegRNN,28,3.86399,0.00396,0.0483,0.44174,0.01617,0.00101,0.00015
5678,LineT1,TimeMixer,1,5.07617,0.00183,0.03674,0.34014,0.02514,0.00126,0.00018
5678,LineT1,TimeMixer,7,4.7893,0.00185,0.03602,0.34765,0.03021,0.00159,0.00023
5678,LineT1,TimeMixer,14,4.6397,0.00193,0.03546,0.36074,0.0204,0.00113,0.00017
5678,LineT1,TimeMixer,28,3.26946,0.0022,0.03606,0.39515,0.0227,0.00142,0.00021
5678,LineT1,SCINet,1,29.13103,0.00184,0.03313,0.33321,0.24354,0.01218,0.00179
5678,LineT1,SCINet,7,28.76172,0.00258,0.04058,0.38039,0.26027,0.0137,0.002
5678,LineT1,SCINet,14,27.53964,0.00253,0.04001,0.37319,0.22099,0.01228,0.0018
5678,LineT1,SCINet,28,17.01183,0.00284,0.04209,0.41138,0.15699,0.00981,0.00144
5678,LineT1,SegRNN,1,3.24018,0.00136,0.03005,0.28622,0.017,0.00085,0.00012
5678,LineT1,SegRNN,7,3.13762,0.00253,0.03865,0.34417,0.01615,0.00085,0.00012
5678,LineT1,SegRNN,14,3.93712,0.00409,0.05021,0.4268,0.01771,0.00098,0.00014
5678,LineT1,SegRNN,28,3.83007,0.00394,0.0483,0.43727,0.01726,0.00108,0.00016
9012,LineT1,TimeMixer,1,4.30744,0.00156,0.03386,0.31901,0.02315,0.00116,0.00017
9012,LineT1,TimeMixer,7,3.17121,0.00189,0.03523,0.35145,0.02318,0.00122,0.00018
9012,LineT1,TimeMixer,14,2.86194,0.00203,0.03555,0.36386,0.02071,0.00115,0.00017
9012,LineT1,TimeMixer,28,3.38764,0.00209,0.03525,0.38795,0.02107,0.00132,0.00019
9012,LineT1,SCINet,1,20.4476,0.00309,0.04662,0.41464,0.17917,0.00896,0.00132
9012,LineT1,SCINet,7,27.46508,0.00236,0.03887,0.35911,0.223,0.01174,0.00172
9012,LineT1,SCINet,14,30.0924,0.00261,0.0411,0.37276,0.25567,0.0142,0.00208
9012,LineT1,SCINet,28,27.72995,0.00258,0.04036,0.39319,0.20208,0.01263,0.00185
9012,LineT1,SegRNN,1,2.66165,0.00148,0.02869,0.30036,0.01626,0.00081,0.00012
9012,LineT1,SegRNN,7,3.99268,0.00219,0.03814,0.33198,0.02025,0.00107,0.00016
9012,LineT1,SegRNN,14,3.79091,0.00381,0.04809,0.41372,0.01527,0.00085,0.00012
9012,LineT1,SegRNN,28,3.37524,0.00433,0.04988,0.44957,0.01614,0.00101,0.00015
3456,LineT1,TimeMixer,1,5.0747,0.00195,0.0362,0.34854,0.0232,0.00116,0.00017
3456,LineT1,TimeMixer,7,4.65529,0.00188,0.0352,0.35096,0.02617,0.00138,0.0002
3456,LineT1,TimeMixer,14,3.8581,0.00196,0.03561,0.36069,0.02673,0.00148,0.00022
3456,LineT1,TimeMixer,28,3.49973,0.00207,0.03523,0.38799,0.02419,0.00151,0.00022
3456,LineT1,SCINet,1,28.31002,0.00173,0.03159,0.28608,0.19871,0.00994,0.00146
3456,LineT1,SCINet,7,25.64888,0.00247,0.0401,0.35829,0.23455,0.01234,0.0018
3456,LineT1,SCINet,14,32.95138,0.00263,0.04106,0.38129,0.25185,0.01399,0.00205
3456,LineT1,SCINet,28,24.47734,0.00273,0.04122,0.41406,0.16098,0.01006,0.00148
3456,LineT1,SegRNN,1,3.19875,0.00148,0.03199,0.29598,0.02002,0.001,0.00015
3456,LineT1,SegRNN,7,3.41951,0.00207,0.03655,0.3296,0.01533,0.00081,0.00012
3456,LineT1,SegRNN,14,3.43241,0.00379,0.04823,0.4284,0.01713,0.00095,0.00014
3456,LineT1,SegRNN,28,3.35881,0.00415,0.04882,0.44663,0.01513,0.00095,0.00014
1234,LineT1,SARIMAX,1,3.699370146,0,0.000828048,0.3943,,,
1234,LineT1,SARIMAX,7,3.781960726,0.0005,0.017091613,10.0113,,,
1234,LineT1,SARIMAX,14,3.729407072,0.0005,0.015289136,9.4287,,,
1234,LineT1,SARIMAX,28,3.745623589,0.0003,0.013517021,7.7916,,,
3047,LineXJ,XGBoost,1,0.137101412,0.001306876,0.036150746,2.302595309,,,
3047,LineXJ,XGBoost,7,0.146575928,0.011941616,0.095383993,5.759082007,,,
3047,LineXJ,XGBoost,14,0.22036171,0.04632067,0.167651143,9.767611324,,,
3047,LineXJ,XGBoost,28,0.211307764,0.675486335,0.695734923,41.84422846,,,
3456,LineXJ,XGBoost,1,0.151510715,0.004709051,0.068622522,4.370861296,,,
3456,LineXJ,XGBoost,7,0.128782034,0.009725793,0.086112865,5.240229709,,,
3456,LineXJ,XGBoost,14,0.232159615,0.049748391,0.177763915,10.51107576,,,
3456,LineXJ,XGBoost,28,0.224322796,0.667186985,0.680991229,40.69847582,,,
5678,LineXJ,XGBoost,1,0.151004314,0.013681562,0.116968207,7.45020429,,,
5678,LineXJ,XGBoost,7,0.14454031,0.009484723,0.090334037,5.525639935,,,
5678,LineXJ,XGBoost,14,0.233358383,0.041142512,0.16191639,9.70023213,,,
5678,LineXJ,XGBoost,28,0.216295242,0.703194224,0.70833916,42.6062652,,,
9012,LineXJ,XGBoost,1,0.142069578,0.010647782,0.10318809,6.57248983,,,
9012,LineXJ,XGBoost,7,0.151076078,0.013870941,0.103696444,6.250237381,,,
9012,LineXJ,XGBoost,14,0.239310265,0.081130511,0.226845136,13.66746505,,,
9012,LineXJ,XGBoost,28,0.207360983,0.694983483,0.724625214,43.62357459,,,
3047,LineXJ,TimeXer,1,6.27411,1.03829,0.56541,0.22691,0.03851,0.00193,0.00028
3047,LineXJ,TimeXer,7,4.9375,1.71451,0.81997,0.32538,0.0379,0.00199,0.00029
3047,LineXJ,TimeXer,14,6.29444,1.99035,0.87765,0.33181,0.03837,0.00213,0.00031
3047,LineXJ,TimeXer,28,4.59267,3.0955,1.12523,0.37929,0.03123,0.00195,0.00029
5678,LineXJ,TimeXer,1,5.09707,1.14968,0.63436,0.25193,0.02959,0.00148,0.00022
5678,LineXJ,TimeXer,7,5.03929,1.58763,0.78858,0.31645,0.03293,0.00173,0.00025
5678,LineXJ,TimeXer,14,5.69835,2.10075,0.8982,0.33373,0.03529,0.00196,0.00029
5678,LineXJ,TimeXer,28,5.12406,2.82879,1.10657,0.42077,0.02633,0.00165,0.00024
9012,LineXJ,TimeXer,1,4.70941,1.25472,0.72277,0.30407,0.04442,0.00222,0.00033
9012,LineXJ,TimeXer,7,6.28031,1.50577,0.77359,0.31902,0.04132,0.00217,0.00032
9012,LineXJ,TimeXer,14,5.67919,1.91885,0.88728,0.33784,0.03119,0.00173,0.00025
9012,LineXJ,TimeXer,28,4.681,2.99725,1.09952,0.37594,0.03025,0.00189,0.00028
3456,LineXJ,TimeXer,1,6.55562,0.99642,0.57693,0.23762,0.04134,0.00207,0.0003
3456,LineXJ,TimeXer,7,5.61678,1.60134,0.78612,0.31192,0.02626,0.00138,0.0002
3456,LineXJ,TimeXer,14,5.51114,2.0021,0.88169,0.32819,0.03578,0.00199,0.00029
3456,LineXJ,TimeXer,28,5.94744,2.41232,1.01617,0.37378,0.02925,0.00183,0.00027
3047,LineXJ,TimeMixer,1,3.88204,1.31813,0.68617,0.2602,0.02614,0.00131,0.00019
3047,LineXJ,TimeMixer,7,4.79034,1.7076,0.81307,0.30716,0.02525,0.00133,0.00019
3047,LineXJ,TimeMixer,14,4.14021,2.05436,0.90016,0.33154,0.02214,0.00123,0.00018
3047,LineXJ,TimeMixer,28,2.59419,3.13584,1.1592,0.4294,0.01715,0.00107,0.00016
3047,LineXJ,SCINet,1,29.15838,0.89837,0.59912,0.24113,0.19819,0.00991,0.00146
3047,LineXJ,SCINet,7,30.04979,1.32449,0.74203,0.28946,0.29888,0.01573,0.0023
3047,LineXJ,SCINet,28,26.50198,2.34849,0.96099,0.31846,0.15986,0.00999,0.00147
3047,LineXJ,SegRNN,1,4.02246,0.94566,0.54588,0.20563,0.017,0.00085,0.00012
3047,LineXJ,SegRNN,7,3.55438,1.35487,0.70386,0.26859,0.01943,0.00102,0.00015
3047,LineXJ,SegRNN,14,3.42508,3.34903,1.14666,0.43311,0.01628,0.0009,0.00013
3047,LineXJ,SegRNN,28,3.25438,4.43336,1.38488,0.54565,0.0162,0.00101,0.00015
5678,LineXJ,TimeMixer,1,4.2328,1.25839,0.68723,0.28299,0.0222,0.00111,0.00016
5678,LineXJ,TimeMixer,7,3.63153,1.79905,0.83911,0.31447,0.02327,0.00122,0.00018
5678,LineXJ,TimeMixer,14,3.24843,2.1886,0.94069,0.35714,0.02319,0.00129,0.00019
5678,LineXJ,TimeMixer,28,3.15506,3.23167,1.1719,0.4214,0.02305,0.00144,0.00021
5678,LineXJ,SCINet,1,21.47994,1.16775,0.67142,0.26055,0.20397,0.0102,0.0015
5678,LineXJ,SCINet,7,30.68766,1.32298,0.74259,0.29149,0.2653,0.01396,0.00204
5678,LineXJ,SCINet,14,23.7171,2.34925,0.96532,0.34901,0.18598,0.01033,0.00151
5678,LineXJ,SCINet,28,26.3187,2.28218,0.97088,0.34125,0.20509,0.01282,0.00188
5678,LineXJ,SegRNN,1,3.99429,0.98483,0.55393,0.20627,0.01957,0.00098,0.00014
5678,LineXJ,SegRNN,7,3.89181,1.34021,0.70311,0.2707,0.01624,0.00085,0.00012
5678,LineXJ,SegRNN,14,3.84215,3.36837,1.15095,0.43476,0.0165,0.00092,0.00013
5678,LineXJ,SegRNN,28,3.24508,4.42983,1.38379,0.54551,0.01399,0.00087,0.00013
9012,LineXJ,TimeMixer,1,3.47222,1.43756,0.75002,0.29115,0.02764,0.00138,0.0002
9012,LineXJ,TimeMixer,7,4.09181,1.67498,0.80462,0.30873,0.02332,0.00123,0.00018
9012,LineXJ,TimeMixer,14,3.4143,2.38457,1.01018,0.40723,0.02623,0.00146,0.00021
9012,LineXJ,TimeMixer,28,3.22666,3.14179,1.15363,0.4209,0.0217,0.00136,0.0002
9012,LineXJ,SCINet,1,17.50962,1.44015,0.77288,0.30505,0.18546,0.00927,0.00136
9012,LineXJ,SCINet,7,23.64178,1.64629,0.81602,0.31393,0.21957,0.01156,0.00169
9012,LineXJ,SCINet,14,26.26019,2.21219,0.94387,0.34901,0.2113,0.01174,0.00172
9012,LineXJ,SCINet,28,25.86664,2.19498,0.95386,0.33633,0.21383,0.01336,0.00196
9012,LineXJ,SegRNN,1,4.09167,0.99545,0.54597,0.19343,0.01964,0.00098,0.00014
9012,LineXJ,SegRNN,7,3.92491,1.321,0.6957,0.26702,0.0193,0.00102,0.00015
9012,LineXJ,SegRNN,14,3.9859,3.36254,1.15051,0.43455,0.01999,0.00111,0.00016
9012,LineXJ,SegRNN,28,3.81132,4.4299,1.38392,0.54612,0.01824,0.00114,0.00017
3456,LineXJ,TimeMixer,1,4.5485,1.38411,0.67566,0.24929,0.02723,0.00136,0.0002
3456,LineXJ,TimeMixer,7,4.332,1.8066,0.83471,0.31255,0.02741,0.00144,0.00021
3456,LineXJ,TimeMixer,14,3.31246,2.33437,0.99156,0.39434,0.02212,0.00123,0.00018
3456,LineXJ,TimeMixer,28,3.23039,3.10984,1.16765,0.44354,0.02271,0.00142,0.00021
3456,LineXJ,SCINet,1,33.26353,0.96847,0.61162,0.2488,0.2069,0.01034,0.00152
3456,LineXJ,SCINet,7,26.48374,1.27065,0.72317,0.28478,0.25874,0.01362,0.00199
3456,LineXJ,SCINet,14,30.72301,1.54608,0.80605,0.31763,0.27873,0.01548,0.00227
3456,LineXJ,SCINet,28,22.68242,2.56827,1.00569,0.34059,0.18701,0.01169,0.00172
3456,LineXJ,SegRNN,1,4.03732,0.95006,0.53899,0.19802,0.01732,0.00087,0.00013
3456,LineXJ,SegRNN,7,4.08577,1.34822,0.73335,0.28831,0.01914,0.00101,0.00015
3456,LineXJ,SegRNN,14,3.96186,3.35864,1.14613,0.43303,0.01916,0.00106,0.00016
3456,LineXJ,SegRNN,28,3.85407,4.42821,1.38366,0.54573,0.01612,0.00101,0.00015
3047,LineXJ,SCINet,14,22.65215,1.79738,0.84719,0.31171,0.18873,0.01049,0.00153
1234,LineXJ,SARIMAX,1,3.108202696,0.0109,0.104429597,6.6516,,,
1234,LineXJ,SARIMAX,7,3.103739738,0.3102,0.432769028,25.5496,,,
1234,LineXJ,SARIMAX,14,3.106622934,0.3102,0.424183354,23.6967,,,
1234,LineXJ,SARIMAX,28,3.120862722,0.2934,0.403569208,22.2782,,,
3047,LineYF,XGBoost,1,0.146527529,0.01973666,0.140487223,4.730209518,,,
3047,LineYF,XGBoost,7,0.148216724,0.053694733,0.214261383,7.755439493,,,
3047,LineYF,XGBoost,14,0.224149704,0.291098657,0.461273212,15.78777384,,,
3047,LineYF,XGBoost,28,0.227767467,0.151895351,0.339061958,11.8716771,,,
3456,LineYF,XGBoost,1,0.149012566,0.0336059,0.18331912,6.172360956,,,
3456,LineYF,XGBoost,7,0.155617952,0.055043877,0.22302187,8.181551956,,,
3456,LineYF,XGBoost,14,0.242240429,0.284635627,0.445176313,15.16674923,,,
3456,LineYF,XGBoost,28,0.221324444,0.122540681,0.304101756,10.68092996,,,
5678,LineYF,XGBoost,1,0.133114338,0.022923367,0.151404648,5.09779959,,,
5678,LineYF,XGBoost,7,0.157498837,0.036252728,0.176376773,6.627282484,,,
5678,LineYF,XGBoost,14,0.209374666,0.225818862,0.407695516,14.02573851,,,
5678,LineYF,XGBoost,28,0.198740482,0.157168589,0.341730262,11.86701688,,,
9012,LineYF,XGBoost,1,0.127280474,0.023075446,0.151906042,5.114681552,,,
9012,LineYF,XGBoost,7,0.135087013,0.041004239,0.188095217,6.998335605,,,
9012,LineYF,XGBoost,14,0.243230581,0.315584481,0.472081305,16.14204651,,,
9012,LineYF,XGBoost,28,0.213736773,0.142157835,0.322587992,11.30167867,,,
3047,LineYF,TimeXer,1,6.21853,0.08743,0.20212,0.07754,0.04181,0.00209,0.00031
3047,LineYF,TimeXer,14,5.11995,0.10145,0.23033,0.08836,0.02714,0.00151,0.00022
3047,LineYF,TimeXer,28,4.93848,0.10598,0.23068,0.08828,0.0281,0.00176,0.00026
5678,LineYF,TimeXer,1,6.06237,0.08726,0.22279,0.08596,0.04529,0.00226,0.00033
5678,LineYF,TimeXer,7,6.5289,0.09255,0.21838,0.08208,0.03788,0.00199,0.00029
5678,LineYF,TimeXer,14,6.32219,0.10438,0.23506,0.0894,0.04144,0.0023,0.00034
5678,LineYF,TimeXer,28,5.72078,0.10224,0.22429,0.08488,0.03297,0.00206,0.0003
9012,LineYF,TimeXer,1,6.6391,0.08266,0.21226,0.08188,0.03636,0.00182,0.00027
9012,LineYF,TimeXer,7,6.51604,0.09249,0.21468,0.08181,0.04134,0.00218,0.00032
9012,LineYF,TimeXer,14,5.75862,0.11156,0.24225,0.09381,0.04383,0.00244,0.00036
9012,LineYF,TimeXer,28,6.02338,0.10464,0.22896,0.08684,0.02921,0.00183,0.00027
3456,LineYF,TimeXer,1,6.64201,0.09301,0.22488,0.08799,0.04045,0.00202,0.0003
3456,LineYF,TimeXer,7,5.86861,0.09411,0.21527,0.08191,0.03778,0.00199,0.00029
3456,LineYF,TimeXer,14,4.66073,0.10256,0.22617,0.08757,0.03119,0.00173,0.00025
3456,LineYF,TimeXer,28,4.94655,0.1031,0.2246,0.08521,0.02818,0.00176,0.00026
3047,LineYF,TimeMixer,1,4.18595,0.12903,0.28258,0.1085,0.02321,0.00116,0.00017
3047,LineYF,TimeMixer,7,4.31924,0.13233,0.28524,0.11113,0.02725,0.00143,0.00021
3047,LineYF,TimeMixer,14,4.78054,0.11377,0.24688,0.09408,0.02517,0.0014,0.0002
3047,LineYF,TimeMixer,28,4.6495,0.14366,0.2894,0.11177,0.02122,0.00133,0.00019
3047,LineYF,SCINet,1,33.87452,0.09709,0.23269,0.08991,0.19534,0.00977,0.00144
3047,LineYF,SCINet,7,30.03371,0.1153,0.25289,0.09693,0.18849,0.00992,0.00145
3047,LineYF,SCINet,14,27.79793,0.11906,0.25546,0.09828,0.26888,0.01494,0.00219
3047,LineYF,SCINet,28,33.12837,0.12648,0.26203,0.10032,0.22943,0.01434,0.0021
3047,LineYF,SegRNN,1,3.56066,0.07257,0.18806,0.07024,0.01835,0.00092,0.00013
3047,LineYF,SegRNN,7,3.95864,0.0852,0.19354,0.0726,0.017,0.00089,0.00013
3047,LineYF,SegRNN,14,3.94756,0.39532,0.49016,0.18759,0.02017,0.00112,0.00016
3047,LineYF,SegRNN,28,3.86178,0.39217,0.49095,0.18801,0.01529,0.00096,0.00014
5678,LineYF,TimeMixer,1,4.88363,0.102,0.22726,0.0868,0.02782,0.00139,0.0002
5678,LineYF,TimeMixer,7,5.0421,0.1207,0.26502,0.10145,0.02633,0.00139,0.0002
5678,LineYF,TimeMixer,14,4.72081,0.15909,0.31037,0.12073,0.0266,0.00148,0.00022
5678,LineYF,TimeMixer,28,4.57649,0.14427,0.29061,0.11164,0.0211,0.00132,0.00019
5678,LineYF,SCINet,1,35.93146,0.10102,0.23324,0.09053,0.24502,0.01225,0.0018
5678,LineYF,SCINet,7,25.9162,0.10873,0.24864,0.09624,0.18569,0.00977,0.00143
5678,LineYF,SCINet,14,27.16767,0.1206,0.26114,0.1005,0.2203,0.01224,0.00179
5678,LineYF,SCINet,28,33.43725,0.12669,0.26591,0.10227,0.23574,0.01473,0.00216
5678,LineYF,SegRNN,1,3.57413,0.06841,0.17924,0.0666,0.01574,0.00079,0.00012
5678,LineYF,SegRNN,7,3.47862,0.08492,0.19283,0.07266,0.0171,0.0009,0.00013
5678,LineYF,SegRNN,14,3.82942,0.38429,0.48334,0.18503,0.01451,0.00081,0.00012
5678,LineYF,SegRNN,28,3.747,0.39602,0.49256,0.18859,0.01718,0.00107,0.00016
9012,LineYF,TimeMixer,1,4.911,0.1169,0.25717,0.09992,0.02327,0.00116,0.00017
9012,LineYF,TimeMixer,7,4.76019,0.11703,0.25625,0.09822,0.02276,0.0012,0.00018
9012,LineYF,TimeMixer,14,3.91508,0.12927,0.26809,0.10208,0.02213,0.00123,0.00018
9012,LineYF,TimeMixer,28,3.77754,0.14012,0.28729,0.10877,0.01723,0.00108,0.00016
9012,LineYF,SCINet,1,33.982,0.09945,0.23368,0.08702,0.31129,0.01556,0.00229
9012,LineYF,SCINet,7,31.09587,0.11571,0.2505,0.09631,0.18705,0.00984,0.00144
9012,LineYF,SCINet,14,25.00613,0.1243,0.26304,0.10133,0.20706,0.0115,0.00168
9012,LineYF,SCINet,28,33.15717,0.13088,0.27031,0.10319,0.25399,0.01587,0.00233
9012,LineYF,SegRNN,1,3.98024,0.06872,0.17369,0.06462,0.01923,0.00096,0.00014
9012,LineYF,SegRNN,7,4.02767,0.08596,0.19324,0.07284,0.02071,0.00109,0.00016
9012,LineYF,SegRNN,14,3.88451,0.38608,0.48314,0.18506,0.01619,0.0009,0.00013
9012,LineYF,SegRNN,28,3.31343,0.38907,0.48783,0.18685,0.01615,0.00101,0.00015
3456,LineYF,TimeMixer,1,4.83647,0.11469,0.25838,0.09777,0.02619,0.00131,0.00019
3456,LineYF,TimeMixer,7,5.09154,0.14401,0.29683,0.11285,0.0233,0.00123,0.00018
3456,LineYF,TimeMixer,14,4.53394,0.13548,0.28457,0.10966,0.02419,0.00134,0.0002
3456,LineYF,TimeMixer,28,4.72168,0.16071,0.31724,0.12401,0.02466,0.00154,0.00023
3456,LineYF,SCINet,1,33.84755,0.10059,0.23153,0.0897,0.31477,0.01574,0.00231
3456,LineYF,SCINet,7,31.7341,0.11701,0.25862,0.09969,0.29983,0.01578,0.00231
3456,LineYF,SCINet,14,21.51553,0.12214,0.26043,0.10138,0.16044,0.00891,0.0013
3456,LineYF,SCINet,28,31.6934,0.12464,0.25924,0.09901,0.2492,0.01557,0.00229
3456,LineYF,SegRNN,1,3.99208,0.07092,0.18102,0.06753,0.01903,0.00095,0.00014
3456,LineYF,SegRNN,7,3.37931,0.08613,0.19409,0.07285,0.01924,0.00101,0.00015
3456,LineYF,SegRNN,14,3.43272,0.39013,0.48437,0.18537,0.01699,0.00094,0.00014
3456,LineYF,SegRNN,28,3.21938,0.39043,0.48875,0.18703,0.0176,0.0011,0.00016
1234,LineYF,SARIMAX,1,7.582123756,0.0086,0.092701924,3.1213,,,
1234,LineYF,SARIMAX,7,7.580949068,0.0141,0.112086191,4.3048,,,
1234,LineYF,SARIMAX,14,7.504548788,0.0193,0.119950675,4.5671,,,
1234,LineYF,SARIMAX,28,7.511404753,0.0193,0.119932327,4.5219,,,
3047,LineYZ,XGBoost,1,0.16699791,0.110338246,0.332172012,1.608581174,,,
3047,LineYZ,XGBoost,7,0.16701889,2.647601709,1.434988131,7.449046861,,,
3047,LineYZ,XGBoost,14,0.256652832,14.13315873,3.281329092,16.29278943,,,
3047,LineYZ,XGBoost,28,0.218358994,5.477877737,1.62323772,8.13841543,,,
3456,LineYZ,XGBoost,1,0.1455369,0.350308881,0.591868973,2.866193573,,,
3456,LineYZ,XGBoost,7,0.157680988,2.005562992,1.243792098,6.353520487,,,
3456,LineYZ,XGBoost,14,0.234875441,16.04926289,3.488863201,17.29539184,,,
3456,LineYZ,XGBoost,28,0.212587118,4.134726916,1.416200816,7.239087873,,,
5678,LineYZ,XGBoost,1,0.153600931,0.355325485,0.596091843,2.886643306,,,
5678,LineYZ,XGBoost,7,0.143848658,1.795956077,1.195427551,6.213373382,,,
5678,LineYZ,XGBoost,14,0.205414057,16.35557162,3.525627452,17.40446571,,,
5678,LineYZ,XGBoost,28,0.237739325,4.393215204,1.442782546,7.321924187,,,
9012,LineYZ,XGBoost,1,0.153607607,0.036052962,0.189876175,0.919497215,,,
9012,LineYZ,XGBoost,7,0.153625727,2.439767911,1.392735002,7.167434857,,,
9012,LineYZ,XGBoost,14,0.239227533,17.0179675,3.551122913,17.39249421,,,
9012,LineYZ,XGBoost,28,0.260187864,4.837893646,1.503173291,7.520894623,,,
3047,LineYZ,TimeXer,1,6.34174,4.81109,1.33491,0.08748,0.04249,0.00212,0.00031
3047,LineYZ,TimeXer,7,6.44537,7.70254,1.841,0.1289,0.03941,0.00207,0.0003
3047,LineYZ,TimeXer,14,6.25269,8.77602,2.01591,0.13895,0.03828,0.00213,0.00031
3047,LineYZ,TimeXer,28,5.63308,8.97465,2.01741,0.13946,0.02672,0.00167,0.00025
5678,LineYZ,TimeXer,1,6.72064,4.57658,1.33374,0.08753,0.0385,0.00192,0.00028
5678,LineYZ,TimeXer,7,6.23705,8.28395,1.96955,0.13647,0.0322,0.00169,0.00025
5678,LineYZ,TimeXer,14,4.89027,8.48259,1.94488,0.13419,0.02765,0.00154,0.00022
5678,LineYZ,TimeXer,28,5.04806,9.03825,1.94912,0.13549,0.02916,0.00182,0.00027
9012,LineYZ,TimeXer,1,5.11541,4.18598,1.3482,0.08753,0.03377,0.00169,0.00025
9012,LineYZ,TimeXer,7,6.14357,7.2535,1.7731,0.11984,0.03377,0.00178,0.00026
9012,LineYZ,TimeXer,14,6.24392,8.66878,2.02675,0.13581,0.03238,0.0018,0.00026
9012,LineYZ,TimeXer,28,6.18184,9.13755,2.06833,0.14147,0.03122,0.00195,0.00029
3456,LineYZ,TimeXer,1,6.51981,5.16007,1.46888,0.09433,0.04126,0.00206,0.0003
3456,LineYZ,TimeXer,7,5.96001,8.1494,1.81537,0.13095,0.04185,0.0022,0.00032
3456,LineYZ,TimeXer,14,6.42296,9.21009,2.01137,0.13686,0.03829,0.00213,0.00031
3456,LineYZ,TimeXer,28,5.83863,9.20545,1.98125,0.14193,0.03528,0.00221,0.00032
3047,LineYZ,TimeMixer,1,4.46817,8.81368,2.17924,0.13948,0.02567,0.00128,0.00019
3047,LineYZ,TimeMixer,7,4.68796,10.16842,2.26755,0.14968,0.02322,0.00122,0.00018
3047,LineYZ,TimeMixer,14,4.81437,9.91194,2.20996,0.1459,0.0211,0.00117,0.00017
3047,LineYZ,TimeMixer,28,4.03236,10.39108,2.28231,0.15652,0.01925,0.0012,0.00018
3047,LineYZ,SCINet,1,35.8849,3.58685,1.23641,0.07819,0.32179,0.01609,0.00237
3047,LineYZ,SCINet,7,29.59019,7.84508,1.87022,0.12389,0.1791,0.00943,0.00138
3047,LineYZ,SCINet,14,26.33274,8.90318,2.01218,0.13494,0.15826,0.00879,0.00129
3047,LineYZ,SCINet,28,26.42889,9.65816,2.08088,0.14238,0.21026,0.01314,0.00193
3047,LineYZ,SegRNN,1,4.10329,3.99033,1.11184,0.07224,0.01957,0.00098,0.00014
3047,LineYZ,SegRNN,7,3.56597,6.06561,1.50157,0.10117,0.01716,0.0009,0.00013
3047,LineYZ,SegRNN,14,3.39655,32.61889,4.16437,0.27345,0.01305,0.00072,0.00011
3047,LineYZ,SegRNN,28,3.30087,32.90877,4.20916,0.27835,0.01569,0.00098,0.00014
5678,LineYZ,TimeMixer,1,4.94716,6.87524,1.70828,0.11313,0.02726,0.00136,0.0002
5678,LineYZ,TimeMixer,7,4.26869,10.20337,2.35384,0.15542,0.02228,0.00117,0.00017
5678,LineYZ,TimeMixer,14,4.07658,10.57898,2.42818,0.16515,0.01961,0.00109,0.00016
5678,LineYZ,TimeMixer,28,3.88713,12.20619,2.63716,0.18268,0.01821,0.00114,0.00017
5678,LineYZ,SCINet,1,38.14865,3.5966,1.3407,0.08553,0.26459,0.01323,0.00195
5678,LineYZ,SCINet,7,34.19272,7.09181,1.77728,0.11721,0.25943,0.01365,0.002
5678,LineYZ,SCINet,14,21.86328,8.60797,2.02584,0.13497,0.15746,0.00875,0.00128
5678,LineYZ,SCINet,28,33.07236,9.655,2.13401,0.14429,0.25678,0.01605,0.00236
5678,LineYZ,SegRNN,1,4.12162,4.07396,1.10485,0.07217,0.01718,0.00086,0.00013
5678,LineYZ,SegRNN,7,3.9352,6.16277,1.49922,0.10147,0.017,0.00089,0.00013
5678,LineYZ,SegRNN,14,3.93313,32.00296,4.11617,0.27122,0.02017,0.00112,0.00016
5678,LineYZ,SegRNN,28,3.38109,33.16483,4.23124,0.27991,0.01612,0.00101,0.00015
9012,LineYZ,TimeMixer,1,4.29474,7.374,1.94865,0.1249,0.02714,0.00136,0.0002
9012,LineYZ,TimeMixer,7,5.05166,9.87589,2.29288,0.15109,0.02238,0.00118,0.00017
9012,LineYZ,TimeMixer,14,4.83757,10.43259,2.30903,0.15432,0.02321,0.00129,0.00019
9012,LineYZ,TimeMixer,28,4.55196,11.80657,2.48543,0.1645,0.01703,0.00106,0.00016
9012,LineYZ,SCINet,1,35.42684,4.58996,1.4284,0.0911,0.27648,0.01382,0.00203
9012,LineYZ,SCINet,7,36.63458,7.56465,1.90413,0.12444,0.27582,0.01452,0.00212
9012,LineYZ,SCINet,14,26.52668,8.75486,2.02978,0.13649,0.16135,0.00896,0.00131
9012,LineYZ,SCINet,28,29.96604,9.67275,2.09039,0.14229,0.23631,0.01477,0.00217
9012,LineYZ,SegRNN,1,4.01666,4.00172,1.07642,0.06971,0.0185,0.00093,0.00014
9012,LineYZ,SegRNN,7,4.07105,6.21306,1.50199,0.10164,0.01838,0.00097,0.00014
9012,LineYZ,SegRNN,14,3.98886,32.21087,4.15492,0.27349,0.01817,0.00101,0.00015
9012,LineYZ,SegRNN,28,3.55745,33.03638,4.20518,0.27808,0.016,0.001,0.00015
3456,LineYZ,TimeMixer,1,4.23233,7.78766,2.04095,0.12627,0.02418,0.00121,0.00018
3456,LineYZ,TimeMixer,14,4.63721,10.62999,2.3208,0.15611,0.02006,0.00111,0.00016
3456,LineYZ,TimeMixer,28,4.61693,12.22178,2.53933,0.17374,0.02586,0.00162,0.00024
3456,LineYZ,SCINet,1,32.36094,3.3717,1.19844,0.07501,0.28333,0.01417,0.00208
3456,LineYZ,SCINet,7,33.35629,7.25999,1.79398,0.12051,0.28553,0.01503,0.0022
3456,LineYZ,SCINet,14,28.65305,8.84658,2.0345,0.13612,0.15826,0.00879,0.00129
3456,LineYZ,SCINet,28,20.46294,10.27994,2.15396,0.14816,0.20476,0.0128,0.00188
3456,LineYZ,SegRNN,1,4.16164,4.04669,1.08656,0.07038,0.01711,0.00086,0.00013
3456,LineYZ,SegRNN,7,3.97057,6.12623,1.50078,0.10134,0.01837,0.00097,0.00014
3456,LineYZ,SegRNN,14,3.9183,32.59226,4.16276,0.27343,0.01925,0.00107,0.00016
3456,LineYZ,SegRNN,28,3.78233,33.10655,4.21904,0.27855,0.01713,0.00107,0.00016
3456,LineYZ,TimeMixer,7,4.87159,10.98025,2.56118,0.16783,0.03158,0.00166,0.00024
1234,LineYZ,SARIMAX,1,4.535826206,0,0.000476641,0.0023,,,
1234,LineYZ,SARIMAX,7,4.517962694,0.2368,0.384402644,2.5684,,,
1234,LineYZ,SARIMAX,14,4.529933214,0.1754,0.324028236,2.074,,,
1234,LineYZ,SARIMAX,28,4.521637678,0.3572,0.462817772,2.7965,,,
3047,illness,TimeXer,1,5.0948,0.6097,0.5102,0.2266,0.0459,0.0018,0.0002
3047,illness,TimeXer,16,5.3844,0.7462,0.5954,0.2596,0.0462,0.002,0.0003
3047,illness,TimeXer,24,5.2743,0.6103,0.5436,0.2433,0.0341,0.0016,0.0002
3047,illness,TimeXer,52,4.9889,0.6643,0.6384,0.2842,0.028,0.0016,0.0002
1234,illness,TimeXer,1,5.0814,0.7014,0.5442,0.236,0.0384,0.0015,0.0002
1234,illness,TimeXer,16,4.6824,0.7035,0.5652,0.2526,0.0331,0.0014,0.0002
1234,illness,TimeXer,24,4.6218,0.6865,0.6223,0.2729,0.0342,0.0016,0.0002
1234,illness,TimeXer,52,4.0648,0.7661,0.7254,0.319,0.0285,0.0016,0.0002
5678,illness,TimeXer,1,4.6389,0.6198,0.5145,0.2205,0.0426,0.0017,0.0002
5678,illness,TimeXer,16,4.4097,0.6699,0.5558,0.2475,0.0354,0.0015,0.0002
5678,illness,TimeXer,24,5.5276,0.6566,0.5951,0.2591,0.0361,0.0016,0.0002
5678,illness,TimeXer,52,5.1182,0.7405,0.7207,0.3084,0.0319,0.0018,0.0002
9012,illness,TimeXer,1,5.2163,0.6355,0.5173,0.2273,0.0401,0.0016,0.0002
9012,illness,TimeXer,16,4.5333,0.6868,0.5745,0.2523,0.0373,0.0016,0.0002
9012,illness,TimeXer,24,4.5296,0.6795,0.6174,0.2644,0.0347,0.0016,0.0002
9012,illness,TimeXer,52,5.0252,0.7174,0.6915,0.3024,0.0317,0.0018,0.0002
3456,illness,TimeXer,1,5.6532,0.6037,0.5241,0.227,0.0411,0.0016,0.0002
3456,illness,TimeXer,16,5.3913,0.7494,0.6136,0.2683,0.0435,0.0019,0.0002
3456,illness,TimeXer,24,4.4104,0.6717,0.6156,0.2687,0.0366,0.0017,0.0002
3456,illness,TimeXer,52,4.1413,0.6879,0.662,0.2984,0.0321,0.0018,0.0002
1234,illness,XGBoost,1,2.02536,0.00625,0.07904,17.6541,,,
1234,illness,XGBoost,16,0.58899,0.57847,0.67502,79.72117,,,
1234,illness,XGBoost,24,0.63977,1.12923,0.96588,79.33814,,,
1234,illness,XGBoost,52,0.53701,1.05332,0.88514,45.61776,,,
3047,illness,XGBoost,1,2.02877,0.0058,0.07619,17.01743,,,
3047,illness,XGBoost,16,0.54225,0.56949,0.66919,78.03465,,,
3047,illness,XGBoost,24,0.52234,1.13433,0.97194,80.85652,,,
3047,illness,XGBoost,52,0.59767,1.04404,0.88131,45.55168,,,
3456,illness,XGBoost,1,2.02521,0.00474,0.06883,15.37375,,,
3456,illness,XGBoost,16,0.55488,0.57014,0.66703,78.21745,,,
3456,illness,XGBoost,24,0.55708,1.13814,0.97,80.25155,,,
3456,illness,XGBoost,52,0.56921,0.99712,0.8588,44.13365,,,
5678,illness,XGBoost,1,2.01519,0.00631,0.07945,17.7445,,,
5678,illness,XGBoost,16,0.62579,0.59873,0.68904,81.99384,,,
5678,illness,XGBoost,24,0.56563,1.11605,0.96135,79.3927,,,
5678,illness,XGBoost,52,0.50924,1.04878,0.88321,45.4929,,,
9012,illness,XGBoost,1,2.05282,0.00533,0.07299,16.30338,,,
9012,illness,XGBoost,16,0.55716,0.58995,0.68197,81.02145,,,
9012,illness,XGBoost,24,0.56222,1.12414,0.9684,80.8649,,,
9012,illness,XGBoost,52,0.65163,1.03044,0.8756,45.276,,,
1234,illness,SARIMAX,1,0.88102,0.00008,0.0088,,,,
1234,illness,SARIMAX,16,0.84868,0.14848,0.31313,,,,
1234,illness,SARIMAX,24,0.84655,0.15631,0.32476,,,,
1234,illness,SARIMAX,52,0.8543,0.29528,0.40925,,,,
3047,illness,TimeMixer,1,3.1062,0.2614,0.3253,0.1366,0.0246,0.001,0.0001
3047,illness,TimeMixer,16,3.9294,0.6742,0.5471,0.2392,0.0233,0.001,0.0001
3047,illness,TimeMixer,24,3.8756,0.6668,0.5681,0.2466,0.0287,0.0013,0.0002
3047,illness,TimeMixer,52,3.6017,0.6438,0.614,0.2792,0.0242,0.0013,0.0002
3047,illness,SCINet,1,43.3594,0.3243,0.3725,0.1702,0.2774,0.0111,0.0014
3047,illness,SCINet,16,37.1426,0.5505,0.473,0.2188,0.3115,0.0135,0.0017
3047,illness,SCINet,24,34.8052,0.5781,0.4893,0.2294,0.2102,0.0096,0.0012
3047,illness,SCINet,52,28.0151,0.5933,0.5083,0.2465,0.174,0.0097,0.0012
3047,illness,SegRNN,1,2.8151,0.1192,0.2301,0.1022,0.0147,0.0006,0.0001
3047,illness,SegRNN,16,2.7043,1.0634,0.7225,0.3117,0.0184,0.0008,0.0001
3047,illness,SegRNN,24,2.6311,1.3143,0.8486,0.3537,0.0175,0.0008,0.0001
3047,illness,SegRNN,52,2.523,1.2443,0.8855,0.3711,0.0118,0.0007,0.0001
1234,illness,TimeMixer,1,3.1853,0.278,0.335,0.1421,0.0222,0.0009,0.0001
1234,illness,TimeMixer,16,3.2769,0.6599,0.5404,0.2368,0.0303,0.0013,0.0002
1234,illness,TimeMixer,24,3.8719,0.6843,0.5738,0.2491,0.0332,0.0015,0.0002
1234,illness,TimeMixer,52,3.653,0.6478,0.6102,0.2804,0.0228,0.0013,0.0002
1234,illness,SCINet,1,42.7297,0.2963,0.3373,0.1507,0.2783,0.0111,0.0014
1234,illness,SCINet,16,35.2641,0.5755,0.4636,0.2183,0.2249,0.0098,0.0013
1234,illness,SCINet,24,37.6574,0.5371,0.4591,0.2156,0.2232,0.0101,0.0013
1234,illness,SCINet,52,29.0613,0.6126,0.515,0.2524,0.1901,0.0106,0.0013
1234,illness,SegRNN,1,2.7032,0.1107,0.2241,0.1011,0.0202,0.0008,0.0001
1234,illness,SegRNN,16,2.5668,1.0712,0.7253,0.3132,0.0163,0.0007,0.0001
1234,illness,SegRNN,24,2.3418,1.291,0.841,0.3488,0.0143,0.0006,0.0001
1234,illness,SegRNN,52,2.228,1.2608,0.8959,0.3778,0.0091,0.0005,0.0001
5678,illness,TimeMixer,1,3.924,0.2715,0.3325,0.1406,0.0319,0.0013,0.0002
5678,illness,TimeMixer,16,3.5967,0.6595,0.5426,0.2378,0.037,0.0016,0.0002
5678,illness,TimeMixer,24,4.0667,0.6572,0.5806,0.2503,0.0224,0.001,0.0001
5678,illness,TimeMixer,52,3.671,0.6514,0.6274,0.285,0.0206,0.0011,0.0001
5678,illness,SCINet,1,36.7487,0.2609,0.3241,0.1393,0.2602,0.0104,0.0013
5678,illness,SCINet,16,36.4283,0.5463,0.462,0.2156,0.3257,0.0142,0.0018
5678,illness,SCINet,24,40.2158,0.5516,0.4951,0.2276,0.2408,0.0109,0.0014
5678,illness,SCINet,52,36.2947,0.5859,0.5061,0.2442,0.1797,0.01,0.0013
5678,illness,SegRNN,1,3.0788,0.104,0.2125,0.0962,0.0213,0.0009,0.0001
5678,illness,SegRNN,16,2.7886,1.0626,0.7226,0.3121,0.0199,0.0009,0.0001
5678,illness,SegRNN,24,2.144,1.2592,0.8395,0.3528,0.0167,0.0008,0.0001
5678,illness,SegRNN,52,2.5228,1.2631,0.8947,0.3779,0.0126,0.0007,0.0001
9012,illness,TimeMixer,1,4.0522,0.2437,0.3211,0.1374,0.0353,0.0014,0.0002
9012,illness,TimeMixer,16,4.0627,0.6485,0.5401,0.2356,0.0301,0.0013,0.0002
9012,illness,TimeMixer,24,3.8724,0.705,0.5929,0.2554,0.0339,0.0015,0.0002
9012,illness,TimeMixer,52,3.2946,0.6815,0.6435,0.2899,0.0281,0.0016,0.0002
9012,illness,SCINet,1,44.4106,0.3644,0.4094,0.1818,0.273,0.0109,0.0014
9012,illness,SCINet,16,39.3683,0.5998,0.4935,0.2279,0.2918,0.0127,0.0016
9012,illness,SCINet,24,34.0489,0.5846,0.4893,0.2321,0.2478,0.0113,0.0015
9012,illness,SCINet,52,38.5559,0.6109,0.5257,0.2522,0.1825,0.0101,0.0013
9012,illness,SegRNN,1,2.889,0.1144,0.2138,0.0986,0.0212,0.0008,0.0001
9012,illness,SegRNN,16,2.765,1.0717,0.7255,0.3128,0.0181,0.0008,0.0001
9012,illness,SegRNN,24,2.6623,1.2774,0.8392,0.3506,0.0172,0.0008,0.0001
9012,illness,SegRNN,52,2.1057,1.265,0.898,0.3785,0.0131,0.0007,0.0001
3456,illness,TimeMixer,1,4.0861,0.2826,0.3443,0.1438,0.0326,0.0013,0.0002
3456,illness,TimeMixer,16,3.1868,0.6705,0.5465,0.2389,0.022,0.001,0.0001
3456,illness,TimeMixer,24,3.1914,0.6439,0.5585,0.2436,0.0196,0.0009,0.0001
3456,illness,TimeMixer,52,3.4117,0.6007,0.5651,0.265,0.0183,0.001,0.0001
3456,illness,SCINet,1,40.649,0.3213,0.3499,0.1553,0.2657,0.0106,0.0014
3456,illness,SCINet,16,38.5254,0.5467,0.4635,0.2152,0.2267,0.0099,0.0013
3456,illness,SCINet,24,32.1516,0.5972,0.5109,0.237,0.261,0.0119,0.0015
3456,illness,SCINet,52,25.0268,0.6583,0.5746,0.2693,0.2518,0.014,0.0018
3456,illness,SegRNN,1,2.9,0.1173,0.2275,0.1038,0.0155,0.0006,0.0001
3456,illness,SegRNN,16,2.2946,1.062,0.7226,0.3126,0.0125,0.0005,0.0001
3456,illness,SegRNN,24,2.2689,1.304,0.848,0.3563,0.0154,0.0007,0.0001
3456,illness,SegRNN,52,2.6561,1.2608,0.8944,0.3783,0.0132,0.0007,0.0001
1234,weather,XGBoost,6,3.19986,0.00003,0.00556,19.40644,,,
1234,weather,XGBoost,24,1.47632,0.0004,0.01903,40.13976,,,
1234,weather,XGBoost,72,2.15055,0.00381,0.05738,86.88041,,,
1234,weather,XGBoost,144,1.79477,0.0001,0.00803,43.89931,,,
3047,weather,XGBoost,6,3.16274,0.00004,0.00609,21.27401,,,
3047,weather,XGBoost,24,1.46423,0.00042,0.01943,40.22775,,,
3047,weather,XGBoost,72,2.10368,0.00403,0.05862,87.91261,,,
3047,weather,XGBoost,144,1.76726,0.00012,0.00823,43.54643,,,
3456,weather,XGBoost,6,2.99872,0.00004,0.00599,20.92541,,,
3456,weather,XGBoost,24,1.47943,0.00044,0.02025,41.38581,,,
3456,weather,XGBoost,72,2.134,0.00394,0.05814,87.28833,,,
3456,weather,XGBoost,144,1.79834,0.00014,0.00938,45.44548,,,
5678,weather,XGBoost,6,3.01506,0.00004,0.00592,20.64686,,,
5678,weather,XGBoost,24,1.47569,0.00051,0.02172,44.53612,,,
5678,weather,XGBoost,72,2.06067,0.00427,0.06035,90.09203,,,
5678,weather,XGBoost,144,1.78932,0.00014,0.009,44.37348,,,
9012,weather,XGBoost,6,3.19326,0.00003,0.00544,18.97571,,,
9012,weather,XGBoost,24,1.42179,0.0004,0.01902,40.5197,,,
9012,weather,XGBoost,72,2.07843,0.00408,0.05938,89.39178,,,
9012,weather,XGBoost,144,1.74601,0.00013,0.00857,39.82551,,,
1234,weather,SARIMAX,6,21.78478,0.05727,0.23919,,,,
1234,weather,SARIMAX,24,21.85603,0.06697,0.25807,,,,
1234,weather,SARIMAX,72,21.90138,0.10341,0.31788,,,,
1234,weather,SARIMAX,144,21.8,0.07779,0.27127,,,,
3047,weather,TimeMixer,6,173.0063,0.0001,0.0069,0.1349,1.5996,0.0055,0.0002
3047,weather,TimeMixer,24,123.5335,0.0011,0.0248,0.6049,1.5927,0.0054,0.0002
3047,weather,TimeMixer,72,178.0828,0.001,0.0227,0.5435,1.5726,0.0054,0.0002
3047,weather,TimeMixer,144,178.4814,0.0012,0.0259,0.6091,1.5971,0.0055,0.0002
3047,weather,SCINet,6,2749.281,0.0002,0.0095,0.1946,6.7503,0.023,0.0006
3047,weather,SCINet,24,2751.858,0.0005,0.0166,0.3889,7.4784,0.0255,0.0007
3047,weather,SCINet,72,2756.9378,0.001,0.0237,0.5695,7.7073,0.0265,0.0007
3047,weather,SCINet,144,2757.1035,0.0012,0.0267,0.6325,7.0052,0.0242,0.0007
3047,weather,SegRNN,6,72.6104,0.0002,0.0082,0.1699,0.2601,0.0009,0
3047,weather,SegRNN,24,61.1296,0.0028,0.0385,0.7215,0.2259,0.0008,0
3047,weather,SegRNN,72,79.8053,0.001,0.0221,0.5268,0.2562,0.0009,0
3047,weather,SegRNN,144,84.3439,0.0014,0.027,0.5815,0.2747,0.001,0
1234,weather,TimeMixer,6,173.626,0.0002,0.0088,0.1761,1.5931,0.0054,0.0002
1234,weather,TimeMixer,24,175.6923,0.0005,0.0155,0.3663,1.5625,0.0053,0.0001
1234,weather,TimeMixer,72,125.3551,0.0012,0.0258,0.6131,1.5784,0.0054,0.0002
1234,weather,TimeMixer,144,178.5084,0.0012,0.0262,0.6188,1.5897,0.0055,0.0002
1234,weather,SCINet,6,2744.9818,0.0002,0.0099,0.1969,7.1039,0.0242,0.0007
1234,weather,SCINet,24,2747.749,0.0005,0.0163,0.3776,7.7768,0.0265,0.0007
1234,weather,SCINet,72,2736.8593,0.001,0.0239,0.5733,7.0955,0.0244,0.0007
1234,weather,SCINet,144,2765.5883,0.0012,0.0265,0.6222,6.3584,0.022,0.0006
1234,weather,SegRNN,6,60.8056,0.0001,0.0062,0.1111,0.3018,0.001,0
1234,weather,SegRNN,24,58.2044,0.0022,0.0351,0.7981,0.246,0.0008,0
1234,weather,SegRNN,72,82.6391,0.001,0.0224,0.5102,0.3215,0.0011,0
1234,weather,SegRNN,144,89.4362,0.0014,0.027,0.5828,0.3181,0.0011,0
5678,weather,TimeMixer,6,178.7918,0.0001,0.008,0.1685,1.5741,0.0054,0.0001
5678,weather,TimeMixer,24,180.0438,0.0005,0.0146,0.352,1.6715,0.0057,0.0002
5678,weather,TimeMixer,72,181.4153,0.001,0.0234,0.5697,1.5854,0.0054,0.0002
5678,weather,TimeMixer,144,183.6144,0.0012,0.0264,0.6305,1.5946,0.0055,0.0002
5678,weather,SCINet,6,2768.6523,0.0002,0.0089,0.1812,7.0311,0.024,0.0007
5678,weather,SCINet,24,2773.5328,0.0005,0.0155,0.3283,7.4851,0.0255,0.0007
5678,weather,SCINet,72,2773.6435,0.0011,0.0242,0.5634,7.203,0.0248,0.0007
5678,weather,SCINet,144,2770.9025,0.0012,0.0266,0.6283,6.1599,0.0213,0.0006
5678,weather,SegRNN,6,58.8622,0.0002,0.0079,0.1572,0.2927,0.001,0
5678,weather,SegRNN,24,55.8069,0.0039,0.051,1.111,0.2672,0.0009,0
5678,weather,SegRNN,72,81.2853,0.001,0.0223,0.513,0.2526,0.0009,0
5678,weather,SegRNN,144,89.9103,0.0014,0.027,0.5869,0.2774,0.001,0
9012,weather,TimeMixer,6,125.0821,0.0003,0.0119,0.247,1.5276,0.0052,0.0001
9012,weather,TimeMixer,24,178.6557,0.0004,0.0138,0.3171,1.6311,0.0056,0.0002
9012,weather,TimeMixer,72,126.2214,0.0013,0.0267,0.6341,1.5405,0.0053,0.0001
9012,weather,TimeMixer,144,182.8084,0.0012,0.0264,0.6335,1.6302,0.0056,0.0002
9012,weather,SCINet,6,2766.1125,0.0002,0.0087,0.1785,6.1588,0.021,0.0006
9012,weather,SCINet,24,2773.5785,0.0006,0.0176,0.3932,6.1043,0.0208,0.0006
9012,weather,SCINet,72,2765.1338,0.001,0.0234,0.568,6.8953,0.0237,0.0007
9012,weather,SCINet,144,2765.354,0.0012,0.0264,0.6222,7.546,0.0261,0.0007
9012,weather,SegRNN,6,65.8212,0.0001,0.0063,0.1161,0.2638,0.0009,0
9012,weather,SegRNN,24,57.1842,0.0017,0.0303,0.6521,0.2694,0.0009,0
9012,weather,SegRNN,72,84.2348,0.001,0.0223,0.5131,0.2681,0.0009,0
9012,weather,SegRNN,144,89.2349,0.0015,0.027,0.596,0.2918,0.001,0
3456,weather,TimeMixer,6,178.2339,0.0001,0.0075,0.1547,1.5854,0.0054,0.0002
3456,weather,TimeMixer,24,179.0283,0.0011,0.0246,0.5717,1.5917,0.0054,0.0002
3456,weather,TimeMixer,72,180.154,0.001,0.024,0.5822,1.586,0.0055,0.0002
3456,weather,TimeMixer,144,145.2902,0.0012,0.0264,0.625,1.5703,0.0054,0.0002
3456,weather,SCINet,6,2797.5045,0.0002,0.0087,0.1722,7.4384,0.0254,0.0007
3456,weather,SCINet,24,2793.025,0.0005,0.0158,0.3621,6.3493,0.0217,0.0006
3456,weather,SCINet,72,2805.854,0.001,0.024,0.5759,7.8941,0.0271,0.0008
3456,weather,SCINet,144,2797.5138,0.0012,0.0266,0.6331,7.484,0.0259,0.0007
3456,weather,SegRNN,6,58.9015,0.0002,0.0098,0.2029,0.2847,0.001,0
3456,weather,SegRNN,24,64.0357,0.0019,0.0263,0.5113,0.2359,0.0008,0
3456,weather,SegRNN,72,83.5681,0.001,0.0226,0.5125,0.2496,0.0009,0
3456,weather,SegRNN,144,92.7983,0.0014,0.027,0.588,0.3063,0.0011,0
5678,Line14,SCINet,14,22.89464,102.97174,6.96687,0.10631,0.17204,0.00956,0.0014
9012,LineCP,TimeXer,1,6.0349,14.278,2.33149,0.07694,0.03669,0.00183,0.00027
3047,LineYF,TimeXer,7,6.04057,0.09343,0.22056,0.08431,0.03898,0.00205,0.0003
3047,weather,TimeXer,6,113.7966563,0.000540766,0.01657634,0.30324167,0.7669241428375244,0.0026174885421075917,7.280464617785499e-05
3047,weather,TimeXer,24,103.4347734,0.000671384,0.018940661,0.42649788,0.7439849376678467,0.0025391977394807054,7.074790202242742e-05
3047,weather,TimeXer,72,129.1619297,0.001134837,0.025436567,0.5931271,0.7166149616241455,0.0024625943698424243,6.845767688423247e-05
3047,weather,TimeXer,144,127.3589375,0.001289728,0.026645962,0.5573073,0.6890277862548828,0.002384179191193366,6.627816335656819e-05
1234,weather,TimeXer,6,99.49719531,0.000629348,0.018249655,0.40346292,0.6776471138000488,0.002312788784300508,6.43295152648613e-05
1234,weather,TimeXer,24,129.2918359,0.000647088,0.018807996,0.44661278,0.7069177627563477,0.0024126886100899235,6.72230660665983e-05
1234,weather,TimeXer,72,115.649875,0.001172284,0.026150646,0.6309244,0.7415750026702881,0.0025483677067707493,7.084209043468552e-05
1234,weather,TimeXer,144,115.5162969,0.001218887,0.025722906,0.5273667,0.7584187984466553,0.002624286499815416,7.295294329036699e-05
5678,weather,TimeXer,6,123.8745547,0.000585888,0.017740984,0.3796502,0.5977981090545654,0.0020402665838039776,5.674939330307247e-05
5678,weather,TimeXer,24,100.3503438,0.000837862,0.021492278,0.4521915,0.6622719764709473,0.002260313912870127,6.2977555769394e-05
5678,weather,TimeXer,72,125.9295625,0.001154391,0.025632784,0.58402944,0.7344462871551514,0.002523870402595022,7.016108971677029e-05
5678,weather,TimeXer,144,128.2546719,0.001335036,0.026458228,0.4782887,0.6701092720031738,0.002318717204163231,6.445837552935493e-05
9012,weather,TimeXer,6,126.96275,0.00059904,0.0180019,0.3477726,0.741121768951416,0.0025294258325986893,7.035520874799849e-05
9012,weather,TimeXer,24,114.2930391,0.000718167,0.020272521,0.4580919,0.7664685249328613,0.002615933532194066,7.288593808794801e-05
9012,weather,TimeXer,72,128.2698594,0.001109864,0.024086388,0.4474403,0.7528266906738281,0.0025870333012846325,7.19169555477482e-05
9012,weather,TimeXer,144,105.3054531,0.0012291,0.02605147,0.54457635,0.6670224666595459,0.0023080362168150376,6.416145312231107e-05
3456,weather,TimeXer,6,128.4150313,0.0005083,0.016017292,0.29114673,0.6625092029571533,0.002261123559580728,6.28924627830979e-05
3456,weather,TimeXer,24,115.1040703,0.001005106,0.024235774,0.5726084,0.7196478843688965,0.0024561361241259264,6.843361395672276e-05
3456,weather,TimeXer,72,88.72780469,0.001147292,0.025597695,0.5914265,0.616248607635498,0.0021176928097439793,5.8869756174579484e-05
3456,weather,TimeXer,144,130.6768438,0.001284524,0.026143663,0.4769369,0.6966822147369385,0.002410665102895981,6.701444928212182e-05
3047,electricity,SARIMAX,6,1851.43245,0.0539,0.20313,,,,
3047,electricity,SARIMAX,24,1849.63906,0.03783,0.16202,,,,
3047,electricity,SARIMAX,48,1840.48261,0.03645,0.16063,,,,
3047,electricity,SARIMAX,96,1830.67086,0.0848,0.2226,,,,
3047,exchange rate,SARIMAX,6,2.21508,0.00545,0.07347,,,,
3047,exchange rate,SARIMAX,24,2.24494,0.00534,0.06283,,,,
3047,exchange rate,SARIMAX,48,2.2159,0.00746,0.07636,,,,
3047,exchange rate,SARIMAX,96,2.29228,0.0052,0.06056,,,,
3047,Line1,SARIMAX,1,5.277201653,16.0535,4.006678342,3.6064,,,
3047,Line1,SARIMAX,7,5.223847389,3.8869,1.565059927,1.6121,,,
3047,Line1,SARIMAX,14,5.221643209,4.2649,1.715969714,1.7548,,,
3047,Line1,SARIMAX,28,5.245931864,5.66,2.097087091,2.1746,,,
3047,Line10,SARIMAX,1,5.778725386,0.2516,0.501627771,0.2844,,,
3047,Line10,SARIMAX,7,5.76465416,4.077,1.770641532,1.1276,,,
3047,Line10,SARIMAX,14,5.734298944,3.1242,1.475727704,0.9308,,,
3047,Line10,SARIMAX,28,5.834600925,2.5582,1.250974372,0.787,,,
3047,Line11,SARIMAX,1,2.804574251,0.0081,0.090011988,12.5017,,,
3047,Line11,SARIMAX,7,2.753933668,0.0865,0.215838431,22.3874,,,
3047,Line11,SARIMAX,14,2.766988993,0.0483,0.150221454,18.2884,,,
3047,Line11,SARIMAX,28,2.812590122,0.0287,0.115150666,15.5869,,,
3047,Line13,SARIMAX,1,12.7165091,0.0086,0.092750224,0.1804,,,
3047,Line13,SARIMAX,7,12.81962848,0.4273,0.49174701,1.2291,,,
3047,Line13,SARIMAX,14,12.78164291,0.4494,0.480121174,1.1873,,,
3047,Line13,SARIMAX,28,12.7213552,0.3596,0.442762966,1.0588,,,
3047,Line14,SARIMAX,1,1.740972281,0.3103,0.557020226,0.6585,,,
3047,Line14,SARIMAX,7,1.722142935,0.4908,0.655309032,0.9317,,,
3047,Line14,SARIMAX,14,1.772548199,0.8022,0.816811324,1.1097,,,
3047,Line14,SARIMAX,28,1.729657412,1.1234,0.964811237,1.3159,,,
3047,Line15,SARIMAX,1,2.003732204,0.0812,0.284950749,0.7108,,,
3047,Line15,SARIMAX,7,1.969956636,0.064,0.22057305,0.6451,,,
3047,Line15,SARIMAX,14,1.992065668,0.1003,0.245182997,0.7448,,,
3047,Line15,SARIMAX,28,1.958041668,0.1262,0.275065842,0.9224,,,
3047,Line16,SARIMAX,1,3.615168571,0.5143,0.717166285,2.3414,,,
3047,Line16,SARIMAX,7,3.598136902,0.324,0.52529645,2.0027,,,
3047,Line16,SARIMAX,14,3.604076624,0.3045,0.501395078,1.8647,,,
3047,Line16,SARIMAX,28,3.632868528,0.2247,0.422409634,1.6249,,,
3047,Line17,SARIMAX,1,1.704914808,0.4366,0.660794614,4.5761,,,
3047,Line17,SARIMAX,7,1.678138971,0.6103,0.767756435,6.036,,,
3047,Line17,SARIMAX,14,1.680170059,0.8374,0.870526141,6.6456,,,
3047,Line17,SARIMAX,28,1.669191122,0.9611,0.902875627,6.7834,,,
3047,Line19,SARIMAX,1,1.454689264,0.0014,0.037166906,0.1939,,,
3047,Line19,SARIMAX,7,1.449362278,0.084,0.193209036,1.5203,,,
3047,Line19,SARIMAX,14,1.446237564,0.0772,0.201296197,1.5433,,,
3047,Line19,SARIMAX,28,1.443742514,0.123,0.28713184,1.9466,,,
3047,Line2,SARIMAX,1,5.524418831,0.0459,0.214180055,0.2859,,,
3047,Line2,SARIMAX,7,5.648605108,0.4345,0.561946062,0.9437,,,
3047,Line2,SARIMAX,14,5.513953924,0.497,0.61085585,1.0225,,,
3047,Line2,SARIMAX,28,5.52310586,0.7798,0.720399778,1.1644,,,
3047,Line4,SARIMAX,1,3.745437145,0.4507,0.67135012,0.6142,,,
3047,Line4,SARIMAX,7,3.72167778,1.5102,0.922392713,0.8973,,,
3047,Line4,SARIMAX,14,3.748489618,1.9683,1.071662057,1.0481,,,
3047,Line4,SARIMAX,28,3.716893435,1.8043,1.020154078,0.997,,,
3047,Line5,SARIMAX,1,5.296036243,1.4326,1.196903881,1.4363,,,
3047,Line5,SARIMAX,7,5.327896357,0.3578,0.413625438,0.549,,,
3047,Line5,SARIMAX,14,5.323168278,0.6026,0.583810819,0.7833,,,
3047,Line5,SARIMAX,28,5.338813305,0.8289,0.72893935,1.0026,,,
3047,Line6,SARIMAX,1,5.049978733,2.6346,1.623157099,1.6022,,,
3047,Line6,SARIMAX,7,5.033568859,7.1487,2.58992802,3.0069,,,
3047,Line6,SARIMAX,14,5.060348034,7.0126,2.568926644,2.9691,,,
3047,Line6,SARIMAX,28,5.092044115,6.8509,2.490846715,2.883,,,
3047,Line7,SARIMAX,1,2.813396931,1.3094,1.14430959,1.9894,,,
3047,Line7,SARIMAX,7,2.809077263,0.3475,0.45740808,0.8209,,,
3047,Line7,SARIMAX,14,2.799071312,0.4543,0.567525669,1.0531,,,
3047,Line7,SARIMAX,28,2.83907485,0.7055,0.714747634,1.3222,,,
3047,Line8,SARIMAX,1,52.41613293,0.5834,0.763788332,0.9953,,,
3047,Line8,SARIMAX,7,52.0709269,6.2023,2.113694848,2.8855,,,
3047,Line8,SARIMAX,14,53.01610279,5.2438,1.871698059,2.5688,,,
3047,Line8,SARIMAX,28,52.548944,4.1129,1.687576548,2.3725,,,
3047,Line9,SARIMAX,1,1.89811039,2.0979,1.448424196,3.2324,,,
3047,Line9,SARIMAX,7,1.896534681,4.3621,2.025415056,5.2076,,,
3047,Line9,SARIMAX,14,1.857770443,4.8917,2.110789837,5.3166,,,
3047,Line9,SARIMAX,28,1.897009373,4.3025,1.968312674,4.9657,,,
3047,LineCP,SARIMAX,1,3.923306704,0.0475,0.218026109,0.5962,,,
3047,LineCP,SARIMAX,7,3.925530672,0.5813,0.578505959,2.0746,,,
3047,LineCP,SARIMAX,14,3.938028336,0.5709,0.603688306,2.1891,,,
3047,LineCP,SARIMAX,28,3.891888857,0.6088,0.666661707,2.2785,,,
3047,LineDX,SARIMAX,1,2.852036715,0.0693,0.2632741,6.5491,,,
3047,LineDX,SARIMAX,7,2.865121603,0.0993,0.267812913,6.9185,,,
3047,LineDX,SARIMAX,14,2.889817715,0.1547,0.350984659,8.9212,,,
3047,LineDX,SARIMAX,28,2.882666826,0.1478,0.34934028,8.6285,,,
3047,LineFS,SARIMAX,1,26.54548955,0.0212,0.145454412,0.533,,,
3047,LineFS,SARIMAX,7,26.54876661,0.3759,0.567426577,2.7304,,,
3047,LineFS,SARIMAX,14,26.5236032,0.4497,0.608475237,2.7413,,,
3047,LineFS,SARIMAX,28,26.5202992,0.4674,0.599919897,2.5823,,,
3047,LineS1,SARIMAX,1,2.414767504,0.0497,0.222885302,4.2054,,,
3047,LineS1,SARIMAX,7,2.417633533,0.0378,0.182383063,3.8535,,,
3047,LineS1,SARIMAX,14,2.445938587,0.0441,0.19967189,4.3338,,,
3047,LineS1,SARIMAX,28,2.410078764,0.0341,0.166671994,3.5966,,,
3047,LineSD,SARIMAX,1,2.371310949,0.001,0.031216489,1.3455,,,
3047,LineSD,SARIMAX,7,2.314389944,0.0094,0.066652957,2.9913,,,
3047,LineSD,SARIMAX,14,2.329335451,0.0076,0.067696313,2.948,,,
3047,LineSD,SARIMAX,28,2.347679377,0.0083,0.071377113,3.0023,,,
3047,LineT1,SARIMAX,1,3.699370146,0,0.000828048,0.3943,,,
3047,LineT1,SARIMAX,7,3.781960726,0.0005,0.017091613,10.0113,,,
3047,LineT1,SARIMAX,14,3.729407072,0.0005,0.015289136,9.4287,,,
3047,LineT1,SARIMAX,28,3.745623589,0.0003,0.013517021,7.7916,,,
3047,LineXJ,SARIMAX,1,3.108202696,0.0109,0.104429597,6.6516,,,
3047,LineXJ,SARIMAX,7,3.103739738,0.3102,0.432769028,25.5496,,,
3047,LineXJ,SARIMAX,14,3.106622934,0.3102,0.424183354,23.6967,,,
3047,LineXJ,SARIMAX,28,3.120862722,0.2934,0.403569208,22.2782,,,
3047,LineYF,SARIMAX,1,7.582123756,0.0086,0.092701924,3.1213,,,
3047,LineYF,SARIMAX,7,7.580949068,0.0141,0.112086191,4.3048,,,
3047,LineYF,SARIMAX,14,7.504548788,0.0193,0.119950675,4.5671,,,
3047,LineYF,SARIMAX,28,7.511404753,0.0193,0.119932327,4.5219,,,
3047,LineYZ,SARIMAX,1,4.535826206,0,0.000476641,0.0023,,,
3047,LineYZ,SARIMAX,7,4.517962694,0.2368,0.384402644,2.5684,,,
3047,LineYZ,SARIMAX,14,4.529933214,0.1754,0.324028236,2.074,,,
3047,LineYZ,SARIMAX,28,4.521637678,0.3572,0.462817772,2.7965,,,
3047,illness,SARIMAX,1,0.88102,0.00008,0.0088,,,,
3047,illness,SARIMAX,16,0.84868,0.14848,0.31313,,,,
3047,illness,SARIMAX,24,0.84655,0.15631,0.32476,,,,
3047,illness,SARIMAX,52,0.8543,0.29528,0.40925,,,,
3047,weather,SARIMAX,6,21.78478,0.05727,0.23919,,,,
3047,weather,SARIMAX,24,21.85603,0.06697,0.25807,,,,
3047,weather,SARIMAX,72,21.90138,0.10341,0.31788,,,,
3047,weather,SARIMAX,144,21.8,0.07779,0.27127,,,,
3456,electricity,SARIMAX,6,1851.43245,0.0539,0.20313,,,,
3456,electricity,SARIMAX,24,1849.63906,0.03783,0.16202,,,,
3456,electricity,SARIMAX,48,1840.48261,0.03645,0.16063,,,,
3456,electricity,SARIMAX,96,1830.67086,0.0848,0.2226,,,,
3456,exchange rate,SARIMAX,6,2.21508,0.00545,0.07347,,,,
3456,exchange rate,SARIMAX,24,2.24494,0.00534,0.06283,,,,
3456,exchange rate,SARIMAX,48,2.2159,0.00746,0.07636,,,,
3456,exchange rate,SARIMAX,96,2.29228,0.0052,0.06056,,,,
3456,Line1,SARIMAX,1,5.277201653,16.0535,4.006678342,3.6064,,,
3456,Line1,SARIMAX,7,5.223847389,3.8869,1.565059927,1.6121,,,
3456,Line1,SARIMAX,14,5.221643209,4.2649,1.715969714,1.7548,,,
3456,Line1,SARIMAX,28,5.245931864,5.66,2.097087091,2.1746,,,
3456,Line10,SARIMAX,1,5.778725386,0.2516,0.501627771,0.2844,,,
3456,Line10,SARIMAX,7,5.76465416,4.077,1.770641532,1.1276,,,
3456,Line10,SARIMAX,14,5.734298944,3.1242,1.475727704,0.9308,,,
3456,Line10,SARIMAX,28,5.834600925,2.5582,1.250974372,0.787,,,
3456,Line11,SARIMAX,1,2.804574251,0.0081,0.090011988,12.5017,,,
3456,Line11,SARIMAX,7,2.753933668,0.0865,0.215838431,22.3874,,,
3456,Line11,SARIMAX,14,2.766988993,0.0483,0.150221454,18.2884,,,
3456,Line11,SARIMAX,28,2.812590122,0.0287,0.115150666,15.5869,,,
3456,Line13,SARIMAX,1,12.7165091,0.0086,0.092750224,0.1804,,,
3456,Line13,SARIMAX,7,12.81962848,0.4273,0.49174701,1.2291,,,
3456,Line13,SARIMAX,14,12.78164291,0.4494,0.480121174,1.1873,,,
3456,Line13,SARIMAX,28,12.7213552,0.3596,0.442762966,1.0588,,,
3456,Line14,SARIMAX,1,1.740972281,0.3103,0.557020226,0.6585,,,
3456,Line14,SARIMAX,7,1.722142935,0.4908,0.655309032,0.9317,,,
3456,Line14,SARIMAX,14,1.772548199,0.8022,0.816811324,1.1097,,,
3456,Line14,SARIMAX,28,1.729657412,1.1234,0.964811237,1.3159,,,
3456,Line15,SARIMAX,1,2.003732204,0.0812,0.284950749,0.7108,,,
3456,Line15,SARIMAX,7,1.969956636,0.064,0.22057305,0.6451,,,
3456,Line15,SARIMAX,14,1.992065668,0.1003,0.245182997,0.7448,,,
3456,Line15,SARIMAX,28,1.958041668,0.1262,0.275065842,0.9224,,,
3456,Line16,SARIMAX,1,3.615168571,0.5143,0.717166285,2.3414,,,
3456,Line16,SARIMAX,7,3.598136902,0.324,0.52529645,2.0027,,,
3456,Line16,SARIMAX,14,3.604076624,0.3045,0.501395078,1.8647,,,
3456,Line16,SARIMAX,28,3.632868528,0.2247,0.422409634,1.6249,,,
3456,Line17,SARIMAX,1,1.704914808,0.4366,0.660794614,4.5761,,,
3456,Line17,SARIMAX,7,1.678138971,0.6103,0.767756435,6.036,,,
3456,Line17,SARIMAX,14,1.680170059,0.8374,0.870526141,6.6456,,,
3456,Line17,SARIMAX,28,1.669191122,0.9611,0.902875627,6.7834,,,
3456,Line19,SARIMAX,1,1.454689264,0.0014,0.037166906,0.1939,,,
3456,Line19,SARIMAX,7,1.449362278,0.084,0.193209036,1.5203,,,
3456,Line19,SARIMAX,14,1.446237564,0.0772,0.201296197,1.5433,,,
3456,Line19,SARIMAX,28,1.443742514,0.123,0.28713184,1.9466,,,
3456,Line2,SARIMAX,1,5.524418831,0.0459,0.214180055,0.2859,,,
3456,Line2,SARIMAX,7,5.648605108,0.4345,0.561946062,0.9437,,,
3456,Line2,SARIMAX,14,5.513953924,0.497,0.61085585,1.0225,,,
3456,Line2,SARIMAX,28,5.52310586,0.7798,0.720399778,1.1644,,,
3456,Line4,SARIMAX,1,3.745437145,0.4507,0.67135012,0.6142,,,
3456,Line4,SARIMAX,7,3.72167778,1.5102,0.922392713,0.8973,,,
3456,Line4,SARIMAX,14,3.748489618,1.9683,1.071662057,1.0481,,,
3456,Line4,SARIMAX,28,3.716893435,1.8043,1.020154078,0.997,,,
3456,Line5,SARIMAX,1,5.296036243,1.4326,1.196903881,1.4363,,,
3456,Line5,SARIMAX,7,5.327896357,0.3578,0.413625438,0.549,,,
3456,Line5,SARIMAX,14,5.323168278,0.6026,0.583810819,0.7833,,,
3456,Line5,SARIMAX,28,5.338813305,0.8289,0.72893935,1.0026,,,
3456,Line6,SARIMAX,1,5.049978733,2.6346,1.623157099,1.6022,,,
3456,Line6,SARIMAX,7,5.033568859,7.1487,2.58992802,3.0069,,,
3456,Line6,SARIMAX,14,5.060348034,7.0126,2.568926644,2.9691,,,
3456,Line6,SARIMAX,28,5.092044115,6.8509,2.490846715,2.883,,,
3456,Line7,SARIMAX,1,2.813396931,1.3094,1.14430959,1.9894,,,
3456,Line7,SARIMAX,7,2.809077263,0.3475,0.45740808,0.8209,,,
3456,Line7,SARIMAX,14,2.799071312,0.4543,0.567525669,1.0531,,,
3456,Line7,SARIMAX,28,2.83907485,0.7055,0.714747634,1.3222,,,
3456,Line8,SARIMAX,1,52.41613293,0.5834,0.763788332,0.9953,,,
3456,Line8,SARIMAX,7,52.0709269,6.2023,2.113694848,2.8855,,,
3456,Line8,SARIMAX,14,53.01610279,5.2438,1.871698059,2.5688,,,
3456,Line8,SARIMAX,28,52.548944,4.1129,1.687576548,2.3725,,,
3456,Line9,SARIMAX,1,1.89811039,2.0979,1.448424196,3.2324,,,
3456,Line9,SARIMAX,7,1.896534681,4.3621,2.025415056,5.2076,,,
3456,Line9,SARIMAX,14,1.857770443,4.8917,2.110789837,5.3166,,,
3456,Line9,SARIMAX,28,1.897009373,4.3025,1.968312674,4.9657,,,
3456,LineCP,SARIMAX,1,3.923306704,0.0475,0.218026109,0.5962,,,
3456,LineCP,SARIMAX,7,3.925530672,0.5813,0.578505959,2.0746,,,
3456,LineCP,SARIMAX,14,3.938028336,0.5709,0.603688306,2.1891,,,
3456,LineCP,SARIMAX,28,3.891888857,0.6088,0.666661707,2.2785,,,
3456,LineDX,SARIMAX,1,2.852036715,0.0693,0.2632741,6.5491,,,
3456,LineDX,SARIMAX,7,2.865121603,0.0993,0.267812913,6.9185,,,
3456,LineDX,SARIMAX,14,2.889817715,0.1547,0.350984659,8.9212,,,
3456,LineDX,SARIMAX,28,2.882666826,0.1478,0.34934028,8.6285,,,
3456,LineFS,SARIMAX,1,26.54548955,0.0212,0.145454412,0.533,,,
3456,LineFS,SARIMAX,7,26.54876661,0.3759,0.567426577,2.7304,,,
3456,LineFS,SARIMAX,14,26.5236032,0.4497,0.608475237,2.7413,,,
3456,LineFS,SARIMAX,28,26.5202992,0.4674,0.599919897,2.5823,,,
3456,LineS1,SARIMAX,1,2.414767504,0.0497,0.222885302,4.2054,,,
3456,LineS1,SARIMAX,7,2.417633533,0.0378,0.182383063,3.8535,,,
3456,LineS1,SARIMAX,14,2.445938587,0.0441,0.19967189,4.3338,,,
3456,LineS1,SARIMAX,28,2.410078764,0.0341,0.166671994,3.5966,,,
3456,LineSD,SARIMAX,1,2.371310949,0.001,0.031216489,1.3455,,,
3456,LineSD,SARIMAX,7,2.314389944,0.0094,0.066652957,2.9913,,,
3456,LineSD,SARIMAX,14,2.329335451,0.0076,0.067696313,2.948,,,
3456,LineSD,SARIMAX,28,2.347679377,0.0083,0.071377113,3.0023,,,
3456,LineT1,SARIMAX,1,3.699370146,0,0.000828048,0.3943,,,
3456,LineT1,SARIMAX,7,3.781960726,0.0005,0.017091613,10.0113,,,
3456,LineT1,SARIMAX,14,3.729407072,0.0005,0.015289136,9.4287,,,
3456,LineT1,SARIMAX,28,3.745623589,0.0003,0.013517021,7.7916,,,
3456,LineXJ,SARIMAX,1,3.108202696,0.0109,0.104429597,6.6516,,,
3456,LineXJ,SARIMAX,7,3.103739738,0.3102,0.432769028,25.5496,,,
3456,LineXJ,SARIMAX,14,3.106622934,0.3102,0.424183354,23.6967,,,
3456,LineXJ,SARIMAX,28,3.120862722,0.2934,0.403569208,22.2782,,,
3456,LineYF,SARIMAX,1,7.582123756,0.0086,0.092701924,3.1213,,,
3456,LineYF,SARIMAX,7,7.580949068,0.0141,0.112086191,4.3048,,,
3456,LineYF,SARIMAX,14,7.504548788,0.0193,0.119950675,4.5671,,,
3456,LineYF,SARIMAX,28,7.511404753,0.0193,0.119932327,4.5219,,,
3456,LineYZ,SARIMAX,1,4.535826206,0,0.000476641,0.0023,,,
3456,LineYZ,SARIMAX,7,4.517962694,0.2368,0.384402644,2.5684,,,
3456,LineYZ,SARIMAX,14,4.529933214,0.1754,0.324028236,2.074,,,
3456,LineYZ,SARIMAX,28,4.521637678,0.3572,0.462817772,2.7965,,,
3456,illness,SARIMAX,1,0.88102,0.00008,0.0088,,,,
3456,illness,SARIMAX,16,0.84868,0.14848,0.31313,,,,
3456,illness,SARIMAX,24,0.84655,0.15631,0.32476,,,,
3456,illness,SARIMAX,52,0.8543,0.29528,0.40925,,,,
3456,weather,SARIMAX,6,21.78478,0.05727,0.23919,,,,
3456,weather,SARIMAX,24,21.85603,0.06697,0.25807,,,,
3456,weather,SARIMAX,72,21.90138,0.10341,0.31788,,,,
3456,weather,SARIMAX,144,21.8,0.07779,0.27127,,,,
5678,electricity,SARIMAX,6,1851.43245,0.0539,0.20313,,,,
5678,electricity,SARIMAX,24,1849.63906,0.03783,0.16202,,,,
5678,electricity,SARIMAX,48,1840.48261,0.03645,0.16063,,,,
5678,electricity,SARIMAX,96,1830.67086,0.0848,0.2226,,,,
5678,exchange rate,SARIMAX,6,2.21508,0.00545,0.07347,,,,
5678,exchange rate,SARIMAX,24,2.24494,0.00534,0.06283,,,,
5678,exchange rate,SARIMAX,48,2.2159,0.00746,0.07636,,,,
5678,exchange rate,SARIMAX,96,2.29228,0.0052,0.06056,,,,
5678,Line1,SARIMAX,1,5.277201653,16.0535,4.006678342,3.6064,,,
5678,Line1,SARIMAX,7,5.223847389,3.8869,1.565059927,1.6121,,,
5678,Line1,SARIMAX,14,5.221643209,4.2649,1.715969714,1.7548,,,
5678,Line1,SARIMAX,28,5.245931864,5.66,2.097087091,2.1746,,,
5678,Line10,SARIMAX,1,5.778725386,0.2516,0.501627771,0.2844,,,
5678,Line10,SARIMAX,7,5.76465416,4.077,1.770641532,1.1276,,,
5678,Line10,SARIMAX,14,5.734298944,3.1242,1.475727704,0.9308,,,
5678,Line10,SARIMAX,28,5.834600925,2.5582,1.250974372,0.787,,,
5678,Line11,SARIMAX,1,2.804574251,0.0081,0.090011988,12.5017,,,
5678,Line11,SARIMAX,7,2.753933668,0.0865,0.215838431,22.3874,,,
5678,Line11,SARIMAX,14,2.766988993,0.0483,0.150221454,18.2884,,,
5678,Line11,SARIMAX,28,2.812590122,0.0287,0.115150666,15.5869,,,
5678,Line13,SARIMAX,1,12.7165091,0.0086,0.092750224,0.1804,,,
5678,Line13,SARIMAX,7,12.81962848,0.4273,0.49174701,1.2291,,,
5678,Line13,SARIMAX,14,12.78164291,0.4494,0.480121174,1.1873,,,
5678,Line13,SARIMAX,28,12.7213552,0.3596,0.442762966,1.0588,,,
5678,Line14,SARIMAX,1,1.740972281,0.3103,0.557020226,0.6585,,,
5678,Line14,SARIMAX,7,1.722142935,0.4908,0.655309032,0.9317,,,
5678,Line14,SARIMAX,14,1.772548199,0.8022,0.816811324,1.1097,,,
5678,Line14,SARIMAX,28,1.729657412,1.1234,0.964811237,1.3159,,,
5678,Line15,SARIMAX,1,2.003732204,0.0812,0.284950749,0.7108,,,
5678,Line15,SARIMAX,7,1.969956636,0.064,0.22057305,0.6451,,,
5678,Line15,SARIMAX,14,1.992065668,0.1003,0.245182997,0.7448,,,
5678,Line15,SARIMAX,28,1.958041668,0.1262,0.275065842,0.9224,,,
5678,Line16,SARIMAX,1,3.615168571,0.5143,0.717166285,2.3414,,,
5678,Line16,SARIMAX,7,3.598136902,0.324,0.52529645,2.0027,,,
5678,Line16,SARIMAX,14,3.604076624,0.3045,0.501395078,1.8647,,,
5678,Line16,SARIMAX,28,3.632868528,0.2247,0.422409634,1.6249,,,
5678,Line17,SARIMAX,1,1.704914808,0.4366,0.660794614,4.5761,,,
5678,Line17,SARIMAX,7,1.678138971,0.6103,0.767756435,6.036,,,
5678,Line17,SARIMAX,14,1.680170059,0.8374,0.870526141,6.6456,,,
5678,Line17,SARIMAX,28,1.669191122,0.9611,0.902875627,6.7834,,,
5678,Line19,SARIMAX,1,1.454689264,0.0014,0.037166906,0.1939,,,
5678,Line19,SARIMAX,7,1.449362278,0.084,0.193209036,1.5203,,,
5678,Line19,SARIMAX,14,1.446237564,0.0772,0.201296197,1.5433,,,
5678,Line19,SARIMAX,28,1.443742514,0.123,0.28713184,1.9466,,,
5678,Line2,SARIMAX,1,5.524418831,0.0459,0.214180055,0.2859,,,
5678,Line2,SARIMAX,7,5.648605108,0.4345,0.561946062,0.9437,,,
5678,Line2,SARIMAX,14,5.513953924,0.497,0.61085585,1.0225,,,
5678,Line2,SARIMAX,28,5.52310586,0.7798,0.720399778,1.1644,,,
5678,Line4,SARIMAX,1,3.745437145,0.4507,0.67135012,0.6142,,,
5678,Line4,SARIMAX,7,3.72167778,1.5102,0.922392713,0.8973,,,
5678,Line4,SARIMAX,14,3.748489618,1.9683,1.071662057,1.0481,,,
5678,Line4,SARIMAX,28,3.716893435,1.8043,1.020154078,0.997,,,
5678,Line5,SARIMAX,1,5.296036243,1.4326,1.196903881,1.4363,,,
5678,Line5,SARIMAX,7,5.327896357,0.3578,0.413625438,0.549,,,
5678,Line5,SARIMAX,14,5.323168278,0.6026,0.583810819,0.7833,,,
5678,Line5,SARIMAX,28,5.338813305,0.8289,0.72893935,1.0026,,,
5678,Line6,SARIMAX,1,5.049978733,2.6346,1.623157099,1.6022,,,
5678,Line6,SARIMAX,7,5.033568859,7.1487,2.58992802,3.0069,,,
5678,Line6,SARIMAX,14,5.060348034,7.0126,2.568926644,2.9691,,,
5678,Line6,SARIMAX,28,5.092044115,6.8509,2.490846715,2.883,,,
5678,Line7,SARIMAX,1,2.813396931,1.3094,1.14430959,1.9894,,,
5678,Line7,SARIMAX,7,2.809077263,0.3475,0.45740808,0.8209,,,
5678,Line7,SARIMAX,14,2.799071312,0.4543,0.567525669,1.0531,,,
5678,Line7,SARIMAX,28,2.83907485,0.7055,0.714747634,1.3222,,,
5678,Line8,SARIMAX,1,52.41613293,0.5834,0.763788332,0.9953,,,
5678,Line8,SARIMAX,7,52.0709269,6.2023,2.113694848,2.8855,,,
5678,Line8,SARIMAX,14,53.01610279,5.2438,1.871698059,2.5688,,,
5678,Line8,SARIMAX,28,52.548944,4.1129,1.687576548,2.3725,,,
5678,Line9,SARIMAX,1,1.89811039,2.0979,1.448424196,3.2324,,,
5678,Line9,SARIMAX,7,1.896534681,4.3621,2.025415056,5.2076,,,
5678,Line9,SARIMAX,14,1.857770443,4.8917,2.110789837,5.3166,,,
5678,Line9,SARIMAX,28,1.897009373,4.3025,1.968312674,4.9657,,,
5678,LineCP,SARIMAX,1,3.923306704,0.0475,0.218026109,0.5962,,,
5678,LineCP,SARIMAX,7,3.925530672,0.5813,0.578505959,2.0746,,,
5678,LineCP,SARIMAX,14,3.938028336,0.5709,0.603688306,2.1891,,,
5678,LineCP,SARIMAX,28,3.891888857,0.6088,0.666661707,2.2785,,,
5678,LineDX,SARIMAX,1,2.852036715,0.0693,0.2632741,6.5491,,,
5678,LineDX,SARIMAX,7,2.865121603,0.0993,0.267812913,6.9185,,,
5678,LineDX,SARIMAX,14,2.889817715,0.1547,0.350984659,8.9212,,,
5678,LineDX,SARIMAX,28,2.882666826,0.1478,0.34934028,8.6285,,,
5678,LineFS,SARIMAX,1,26.54548955,0.0212,0.145454412,0.533,,,
5678,LineFS,SARIMAX,7,26.54876661,0.3759,0.567426577,2.7304,,,
5678,LineFS,SARIMAX,14,26.5236032,0.4497,0.608475237,2.7413,,,
5678,LineFS,SARIMAX,28,26.5202992,0.4674,0.599919897,2.5823,,,
5678,LineS1,SARIMAX,1,2.414767504,0.0497,0.222885302,4.2054,,,
5678,LineS1,SARIMAX,7,2.417633533,0.0378,0.182383063,3.8535,,,
5678,LineS1,SARIMAX,14,2.445938587,0.0441,0.19967189,4.3338,,,
5678,LineS1,SARIMAX,28,2.410078764,0.0341,0.166671994,3.5966,,,
5678,LineSD,SARIMAX,1,2.371310949,0.001,0.031216489,1.3455,,,
5678,LineSD,SARIMAX,7,2.314389944,0.0094,0.066652957,2.9913,,,
5678,LineSD,SARIMAX,14,2.329335451,0.0076,0.067696313,2.948,,,
5678,LineSD,SARIMAX,28,2.347679377,0.0083,0.071377113,3.0023,,,
5678,LineT1,SARIMAX,1,3.699370146,0,0.000828048,0.3943,,,
5678,LineT1,SARIMAX,7,3.781960726,0.0005,0.017091613,10.0113,,,
5678,LineT1,SARIMAX,14,3.729407072,0.0005,0.015289136,9.4287,,,
5678,LineT1,SARIMAX,28,3.745623589,0.0003,0.013517021,7.7916,,,
5678,LineXJ,SARIMAX,1,3.108202696,0.0109,0.104429597,6.6516,,,
5678,LineXJ,SARIMAX,7,3.103739738,0.3102,0.432769028,25.5496,,,
5678,LineXJ,SARIMAX,14,3.106622934,0.3102,0.424183354,23.6967,,,
5678,LineXJ,SARIMAX,28,3.120862722,0.2934,0.403569208,22.2782,,,
5678,LineYF,SARIMAX,1,7.582123756,0.0086,0.092701924,3.1213,,,
5678,LineYF,SARIMAX,7,7.580949068,0.0141,0.112086191,4.3048,,,
5678,LineYF,SARIMAX,14,7.504548788,0.0193,0.119950675,4.5671,,,
5678,LineYF,SARIMAX,28,7.511404753,0.0193,0.119932327,4.5219,,,
5678,LineYZ,SARIMAX,1,4.535826206,0,0.000476641,0.0023,,,
5678,LineYZ,SARIMAX,7,4.517962694,0.2368,0.384402644,2.5684,,,
5678,LineYZ,SARIMAX,14,4.529933214,0.1754,0.324028236,2.074,,,
5678,LineYZ,SARIMAX,28,4.521637678,0.3572,0.462817772,2.7965,,,
5678,illness,SARIMAX,1,0.88102,0.00008,0.0088,,,,
5678,illness,SARIMAX,16,0.84868,0.14848,0.31313,,,,
5678,illness,SARIMAX,24,0.84655,0.15631,0.32476,,,,
5678,illness,SARIMAX,52,0.8543,0.29528,0.40925,,,,
5678,weather,SARIMAX,6,21.78478,0.05727,0.23919,,,,
5678,weather,SARIMAX,24,21.85603,0.06697,0.25807,,,,
5678,weather,SARIMAX,72,21.90138,0.10341,0.31788,,,,
5678,weather,SARIMAX,144,21.8,0.07779,0.27127,,,,
9012,electricity,SARIMAX,6,1851.43245,0.0539,0.20313,,,,
9012,electricity,SARIMAX,24,1849.63906,0.03783,0.16202,,,,
9012,electricity,SARIMAX,48,1840.48261,0.03645,0.16063,,,,
9012,electricity,SARIMAX,96,1830.67086,0.0848,0.2226,,,,
9012,exchange rate,SARIMAX,6,2.21508,0.00545,0.07347,,,,
9012,exchange rate,SARIMAX,24,2.24494,0.00534,0.06283,,,,
9012,exchange rate,SARIMAX,48,2.2159,0.00746,0.07636,,,,
9012,exchange rate,SARIMAX,96,2.29228,0.0052,0.06056,,,,
9012,Line1,SARIMAX,1,5.277201653,16.0535,4.006678342,3.6064,,,
9012,Line1,SARIMAX,7,5.223847389,3.8869,1.565059927,1.6121,,,
9012,Line1,SARIMAX,14,5.221643209,4.2649,1.715969714,1.7548,,,
9012,Line1,SARIMAX,28,5.245931864,5.66,2.097087091,2.1746,,,
9012,Line10,SARIMAX,1,5.778725386,0.2516,0.501627771,0.2844,,,
9012,Line10,SARIMAX,7,5.76465416,4.077,1.770641532,1.1276,,,
9012,Line10,SARIMAX,14,5.734298944,3.1242,1.475727704,0.9308,,,
9012,Line10,SARIMAX,28,5.834600925,2.5582,1.250974372,0.787,,,
9012,Line11,SARIMAX,1,2.804574251,0.0081,0.090011988,12.5017,,,
9012,Line11,SARIMAX,7,2.753933668,0.0865,0.215838431,22.3874,,,
9012,Line11,SARIMAX,14,2.766988993,0.0483,0.150221454,18.2884,,,
9012,Line11,SARIMAX,28,2.812590122,0.0287,0.115150666,15.5869,,,
9012,Line13,SARIMAX,1,12.7165091,0.0086,0.092750224,0.1804,,,
9012,Line13,SARIMAX,7,12.81962848,0.4273,0.49174701,1.2291,,,
9012,Line13,SARIMAX,14,12.78164291,0.4494,0.480121174,1.1873,,,
9012,Line13,SARIMAX,28,12.7213552,0.3596,0.442762966,1.0588,,,
9012,Line14,SARIMAX,1,1.740972281,0.3103,0.557020226,0.6585,,,
9012,Line14,SARIMAX,7,1.722142935,0.4908,0.655309032,0.9317,,,
9012,Line14,SARIMAX,14,1.772548199,0.8022,0.816811324,1.1097,,,
9012,Line14,SARIMAX,28,1.729657412,1.1234,0.964811237,1.3159,,,
9012,Line15,SARIMAX,1,2.003732204,0.0812,0.284950749,0.7108,,,
9012,Line15,SARIMAX,7,1.969956636,0.064,0.22057305,0.6451,,,
9012,Line15,SARIMAX,14,1.992065668,0.1003,0.245182997,0.7448,,,
9012,Line15,SARIMAX,28,1.958041668,0.1262,0.275065842,0.9224,,,
9012,Line16,SARIMAX,1,3.615168571,0.5143,0.717166285,2.3414,,,
9012,Line16,SARIMAX,7,3.598136902,0.324,0.52529645,2.0027,,,
9012,Line16,SARIMAX,14,3.604076624,0.3045,0.501395078,1.8647,,,
9012,Line16,SARIMAX,28,3.632868528,0.2247,0.422409634,1.6249,,,
9012,Line17,SARIMAX,1,1.704914808,0.4366,0.660794614,4.5761,,,
9012,Line17,SARIMAX,7,1.678138971,0.6103,0.767756435,6.036,,,
9012,Line17,SARIMAX,14,1.680170059,0.8374,0.870526141,6.6456,,,
9012,Line17,SARIMAX,28,1.669191122,0.9611,0.902875627,6.7834,,,
9012,Line19,SARIMAX,1,1.454689264,0.0014,0.037166906,0.1939,,,
9012,Line19,SARIMAX,7,1.449362278,0.084,0.193209036,1.5203,,,
9012,Line19,SARIMAX,14,1.446237564,0.0772,0.201296197,1.5433,,,
9012,Line19,SARIMAX,28,1.443742514,0.123,0.28713184,1.9466,,,
9012,Line2,SARIMAX,1,5.524418831,0.0459,0.214180055,0.2859,,,
9012,Line2,SARIMAX,7,5.648605108,0.4345,0.561946062,0.9437,,,
9012,Line2,SARIMAX,14,5.513953924,0.497,0.61085585,1.0225,,,
9012,Line2,SARIMAX,28,5.52310586,0.7798,0.720399778,1.1644,,,
9012,Line4,SARIMAX,1,3.745437145,0.4507,0.67135012,0.6142,,,
9012,Line4,SARIMAX,7,3.72167778,1.5102,0.922392713,0.8973,,,
9012,Line4,SARIMAX,14,3.748489618,1.9683,1.071662057,1.0481,,,
9012,Line4,SARIMAX,28,3.716893435,1.8043,1.020154078,0.997,,,
9012,Line5,SARIMAX,1,5.296036243,1.4326,1.196903881,1.4363,,,
9012,Line5,SARIMAX,7,5.327896357,0.3578,0.413625438,0.549,,,
9012,Line5,SARIMAX,14,5.323168278,0.6026,0.583810819,0.7833,,,
9012,Line5,SARIMAX,28,5.338813305,0.8289,0.72893935,1.0026,,,
9012,Line6,SARIMAX,1,5.049978733,2.6346,1.623157099,1.6022,,,
9012,Line6,SARIMAX,7,5.033568859,7.1487,2.58992802,3.0069,,,
9012,Line6,SARIMAX,14,5.060348034,7.0126,2.568926644,2.9691,,,
9012,Line6,SARIMAX,28,5.092044115,6.8509,2.490846715,2.883,,,
9012,Line7,SARIMAX,1,2.813396931,1.3094,1.14430959,1.9894,,,
9012,Line7,SARIMAX,7,2.809077263,0.3475,0.45740808,0.8209,,,
9012,Line7,SARIMAX,14,2.799071312,0.4543,0.567525669,1.0531,,,
9012,Line7,SARIMAX,28,2.83907485,0.7055,0.714747634,1.3222,,,
9012,Line8,SARIMAX,1,52.41613293,0.5834,0.763788332,0.9953,,,
9012,Line8,SARIMAX,7,52.0709269,6.2023,2.113694848,2.8855,,,
9012,Line8,SARIMAX,14,53.01610279,5.2438,1.871698059,2.5688,,,
9012,Line8,SARIMAX,28,52.548944,4.1129,1.687576548,2.3725,,,
9012,Line9,SARIMAX,1,1.89811039,2.0979,1.448424196,3.2324,,,
9012,Line9,SARIMAX,7,1.896534681,4.3621,2.025415056,5.2076,,,
9012,Line9,SARIMAX,14,1.857770443,4.8917,2.110789837,5.3166,,,
9012,Line9,SARIMAX,28,1.897009373,4.3025,1.968312674,4.9657,,,
9012,LineCP,SARIMAX,1,3.923306704,0.0475,0.218026109,0.5962,,,
9012,LineCP,SARIMAX,7,3.925530672,0.5813,0.578505959,2.0746,,,
9012,LineCP,SARIMAX,14,3.938028336,0.5709,0.603688306,2.1891,,,
9012,LineCP,SARIMAX,28,3.891888857,0.6088,0.666661707,2.2785,,,
9012,LineDX,SARIMAX,1,2.852036715,0.0693,0.2632741,6.5491,,,
9012,LineDX,SARIMAX,7,2.865121603,0.0993,0.267812913,6.9185,,,
9012,LineDX,SARIMAX,14,2.889817715,0.1547,0.350984659,8.9212,,,
9012,LineDX,SARIMAX,28,2.882666826,0.1478,0.34934028,8.6285,,,
9012,LineFS,SARIMAX,1,26.54548955,0.0212,0.145454412,0.533,,,
9012,LineFS,SARIMAX,7,26.54876661,0.3759,0.567426577,2.7304,,,
9012,LineFS,SARIMAX,14,26.5236032,0.4497,0.608475237,2.7413,,,
9012,LineFS,SARIMAX,28,26.5202992,0.4674,0.599919897,2.5823,,,
9012,LineS1,SARIMAX,1,2.414767504,0.0497,0.222885302,4.2054,,,
9012,LineS1,SARIMAX,7,2.417633533,0.0378,0.182383063,3.8535,,,
9012,LineS1,SARIMAX,14,2.445938587,0.0441,0.19967189,4.3338,,,
9012,LineS1,SARIMAX,28,2.410078764,0.0341,0.166671994,3.5966,,,
9012,LineSD,SARIMAX,1,2.371310949,0.001,0.031216489,1.3455,,,
9012,LineSD,SARIMAX,7,2.314389944,0.0094,0.066652957,2.9913,,,
9012,LineSD,SARIMAX,14,2.329335451,0.0076,0.067696313,2.948,,,
9012,LineSD,SARIMAX,28,2.347679377,0.0083,0.071377113,3.0023,,,
9012,LineT1,SARIMAX,1,3.699370146,0,0.000828048,0.3943,,,
9012,LineT1,SARIMAX,7,3.781960726,0.0005,0.017091613,10.0113,,,
9012,LineT1,SARIMAX,14,3.729407072,0.0005,0.015289136,9.4287,,,
9012,LineT1,SARIMAX,28,3.745623589,0.0003,0.013517021,7.7916,,,
9012,LineXJ,SARIMAX,1,3.108202696,0.0109,0.104429597,6.6516,,,
9012,LineXJ,SARIMAX,7,3.103739738,0.3102,0.432769028,25.5496,,,
9012,LineXJ,SARIMAX,14,3.106622934,0.3102,0.424183354,23.6967,,,
9012,LineXJ,SARIMAX,28,3.120862722,0.2934,0.403569208,22.2782,,,
9012,LineYF,SARIMAX,1,7.582123756,0.0086,0.092701924,3.1213,,,
9012,LineYF,SARIMAX,7,7.580949068,0.0141,0.112086191,4.3048,,,
9012,LineYF,SARIMAX,14,7.504548788,0.0193,0.119950675,4.5671,,,
9012,LineYF,SARIMAX,28,7.511404753,0.0193,0.119932327,4.5219,,,
9012,LineYZ,SARIMAX,1,4.535826206,0,0.000476641,0.0023,,,
9012,LineYZ,SARIMAX,7,4.517962694,0.2368,0.384402644,2.5684,,,
9012,LineYZ,SARIMAX,14,4.529933214,0.1754,0.324028236,2.074,,,
9012,LineYZ,SARIMAX,28,4.521637678,0.3572,0.462817772,2.7965,,,
9012,illness,SARIMAX,1,0.88102,0.00008,0.0088,,,,
9012,illness,SARIMAX,16,0.84868,0.14848,0.31313,,,,
9012,illness,SARIMAX,24,0.84655,0.15631,0.32476,,,,
9012,illness,SARIMAX,52,0.8543,0.29528,0.40925,,,,
9012,weather,SARIMAX,6,21.78478,0.05727,0.23919,,,,
9012,weather,SARIMAX,24,21.85603,0.06697,0.25807,,,,
9012,weather,SARIMAX,72,21.90138,0.10341,0.31788,,,,
9012,weather,SARIMAX,144,21.8,0.07779,0.27127,,,,
,,,,,,,,,,
,,,,,,,,,,
,,,,,,,,,,
,,,,,,,,,,
,,,,,,,,,,
,,,,,,,,,,
,,,,,,,,,,
,,,,,,,,,,
,,,,,,,,,,
,,,,,,,,,,
,,,,,,,,,,
,,,,,,,,,,
,,,,,,,,,,
,,,,,,,,,,
,,,,,,,,,,
,,,,,,,,,,
,,,,,,,,,,
,,,,,,,,,,
,,,,,,,,,,
,,,,,,,,,,
,,,,,,,,,,
,,,,,,,,,,
,,,,,,,,,,
,,,,,,,,,,
,,,,,,,,,,
,,,,,,,,,,
,,,,,,,,,,
,,,,,,,,,,
,,,,,,,,,,
,,,,,,,,,,
,,,,,,,,,,
,,,,,,,,,,
,,,,,,,,,,
,,,,,,,,,,
,,,,,,,,,,
,,,,,,,,,,
,,,,,,,,,,
,,,,,,,,,,
,,,,,,,,,,
,,,,,,,,,,
,,,,,,,,,,
,,,,,,,,,,
,,,,,,,,,,
,,,,,,,,,,
,,,,,,,,,,
,,,,,,,,,,
,,,,,,,,,,
,,,,,,,,,,
,,,,,,,,,,
,,,,,,,,,,
,,,,,,,,,,
,,,,,,,,,,
,,,,,,,,,,
,,,,,,,,,,
,,,,,,,,,,
,,,,,,,,,,
,,,,,,,,,,
,,,,,,,,,,
,,,,,,,,,,
,,,,,,,,,,
,,,,,,,,,,
,,,,,,,,,,
,,,,,,,,,,
,,,,,,,,,,
,,,,,,,,,,
,,,,,,,,,,
,,,,,,,,,,
,,,,,,,,,,
,,,,,,,,,,
,,,,,,,,,,
,,,,,,,,,,
,,,,,,,,,,
,,,,,,,,,,
,,,,,,,,,,
,,,,,,,,,,
,,,,,,,,,,
,,,,,,,,,,
,,,,,,,,,,
,,,,,,,,,,
,,,,,,,,,,
,,,,,,,,,,
,,,,,,,,,,
,,,,,,,,,,
,,,,,,,,,,
,,,,,,,,,,
,,,,,,,,,,
,,,,,,,,,,
,,,,,,,,,,
,,,,,,,,,,
,,,,,,,,,,
,,,,,,,,,,
,,,,,,,,,,
,,,,,,,,,,
,,,,,,,,,,
,,,,,,,,,,
,,,,,,,,,,
,,,,,,,,,,
,,,,,,,,,,
,,,,,,,,,,
,,,,,,,,,,
,,,,,,,,,,
,,,,,,,,,,
,,,,,,,,,,
,,,,,,,,,,
,,,,,,,,,,
,,,,,,,,,,
,,,,,,,,,,
,,,,,,,,,,
,,,,,,,,,,
,,,,,,,,,,
,,,,,,,,,,
,,,,,,,,,,
,,,,,,,,,,
,,,,,,,,,,
,,,,,,,,,,
,,,,,,,,,,
,,,,,,,,,,
,,,,,,,,,,
,,,,,,,,,,
,,,,,,,,,,
,,,,,,,,,,
,,,,,,,,,,
,,,,,,,,,,
,,,,,,,,,,
,,,,,,,,,,
,,,,,,,,,,
,,,,,,,,,,
,,,,,,,,,,
,,,,,,,,,,
,,,,,,,,,,
,,,,,,,,,,
,,,,,,,,,,
,,,,,,,,,,
,,,,,,,,,,
,,,,,,,,,,
,,,,,,,,,,
,,,,,,,,,,
,,,,,,,,,,
,,,,,,,,,,
,,,,,,,,,,
,,,,,,,,,,
,,,,,,,,,,
,,,,,,,,,,
,,,,,,,,,,
,,,,,,,,,,
,,,,,,,,,,
,,,,,,,,,,
,,,,,,,,,,
,,,,,,,,,,
,,,,,,,,,,
,,,,,,,,,,
,,,,,,,,,,
,,,,,,,,,,
,,,,,,,,,,
,,,,,,,,,,
,,,,,,,,,,
,,,,,,,,,,
,,,,,,,,,,
,,,,,,,,,,
,,,,,,,,,,
,,,,,,,,,,
,,,,,,,,,,
,,,,,,,,,,
,,,,,,,,,,
,,,,,,,,,,
,,,,,,,,,,
,,,,,,,,,,
,,,,,,,,,,
,,,,,,,,,,
,,,,,,,,,,
,,,,,,,,,,
,,,,,,,,,,
,,,,,,,,,,
,,,,,,,,,,
,,,,,,,,,,
,,,,,,,,,,
,,,,,,,,,,
,,,,,,,,,,
,,,,,,,,,,
,,,,,,,,,,
,,,,,,,,,,
,,,,,,,,,,
,,,,,,,,,,
,,,,,,,,,,
,,,,,,,,,,
,,,,,,,,,,
,,,,,,,,,,
,,,,,,,,,,
,,,,,,,,,,
,,,,,,,,,,
,,,,,,,,,,
,,,,,,,,,,
,,,,,,,,,,
,,,,,,,,,,
,,,,,,,,,,
,,,,,,,,,,
,,,,,,,,,,
,,,,,,,,,,
,,,,,,,,,,
,,,,,,,,,,
,,,,,,,,,,
,,,,,,,,,,
,,,,,,,,,,
,,,,,,,,,,
,,,,,,,,,,
,,,,,,,,,,
,,,,,,,,,,
,,,,,,,,,,
,,,,,,,,,,
,,,,,,,,,,
,,,,,,,,,,
,,,,,,,,,,
,,,,,,,,,,
,,,,,,,,,,
,,,,,,,,,,
,,,,,,,,,,
,,,,,,,,,,
,,,,,,,,,,
,,,,,,,,,,
,,,,,,,,,,
,,,,,,,,,,
,,,,,,,,,,
,,,,,,,,,,
,,,,,,,,,,
,,,,,,,,,,
,,,,,,,,,,
,,,,,,,,,,
,,,,,,,,,,
,,,,,,,,,,
,,,,,,,,,,
,,,,,,,,,,
,,,,,,,,,,
,,,,,,,,,,
,,,,,,,,,,
,,,,,,,,,,
,,,,,,,,,,
,,,,,,,,,,
,,,,,,,,,,
,,,,,,,,,,
,,,,,,,,,,
,,,,,,,,,,
,,,,,,,,,,
,,,,,,,,,,
,,,,,,,,,,
,,,,,,,,,,
,,,,,,,,,,
,,,,,,,,,,
,,,,,,,,,,
,,,,,,,,,,
,,,,,,,,,,
,,,,,,,,,,
,,,,,,,,,,
,,,,,,,,,,
,,,,,,,,,,
,,,,,,,,,,
,,,,,,,,,,
,,,,,,,,,,
,,,,,,,,,,
,,,,,,,,,,
,,,,,,,,,,
,,,,,,,,,,
,,,,,,,,,,
,,,,,,,,,,
,,,,,,,,,,
,,,,,,,,,,
,,,,,,,,,,
,,,,,,,,,,
,,,,,,,,,,
,,,,,,,,,,
,,,,,,,,,,
,,,,,,,,,,
,,,,,,,,,,
,,,,,,,,,,
,,,,,,,,,,
,,,,,,,,,,
,,,,,,,,,,
,,,,,,,,,,
,,,,,,,,,,
,,,,,,,,,,
,,,,,,,,,,
,,,,,,,,,,
,,,,,,,,,,
,,,,,,,,,,
,,,,,,,,,,
,,,,,,,,,,
,,,,,,,,,,
,,,,,,,,,,
,,,,,,,,,,
,,,,,,,,,,
,,,,,,,,,,
,,,,,,,,,,
,,,,,,,,,,
,,,,,,,,,,
,,,,,,,,,,
,,,,,,,,,,
,,,,,,,,,,
,,,,,,,,,,
,,,,,,,,,,
,,,,,,,,,,
,,,,,,,,,,
,,,,,,,,,,
,,,,,,,,,,
,,,,,,,,,,
,,,,,,,,,,
,,,,,,,,,,
,,,,,,,,,,
,,,,,,,,,,
,,,,,,,,,,
,,,,,,,,,,
,,,,,,,,,,
,,,,,,,,,,
,,,,,,,,,,
,,,,,,,,,,
,,,,,,,,,,
,,,,,,,,,,
,,,,,,,,,,
,,,,,,,,,,
,,,,,,,,,,
,,,,,,,,,,
,,,,,,,,,,
,,,,,,,,,,
,,,,,,,,,,
,,,,,,,,,,
,,,,,,,,,,
,,,,,,,,,,
,,,,,,,,,,
,,,,,,,,,,
,,,,,,,,,,
,,,,,,,,,,
,,,,,,,,,,
,,,,,,,,,,
,,,,,,,,,,
,,,,,,,,,,
,,,,,,,,,,
,,,,,,,,,,
,,,,,,,,,,
,,,,,,,,,,
,,,,,,,,,,
,,,,,,,,,,
,,,,,,,,,,
,,,,,,,,,,
,,,,,,,,,,
,,,,,,,,,,
,,,,,,,,,,
,,,,,,,,,,
,,,,,,,,,,
,,,,,,,,,,
,,,,,,,,,,
,,,,,,,,,,
,,,,,,,,,,
,,,,,,,,,,
,,,,,,,,,,
,,,,,,,,,,
,,,,,,,,,,
,,,,,,,,,,
,,,,,,,,,,
,,,,,,,,,,
,,,,,,,,,,
,,,,,,,,,,
,,,,,,,,,,
,,,,,,,,,,
,,,,,,,,,,
,,,,,,,,,,
,,,,,,,,,,
,,,,,,,,,,
,,,,,,,,,,
,,,,,,,,,,
,,,,,,,,,,
,,,,,,,,,,
,,,,,,,,,,
,,,,,,,,,,
,,,,,,,,,,
,,,,,,,,,,
,,,,,,,,,,
,,,,,,,,,,
,,,,,,,,,,
,,,,,,,,,,
,,,,,,,,,,
,,,,,,,,,,
,,,,,,,,,,
,,,,,,,,,,
,,,,,,,,,,
,,,,,,,,,,
,,,,,,,,,,
,,,,,,,,,,
,,,,,,,,,,
,,,,,,,,,,
,,,,,,,,,,
,,,,,,,,,,
,,,,,,,,,,
,,,,,,,,,,
,,,,,,,,,,
,,,,,,,,,,
,,,,,,,,,,
,,,,,,,,,,
,,,,,,,,,,
,,,,,,,,,,
,,,,,,,,,,
,,,,,,,,,,
,,,,,,,,,,
,,,,,,,,,,
,,,,,,,,,,
,,,,,,,,,,
,,,,,,,,,,
,,,,,,,,,,
,,,,,,,,,,
,,,,,,,,,,
,,,,,,,,,,
,,,,,,,,,,
,,,,,,,,,,
,,,,,,,,,,
,,,,,,,,,,
,,,,,,,,,,
,,,,,,,,,,
,,,,,,,,,,
,,,,,,,,,,
,,,,,,,,,,
,,,,,,,,,,
,,,,,,,,,,
,,,,,,,,,,
,,,,,,,,,,
,,,,,,,,,,
,,,,,,,,,,
,,,,,,,,,,
,,,,,,,,,,
,,,,,,,,,,
,,,,,,,,,,
,,,,,,,,,,
,,,,,,,,,,
,,,,,,,,,,
,,,,,,,,,,
,,,,,,,,,,
,,,,,,,,,,
,,,,,,,,,,
,,,,,,,,,,
,,,,,,,,,,
,,,,,,,,,,
,,,,,,,,,,
,,,,,,,,,,
,,,,,,,,,,
,,,,,,,,,,
,,,,,,,,,,
,,,,,,,,,,
,,,,,,,,,,
,,,,,,,,,,
,,,,,,,,,,
,,,,,,,,,,
,,,,,,,,,,
,,,,,,,,,,
,,,,,,,,,,
,,,,,,,,,,
,,,,,,,,,,
,,,,,,,,,,
,,,,,,,,,,
,,,,,,,,,,
,,,,,,,,,,
,,,,,,,,,,
,,,,,,,,,,
,,,,,,,,,,
,,,,,,,,,,
,,,,,,,,,,
,,,,,,,,,,
,,,,,,,,,,
,,,,,,,,,,
,,,,,,,,,,
,,,,,,,,,,
,,,,,,,,,,
,,,,,,,,,,
,,,,,,,,,,
,,,,,,,,,,
,,,,,,,,,,
,,,,,,,,,,
,,,,,,,,,,
,,,,,,,,,,
,,,,,,,,,,
,,,,,,,,,,
,,,,,,,,,,
,,,,,,,,,,
,,,,,,,,,,
,,,,,,,,,,
,,,,,,,,,,
,,,,,,,,,,
,,,,,,,,,,
,,,,,,,,,,
,,,,,,,,,,
,,,,,,,,,,
,,,,,,,,,,
,,,,,,,,,,
,,,,,,,,,,
,,,,,,,,,,
,,,,,,,,,,
,,,,,,,,,,
,,,,,,,,,,
,,,,,,,,,,
,,,,,,,,,,
,,,,,,,,,,
,,,,,,,,,,
,,,,,,,,,,
,,,,,,,,,,
,,,,,,,,,,
,,,,,,,,,,
,,,,,,,,,,
,,,,,,,,,,
,,,,,,,,,,
,,,,,,,,,,
,,,,,,,,,,
,,,,,,,,,,
,,,,,,,,,,
,,,,,,,,,,
,,,,,,,,,,
,,,,,,,,,,
,,,,,,,,,,
,,,,,,,,,,
,,,,,,,,,,
,,,,,,,,,,
,,,,,,,,,,
,,,,,,,,,,
,,,,,,,,,,
,,,,,,,,,,
,,,,,,,,,,
,,,,,,,,,,
,,,,,,,,,,
,,,,,,,,,,
,,,,,,,,,,
,,,,,,,,,,
,,,,,,,,,,
,,,,,,,,,,
,,,,,,,,,,
,,,,,,,,,,
,,,,,,,,,,
,,,,,,,,,,
,,,,,,,,,,
,,,,,,,,,,
,,,,,,,,,,
,,,,,,,,,,
,,,,,,,,,,
,,,,,,,,,,
,,,,,,,,,,
,,,,,,,,,,
,,,,,,,,,,
,,,,,,,,,,
,,,,,,,,,,
,,,,,,,,,,
,,,,,,,,,,
,,,,,,,,,,
,,,,,,,,,,
,,,,,,,,,,
,,,,,,,,,,
,,,,,,,,,,
,,,,,,,,,,
,,,,,,,,,,
,,,,,,,,,,
,,,,,,,,,,
,,,,,,,,,,
,,,,,,,,,,
,,,,,,,,,,
,,,,,,,,,,
,,,,,,,,,,
,,,,,,,,,,
,,,,,,,,,,
,,,,,,,,,,
,,,,,,,,,,
,,,,,,,,,,
,,,,,,,,,,
,,,,,,,,,,
,,,,,,,,,,
,,,,,,,,,,
,,,,,,,,,,
,,,,,,,,,,
,,,,,,,,,,
,,,,,,,,,,
,,,,,,,,,,
,,,,,,,,,,
,,,,,,,,,,
,,,,,,,,,,
,,,,,,,,,,
,,,,,,,,,,
,,,,,,,,,,
,,,,,,,,,,
,,,,,,,,,,
,,,,,,,,,,
,,,,,,,,,,
,,,,,,,,,,
,,,,,,,,,,
,,,,,,,,,,
,,,,,,,,,,
,,,,,,,,,,
,,,,,,,,,,
,,,,,,,,,,
,,,,,,,,,,
,,,,,,,,,,
,,,,,,,,,,
,,,,,,,,,,
,,,,,,,,,,
,,,,,,,,,,
,,,,,,,,,,
,,,,,,,,,,
,,,,,,,,,,
,,,,,,,,,,
,,,,,,,,,,
,,,,,,,,,,
,,,,,,,,,,
,,,,,,,,,,
,,,,,,,,,,
,,,,,,,,,,
,,,,,,,,,,
,,,,,,,,,,
,,,,,,,,,,
,,,,,,,,,,
,,,,,,,,,,
,,,,,,,,,,
,,,,,,,,,,
,,,,,,,,,,
,,,,,,,,,,
,,,,,,,,,,
,,,,,,,,,,
,,,,,,,,,,
,,,,,,,,,,
,,,,,,,,,,
,,,,,,,,,,
,,,,,,,,,,
,,,,,,,,,,
,,,,,,,,,,
,,,,,,,,,,
,,,,,,,,,,
,,,,,,,,,,
,,,,,,,,,,
,,,,,,,,,,
,,,,,,,,,,
,,,,,,,,,,
,,,,,,,,,,
,,,,,,,,,,
,,,,,,,,,,
,,,,,,,,,,
,,,,,,,,,,
,,,,,,,,,,
,,,,,,,,,,
,,,,,,,,,,
,,,,,,,,,,
,,,,,,,,,,
,,,,,,,,,,
,,,,,,,,,,
,,,,,,,,,,
,,,,,,,,,,
,,,,,,,,,,
,,,,,,,,,,
,,,,,,,,,,
,,,,,,,,,,
,,,,,,,,,,
,,,,,,,,,,
,,,,,,,,,,
,,,,,,,,,,
,,,,,,,,,,
,,,,,,,,,,
,,,,,,,,,,
,,,,,,,,,,
,,,,,,,,,,
,,,,,,,,,,
,,,,,,,,,,
,,,,,,,,,,
,,,,,,,,,,
,,,,,,,,,,
,,,,,,,,,,
,,,,,,,,,,
,,,,,,,,,,
,,,,,,,,,,
,,,,,,,,,,
,,,,,,,,,,
,,,,,,,,,,
,,,,,,,,,,
,,,,,,,,,,
,,,,,,,,,,
,,,,,,,,,,
,,,,,,,,,,
,,,,,,,,,,
,,,,,,,,,,
,,,,,,,,,,
,,,,,,,,,,
,,,,,,,,,,
,,,,,,,,,,
,,,,,,,,,,
,,,,,,,,,,
,,,,,,,,,,
,,,,,,,,,,
,,,,,,,,,,
,,,,,,,,,,
,,,,,,,,,,
,,,,,,,,,,
,,,,,,,,,,
,,,,,,,,,,
,,,,,,,,,,
,,,,,,,,,,
,,,,,,,,,,
,,,,,,,,,,
,,,,,,,,,,
,,,,,,,,,,
,,,,,,,,,,
,,,,,,,,,,
,,,,,,,,,,
,,,,,,,,,,
,,,,,,,,,,
,,,,,,,,,,
,,,,,,,,,,
,,,,,,,,,,
,,,,,,,,,,
,,,,,,,,,,
,,,,,,,,,,
,,,,,,,,,,
,,,,,,,,,,
,,,,,,,,,,
,,,,,,,,,,
,,,,,,,,,,
,,,,,,,,,,
,,,,,,,,,,
,,,,,,,,,,
,,,,,,,,,,
,,,,,,,,,,
,,,,,,,,,,
,,,,,,,,,,
,,,,,,,,,,
,,,,,,,,,,
,,,,,,,,,,
,,,,,,,,,,
,,,,,,,,,,
,,,,,,,,,,
,,,,,,,,,,
,,,,,,,,,,
,,,,,,,,,,
,,,,,,,,,,
,,,,,,,,,,
,,,,,,,,,,
,,,,,,,,,,
,,,,,,,,,,
,,,,,,,,,,
,,,,,,,,,,
,,,,,,,,,,
,,,,,,,,,,
,,,,,,,,,,
,,,,,,,,,,
,,,,,,,,,,
,,,,,,,,,,
,,,,,,,,,,
,,,,,,,,,,
,,,,,,,,,,
,,,,,,,,,,
,,,,,,,,,,
,,,,,,,,,,
,,,,,,,,,,
,,,,,,,,,,
,,,,,,,,,,
,,,,,,,,,,
,,,,,,,,,,
,,,,,,,,,,
,,,,,,,,,,
,,,,,,,,,,
,,,,,,,,,,
,,,,,,,,,,
,,,,,,,,,,
,,,,,,,,,,
,,,,,,,,,,
,,,,,,,,,,
,,,,,,,,,,
,,,,,,,,,,
,,,,,,,,,,
,,,,,,,,,,
,,,,,,,,,,
,,,,,,,,,,
,,,,,,,,,,
,,,,,,,,,,
,,,,,,,,,,
,,,,,,,,,,
,,,,,,,,,,
,,,,,,,,,,
,,,,,,,,,,
,,,,,,,,,,
,,,,,,,,,,
,,,,,,,,,,
,,,,,,,,,,
,,,,,,,,,,
,,,,,,,,,,
,,,,,,,,,,
,,,,,,,,,,
,,,,,,,,,,
,,,,,,,,,,
,,,,,,,,,,
,,,,,,,,,,
,,,,,,,,,,
,,,,,,,,,,
,,,,,,,,,,
,,,,,,,,,,
,,,,,,,,,,
,,,,,,,,,,
,,,,,,,,,,
,,,,,,,,,,
,,,,,,,,,,
,,,,,,,,,,
,,,,,,,,,,
,,,,,,,,,,
,,,,,,,,,,
,,,,,,,,,,
,,,,,,,,,,
,,,,,,,,,,
,,,,,,,,,,
,,,,,,,,,,
,,,,,,,,,,
,,,,,,,,,,
,,,,,,,,,,
,,,,,,,,,,
,,,,,,,,,,
,,,,,,,,,,
,,,,,,,,,,
,,,,,,,,,,
,,,,,,,,,,
,,,,,,,,,,
,,,,,,,,,,
,,,,,,,,,,
,,,,,,,,,,
,,,,,,,,,,
,,,,,,,,,,
,,,,,,,,,,
,,,,,,,,,,
,,,,,,,,,,
,,,,,,,,,,
,,,,,,,,,,
,,,,,,,,,,
,,,,,,,,,,
,,,,,,,,,,
,,,,,,,,,,
,,,,,,,,,,
,,,,,,,,,,
,,,,,,,,,,
,,,,,,,,,,
,,,,,,,,,,
,,,,,,,,,,
,,,,,,,,,,
,,,,,,,,,,
,,,,,,,,,,
,,,,,,,,,,
,,,,,,,,,,
,,,,,,,,,,
,,,,,,,,,,
,,,,,,,,,,
,,,,,,,,,,
,,,,,,,,,,
,,,,,,,,,,
,,,,,,,,,,
,,,,,,,,,,
,,,,,,,,,,
,,,,,,,,,,
,,,,,,,,,,
,,,,,,,,,,
,,,,,,,,,,
,,,,,,,,,,
,,,,,,,,,,
,,,,,,,,,,
,,,,,,,,,,
,,,,,,,,,,
,,,,,,,,,,
,,,,,,,,,,
,,,,,,,,,,
,,,,,,,,,,
,,,,,,,,,,
,,,,,,,,,,
,,,,,,,,,,
,,,,,,,,,,
,,,,,,,,,,
,,,,,,,,,,
,,,,,,,,,,
,,,,,,,,,,
,,,,,,,,,,
,,,,,,,,,,
,,,,,,,,,,
,,,,,,,,,,
,,,,,,,,,,
,,,,,,,,,,
,,,,,,,,,,
,,,,,,,,,,
,,,,,,,,,,
,,,,,,,,,,
,,,,,,,,,,
,,,,,,,,,,
,,,,,,,,,,
,,,,,,,,,,
,,,,,,,,,,
,,,,,,,,,,
,,,,,,,,,,
,,,,,,,,,,
,,,,,,,,,,
,,,,,,,,,,
,,,,,,,,,,
,,,,,,,,,,
,,,,,,,,,,
,,,,,,,,,,
,,,,,,,,,,
,,,,,,,,,,
,,,,,,,,,,
,,,,,,,,,,
,,,,,,,,,,
,,,,,,,,,,
,,,,,,,,,,
,,,,,,,,,,
,,,,,,,,,,
,,,,,,,,,,
,,,,,,,,,,
,,,,,,,,,,
,,,,,,,,,,
,,,,,,,,,,
,,,,,,,,,,
,,,,,,,,,,
,,,,,,,,,,
,,,,,,,,,,
,,,,,,,,,,
,,,,,,,,,,
,,,,,,,,,,
,,,,,,,,,,
,,,,,,,,,,
,,,,,,,,,,
,,,,,,,,,,
,,,,,,,,,,
,,,,,,,,,,
,,,,,,,,,,
,,,,,,,,,,
,,,,,,,,,,
,,,,,,,,,,
,,,,,,,,,,
,,,,,,,,,,
,,,,,,,,,,
,,,,,,,,,,
,,,,,,,,,,
,,,,,,,,,,
,,,,,,,,,,
,,,,,,,,,,
,,,,,,,,,,
,,,,,,,,,,
,,,,,,,,,,
,,,,,,,,,,
,,,,,,,,,,
,,,,,,,,,,
,,,,,,,,,,
,,,,,,,,,,
,,,,,,,,,,
,,,,,,,,,,
,,,,,,,,,,
,,,,,,,,,,
,,,,,,,,,,
,,,,,,,,,,
,,,,,,,,,,
,,,,,,,,,,
,,,,,,,,,,
,,,,,,,,,,
,,,,,,,,,,
,,,,,,,,,,
,,,,,,,,,,
,,,,,,,,,,
,,,,,,,,,,
,,,,,,,,,,
,,,,,,,,,,
,,,,,,,,,,
,,,,,,,,,,
,,,,,,,,,,
,,,,,,,,,,
,,,,,,,,,,
,,,,,,,,,,
,,,,,,,,,,
,,,,,,,,,,
,,,,,,,,,,
,,,,,,,,,,
,,,,,,,,,,
,,,,,,,,,,
,,,,,,,,,,
,,,,,,,,,,
,,,,,,,,,,
,,,,,,,,,,
,,,,,,,,,,
,,,,,,,,,,
,,,,,,,,,,
,,,,,,,,,,
,,,,,,,,,,
,,,,,,,,,,
,,,,,,,,,,
,,,,,,,,,,
,,,,,,,,,,
,,,,,,,,,,
,,,,,,,,,,
,,,,,,,,,,
,,,,,,,,,,
,,,,,,,,,,
,,,,,,,,,,
,,,,,,,,,,
,,,,,,,,,,
,,,,,,,,,,
,,,,,,,,,,
,,,,,,,,,,
,,,,,,,,,,
,,,,,,,,,,
,,,,,,,,,,
,,,,,,,,,,
,,,,,,,,,,
,,,,,,,,,,
,,,,,,,,,,
,,,,,,,,,,
,,,,,,,,,,
,,,,,,,,,,
,,,,,,,,,,
,,,,,,,,,,
,,,,,,,,,,
,,,,,,,,,,
,,,,,,,,,,
,,,,,,,,,,
,,,,,,,,,,
,,,,,,,,,,
,,,,,,,,,,
,,,,,,,,,,
,,,,,,,,,,
,,,,,,,,,,
,,,,,,,,,,
,,,,,,,,,,
,,,,,,,,,,
,,,,,,,,,,
,,,,,,,,,,
,,,,,,,,,,
,,,,,,,,,,
,,,,,,,,,,
,,,,,,,,,,
,,,,,,,,,,
,,,,,,,,,,
,,,,,,,,,,
,,,,,,,,,,
,,,,,,,,,,
,,,,,,,,,,
,,,,,,,,,,
,,,,,,,,,,
,,,,,,,,,,
,,,,,,,,,,
,,,,,,,,,,
,,,,,,,,,,
,,,,,,,,,,
,,,,,,,,,,
,,,,,,,,,,
,,,,,,,,,,
,,,,,,,,,,
,,,,,,,,,,
,,,,,,,,,,
,,,,,,,,,,
,,,,,,,,,,
,,,,,,,,,,
,,,,,,,,,,
,,,,,,,,,,
,,,,,,,,,,
,,,,,,,,,,
,,,,,,,,,,
,,,,,,,,,,
,,,,,,,,,,
,,,,,,,,,,
,,,,,,,,,,
,,,,,,,,,,
,,,,,,,,,,
,,,,,,,,,,
,,,,,,,,,,
,,,,,,,,,,
,,,,,,,,,,
,,,,,,,,,,
,,,,,,,,,,
,,,,,,,,,,
,,,,,,,,,,
,,,,,,,,,,
,,,,,,,,,,
,,,,,,,,,,
,,,,,,,,,,
,,,,,,,,,,
,,,,,,,,,,
,,,,,,,,,,
,,,,,,,,,,
,,,,,,,,,,
,,,,,,,,,,
,,,,,,,,,,
,,,,,,,,,,
,,,,,,,,,,
,,,,,,,,,,
,,,,,,,,,,
,,,,,,,,,,
,,,,,,,,,,
,,,,,,,,,,
,,,,,,,,,,
,,,,,,,,,,
,,,,,,,,,,
,,,,,,,,,,
,,,,,,,,,,
,,,,,,,,,,
,,,,,,,,,,
,,,,,,,,,,
,,,,,,,,,,
,,,,,,,,,,
,,,,,,,,,,
,,,,,,,,,,
,,,,,,,,,,
,,,,,,,,,,
,,,,,,,,,,
,,,,,,,,,,
,,,,,,,,,,
,,,,,,,,,,
,,,,,,,,,,
,,,,,,,,,,
,,,,,,,,,,
,,,,,,,,,,
,,,,,,,,,,
,,,,,,,,,,
,,,,,,,,,,
,,,,,,,,,,
,,,,,,,,,,
,,,,,,,,,,
,,,,,,,,,,
,,,,,,,,,,
,,,,,,,,,,
,,,,,,,,,,
,,,,,,,,,,
,,,,,,,,,,
,,,,,,,,,,
,,,,,,,,,,
,,,,,,,,,,
,,,,,,,,,,
,,,,,,,,,,
,,,,,,,,,,
,,,,,,,,,,
,,,,,,,,,,
,,,,,,,,,,
,,,,,,,,,,
,,,,,,,,,,
,,,,,,,,,,
,,,,,,,,,,
,,,,,,,,,,
,,,,,,,,,,
,,,,,,,,,,
,,,,,,,,,,
,,,,,,,,,,
,,,,,,,,,,
,,,,,,,,,,
,,,,,,,,,,
,,,,,,,,,,
,,,,,,,,,,
,,,,,,,,,,
,,,,,,,,,,
,,,,,,,,,,
,,,,,,,,,,
,,,,,,,,,,
,,,,,,,,,,
,,,,,,,,,,
,,,,,,,,,,
,,,,,,,,,,
,,,,,,,,,,
,,,,,,,,,,
,,,,,,,,,,
,,,,,,,,,,
,,,,,,,,,,
,,,,,,,,,,
,,,,,,,,,,
,,,,,,,,,,
,,,,,,,,,,
,,,,,,,,,,
,,,,,,,,,,
,,,,,,,,,,
,,,,,,,,,,
,,,,,,,,,,
,,,,,,,,,,
,,,,,,,,,,
,,,,,,,,,,
,,,,,,,,,,
,,,,,,,,,,
,,,,,,,,,,
,,,,,,,,,,
,,,,,,,,,,
,,,,,,,,,,
,,,,,,,,,,
,,,,,,,,,,
,,,,,,,,,,
,,,,,,,,,,
,,,,,,,,,,
,,,,,,,,,,
,,,,,,,,,,
,,,,,,,,,,
,,,,,,,,,,
,,,,,,,,,,
,,,,,,,,,,
,,,,,,,,,,
,,,,,,,,,,
,,,,,,,,,,
,,,,,,,,,,
,,,,,,,,,,
,,,,,,,,,,
,,,,,,,,,,
,,,,,,,,,,
,,,,,,,,,,
,,,,,,,,,,
,,,,,,,,,,
,,,,,,,,,,
,,,,,,,,,,
,,,,,,,,,,
,,,,,,,,,,
,,,,,,,,,,
,,,,,,,,,,
,,,,,,,,,,
,,,,,,,,,,
,,,,,,,,,,
,,,,,,,,,,
,,,,,,,,,,
,,,,,,,,,,
,,,,,,,,,,
,,,,,,,,,,
,,,,,,,,,,
,,,,,,,,,,
,,,,,,,,,,
,,,,,,,,,,
,,,,,,,,,,
,,,,,,,,,,
,,,,,,,,,,
,,,,,,,,,,
,,,,,,,,,,
,,,,,,,,,,
,,,,,,,,,,
,,,,,,,,,,
,,,,,,,,,,
,,,,,,,,,,
,,,,,,,,,,
,,,,,,,,,,
,,,,,,,,,,
,,,,,,,,,,
,,,,,,,,,,
,,,,,,,,,,
,,,,,,,,,,
,,,,,,,,,,
,,,,,,,,,,
,,,,,,,,,,
,,,,,,,,,,
,,,,,,,,,,
,,,,,,,,,,
,,,,,,,,,,
,,,,,,,,,,
,,,,,,,,,,
,,,,,,,,,,
,,,,,,,,,,
,,,,,,,,,,
,,,,,,,,,,
,,,,,,,,,,
,,,,,,,,,,
,,,,,,,,,,
,,,,,,,,,,
,,,,,,,,,,
,,,,,,,,,,
,,,,,,,,,,
,,,,,,,,,,
,,,,,,,,,,
,,,,,,,,,,
,,,,,,,,,,
,,,,,,,,,,
,,,,,,,,,,
,,,,,,,,,,
,,,,,,,,,,
,,,,,,,,,,
,,,,,,,,,,
,,,,,,,,,,
,,,,,,,,,,
,,,,,,,,,,
,,,,,,,,,,
,,,,,,,,,,
,,,,,,,,,,
,,,,,,,,,,
,,,,,,,,,,
,,,,,,,,,,
,,,,,,,,,,
,,,,,,,,,,
,,,,,,,,,,
,,,,,,,,,,
,,,,,,,,,,
,,,,,,,,,,
,,,,,,,,,,
,,,,,,,,,,
,,,,,,,,,,
,,,,,,,,,,
,,,,,,,,,,
,,,,,,,,,,
,,,,,,,,,,
,,,,,,,,,,
,,,,,,,,,,
,,,,,,,,,,
,,,,,,,,,,
,,,,,,,,,,
,,,,,,,,,,
,,,,,,,,,,
,,,,,,,,,,
,,,,,,,,,,
,,,,,,,,,,
,,,,,,,,,,
,,,,,,,,,,
,,,,,,,,,,
,,,,,,,,,,
,,,,,,,,,,
,,,,,,,,,,
,,,,,,,,,,
,,,,,,,,,,
,,,,,,,,,,
,,,,,,,,,,
,,,,,,,,,,
,,,,,,,,,,
,,,,,,,,,,
,,,,,,,,,,
,,,,,,,,,,
,,,,,,,,,,
,,,,,,,,,,
,,,,,,,,,,
,,,,,,,,,,
,,,,,,,,,,
,,,,,,,,,,
,,,,,,,,,,
,,,,,,,,,,
,,,,,,,,,,
,,,,,,,,,,
,,,,,,,,,,
,,,,,,,,,,
,,,,,,,,,,
,,,,,,,,,,
,,,,,,,,,,
,,,,,,,,,,
,,,,,,,,,,
,,,,,,,,,,
,,,,,,,,,,
,,,,,,,,,,
,,,,,,,,,,
,,,,,,,,,,
,,,,,,,,,,
,,,,,,,,,,
,,,,,,,,,,
,,,,,,,,,,
,,,,,,,,,,
,,,,,,,,,,
,,,,,,,,,,
,,,,,,,,,,
,,,,,,,,,,
,,,,,,,,,,
,,,,,,,,,,
,,,,,,,,,,
,,,,,,,,,,
,,,,,,,,,,
,,,,,,,,,,
,,,,,,,,,,
,,,,,,,,,,
,,,,,,,,,,
,,,,,,,,,,
,,,,,,,,,,
,,,,,,,,,,
,,,,,,,,,,
,,,,,,,,,,
,,,,,,,,,,
,,,,,,,,,,
,,,,,,,,,,
,,,,,,,,,,
,,,,,,,,,,
,,,,,,,,,,
,,,,,,,,,,
,,,,,,,,,,
,,,,,,,,,,
,,,,,,,,,,
,,,,,,,,,,
,,,,,,,,,,
,,,,,,,,,,
,,,,,,,,,,
,,,,,,,,,,
,,,,,,,,,,
,,,,,,,,,,
,,,,,,,,,,
,,,,,,,,,,
,,,,,,,,,,
,,,,,,,,,,
,,,,,,,,,,
,,,,,,,,,,
,,,,,,,,,,
,,,,,,,,,,
,,,,,,,,,,
,,,,,,,,,,
,,,,,,,,,,
,,,,,,,,,,
,,,,,,,,,,
,,,,,,,,,,
,,,,,,,,,,
,,,,,,,,,,
,,,,,,,,,,
,,,,,,,,,,
,,,,,,,,,,
,,,,,,,,,,
,,,,,,,,,,
,,,,,,,,,,
,,,,,,,,,,
,,,,,,,,,,
,,,,,,,,,,
,,,,,,,,,,
,,,,,,,,,,
,,,,,,,,,,
,,,,,,,,,,
,,,,,,,,,,
,,,,,,,,,,
,,,,,,,,,,
,,,,,,,,,,
,,,,,,,,,,
,,,,,,,,,,
,,,,,,,,,,
,,,,,,,,,,
,,,,,,,,,,
,,,,,,,,,,
,,,,,,,,,,
,,,,,,,,,,
,,,,,,,,,,
,,,,,,,,,,
,,,,,,,,,,
,,,,,,,,,,
,,,,,,,,,,
,,,,,,,,,,
,,,,,,,,,,
,,,,,,,,,,
,,,,,,,,,,
,,,,,,,,,,
,,,,,,,,,,
,,,,,,,,,,
,,,,,,,,,,
,,,,,,,,,,
,,,,,,,,,,
,,,,,,,,,,
,,,,,,,,,,
,,,,,,,,,,
,,,,,,,,,,
,,,,,,,,,,
,,,,,,,,,,
,,,,,,,,,,
,,,,,,,,,,
,,,,,,,,,,
,,,,,,,,,,
,,,,,,,,,,
,,,,,,,,,,
,,,,,,,,,,
,,,,,,,,,,
,,,,,,,,,,
,,,,,,,,,,
,,,,,,,,,,
,,,,,,,,,,
,,,,,,,,,,
,,,,,,,,,,
,,,,,,,,,,
,,,,,,,,,,
,,,,,,,,,,
,,,,,,,,,,
,,,,,,,,,,
,,,,,,,,,,
,,,,,,,,,,
,,,,,,,,,,
,,,,,,,,,,
,,,,,,,,,,
,,,,,,,,,,
,,,,,,,,,,
,,,,,,,,,,
,,,,,,,,,,
,,,,,,,,,,
,,,,,,,,,,
,,,,,,,,,,
,,,,,,,,,,
,,,,,,,,,,
,,,,,,,,,,
,,,,,,,,,,
,,,,,,,,,,
,,,,,,,,,,
,,,,,,,,,,
,,,,,,,,,,
,,,,,,,,,,
,,,,,,,,,,
,,,,,,,,,,
,,,,,,,,,,
,,,,,,,,,,
,,,,,,,,,,
,,,,,,,,,,
,,,,,,,,,,
,,,,,,,,,,
,,,,,,,,,,
,,,,,,,,,,
,,,,,,,,,,
,,,,,,,,,,
,,,,,,,,,,
,,,,,,,,,,
,,,,,,,,,,
,,,,,,,,,,
,,,,,,,,,,
,,,,,,,,,,
,,,,,,,,,,
,,,,,,,,,,
,,,,,,,,,,
,,,,,,,,,,
,,,,,,,,,,
,,,,,,,,,,
,,,,,,,,,,
,,,,,,,,,,
,,,,,,,,,,
,,,,,,,,,,
,,,,,,,,,,
,,,,,,,,,,
,,,,,,,,,,
,,,,,,,,,,
,,,,,,,,,,
,,,,,,,,,,
,,,,,,,,,,
,,,,,,,,,,
,,,,,,,,,,
,,,,,,,,,,
,,,,,,,,,,
,,,,,,,,,,
,,,,,,,,,,
,,,,,,,,,,
,,,,,,,,,,
,,,,,,,,,,
,,,,,,,,,,
,,,,,,,,,,
,,,,,,,,,,
,,,,,,,,,,
,,,,,,,,,,
,,,,,,,,,,
,,,,,,,,,,
,,,,,,,,,,
,,,,,,,,,,
,,,,,,,,,,
,,,,,,,,,,
,,,,,,,,,,
,,,,,,,,,,
,,,,,,,,,,
,,,,,,,,,,
,,,,,,,,,,
,,,,,,,,,,
,,,,,,,,,,
,,,,,,,,,,
,,,,,,,,,,
,,,,,,,,,,
,,,,,,,,,,
,,,,,,,,,,
,,,,,,,,,,
,,,,,,,,,,
,,,,,,,,,,
,,,,,,,,,,
,,,,,,,,,,
,,,,,,,,,,
,,,,,,,,,,
,,,,,,,,,,
,,,,,,,,,,
,,,,,,,,,,
,,,,,,,,,,
,,,,,,,,,,
,,,,,,,,,,
,,,,,,,,,,
,,,,,,,,,,
,,,,,,,,,,
,,,,,,,,,,
,,,,,,,,,,
,,,,,,,,,,
,,,,,,,,,,
,,,,,,,,,,
,,,,,,,,,,
,,,,,,,,,,
,,,,,,,,,,
,,,,,,,,,,
,,,,,,,,,,
,,,,,,,,,,
,,,,,,,,,,
,,,,,,,,,,
,,,,,,,,,,
,,,,,,,,,,
,,,,,,,,,,
,,,,,,,,,,
,,,,,,,,,,
,,,,,,,,,,
,,,,,,,,,,
,,,,,,,,,,
,,,,,,,,,,
,,,,,,,,,,
,,,,,,,,,,
,,,,,,,,,,
,,,,,,,,,,
,,,,,,,,,,
,,,,,,,,,,
,,,,,,,,,,
,,,,,,,,,,
,,,,,,,,,,
,,,,,,,,,,
,,,,,,,,,,
,,,,,,,,,,
,,,,,,,,,,
,,,,,,,,,,
,,,,,,,,,,
,,,,,,,,,,
,,,,,,,,,,
,,,,,,,,,,
,,,,,,,,,,
,,,,,,,,,,
,,,,,,,,,,
,,,,,,,,,,
,,,,,,,,,,
,,,,,,,,,,
,,,,,,,,,,
,,,,,,,,,,
,,,,,,,,,,
,,,,,,,,,,
,,,,,,,,,,
,,,,,,,,,,
,,,,,,,,,,
,,,,,,,,,,
,,,,,,,,,,
,,,,,,,,,,
,,,,,,,,,,
,,,,,,,,,,
,,,,,,,,,,
,,,,,,,,,,
,,,,,,,,,,
,,,,,,,,,,
,,,,,,,,,,
,,,,,,,,,,
,,,,,,,,,,
,,,,,,,,,,
,,,,,,,,,,
,,,,,,,,,,
,,,,,,,,,,
,,,,,,,,,,
,,,,,,,,,,
,,,,,,,,,,
,,,,,,,,,,
,,,,,,,,,,
,,,,,,,,,,
,,,,,,,,,,
,,,,,,,,,,
,,,,,,,,,,
,,,,,,,,,,
,,,,,,,,,,
,,,,,,,,,,
,,,,,,,,,,
,,,,,,,,,,
,,,,,,,,,,
,,,,,,,,,,
,,,,,,,,,,
,,,,,,,,,,
,,,,,,,,,,
,,,,,,,,,,
,,,,,,,,,,
,,,,,,,,,,
,,,,,,,,,,
,,,,,,,,,,
,,,,,,,,,,
,,,,,,,,,,
,,,,,,,,,,
,,,,,,,,,,
,,,,,,,,,,
,,,,,,,,,,
,,,,,,,,,,
,,,,,,,,,,
,,,,,,,,,,
,,,,,,,,,,
,,,,,,,,,,
,,,,,,,,,,
,,,,,,,,,,
,,,,,,,,,,
,,,,,,,,,,
,,,,,,,,,,
,,,,,,,,,,
,,,,,,,,,,
,,,,,,,,,,
,,,,,,,,,,
,,,,,,,,,,
,,,,,,,,,,
,,,,,,,,,,
,,,,,,,,,,
,,,,,,,,,,
,,,,,,,,,,
,,,,,,,,,,
,,,,,,,,,,
,,,,,,,,,,
,,,,,,,,,,
,,,,,,,,,,
,,,,,,,,,,
,,,,,,,,,,
,,,,,,,,,,
,,,,,,,,,,
,,,,,,,,,,
,,,,,,,,,,
,,,,,,,,,,
,,,,,,,,,,
,,,,,,,,,,
,,,,,,,,,,
,,,,,,,,,,
,,,,,,,,,,
,,,,,,,,,,
,,,,,,,,,,
,,,,,,,,,,
,,,,,,,,,,
,,,,,,,,,,
,,,,,,,,,,
,,,,,,,,,,
,,,,,,,,,,
,,,,,,,,,,
,,,,,,,,,,
,,,,,,,,,,
,,,,,,,,,,
,,,,,,,,,,
,,,,,,,,,,
,,,,,,,,,,
,,,,,,,,,,
,,,,,,,,,,
,,,,,,,,,,
,,,,,,,,,,
,,,,,,,,,,
,,,,,,,,,,
,,,,,,,,,,
,,,,,,,,,,
,,,,,,,,,,
,,,,,,,,,,
,,,,,,,,,,
,,,,,,,,,,
,,,,,,,,,,
,,,,,,,,,,
,,,,,,,,,,
,,,,,,,,,,
,,,,,,,,,,
,,,,,,,,,,
,,,,,,,,,,
,,,,,,,,,,
,,,,,,,,,,
,,,,,,,,,,
,,,,,,,,,,
,,,,,,,,,,
,,,,,,,,,,
,,,,,,,,,,
,,,,,,,,,,
,,,,,,,,,,
,,,,,,,,,,
,,,,,,,,,,
,,,,,,,,,,
,,,,,,,,,,
,,,,,,,,,,
,,,,,,,,,,
,,,,,,,,,,
,,,,,,,,,,
,,,,,,,,,,
,,,,,,,,,,
,,,,,,,,,,
,,,,,,,,,,
,,,,,,,,,,
,,,,,,,,,,
,,,,,,,,,,
,,,,,,,,,,
,,,,,,,,,,
,,,,,,,,,,
,,,,,,,,,,
,,,,,,,,,,
,,,,,,,,,,
,,,,,,,,,,
,,,,,,,,,,
,,,,,,,,,,
,,,,,,,,,,
,,,,,,,,,,
,,,,,,,,,,
,,,,,,,,,,
,,,,,,,,,,
,,,,,,,,,,
,,,,,,,,,,
,,,,,,,,,,
,,,,,,,,,,
,,,,,,,,,,
,,,,,,,,,,
,,,,,,,,,,
,,,,,,,,,,
,,,,,,,,,,
,,,,,,,,,,
,,,,,,,,,,
,,,,,,,,,,
,,,,,,,,,,
,,,,,,,,,,
,,,,,,,,,,
,,,,,,,,,,
,,,,,,,,,,
,,,,,,,,,,
,,,,,,,,,,
,,,,,,,,,,
,,,,,,,,,,
,,,,,,,,,,
,,,,,,,,,,
,,,,,,,,,,
,,,,,,,,,,
,,,,,,,,,,
,,,,,,,,,,
,,,,,,,,,,
,,,,,,,,,,
,,,,,,,,,,
,,,,,,,,,,
,,,,,,,,,,
,,,,,,,,,,
,,,,,,,,,,
,,,,,,,,,,
,,,,,,,,,,
,,,,,,,,,,
,,,,,,,,,,
,,,,,,,,,,
,,,,,,,,,,
,,,,,,,,,,
,,,,,,,,,,
,,,,,,,,,,
,,,,,,,,,,
,,,,,,,,,,
,,,,,,,,,,
,,,,,,,,,,
,,,,,,,,,,
,,,,,,,,,,
,,,,,,,,,,
,,,,,,,,,,
,,,,,,,,,,
,,,,,,,,,,
,,,,,,,,,,
,,,,,,,,,,
,,,,,,,,,,
,,,,,,,,,,
,,,,,,,,,,
,,,,,,,,,,
,,,,,,,,,,
,,,,,,,,,,
,,,,,,,,,,
,,,,,,,,,,
,,,,,,,,,,
,,,,,,,,,,
,,,,,,,,,,
,,,,,,,,,,
,,,,,,,,,,
,,,,,,,,,,
,,,,,,,,,,
,,,,,,,,,,
,,,,,,,,,,
,,,,,,,,,,
,,,,,,,,,,
,,,,,,,,,,
,,,,,,,,,,
,,,,,,,,,,
,,,,,,,,,,
,,,,,,,,,,
,,,,,,,,,,
,,,,,,,,,,
,,,,,,,,,,
,,,,,,,,,,
,,,,,,,,,,
,,,,,,,,,,
,,,,,,,,,,
,,,,,,,,,,
,,,,,,,,,,
,,,,,,,,,,
,,,,,,,,,,
,,,,,,,,,,
,,,,,,,,,,
,,,,,,,,,,
,,,,,,,,,,
,,,,,,,,,,
,,,,,,,,,,
,,,,,,,,,,
,,,,,,,,,,
,,,,,,,,,,
,,,,,,,,,,
,,,,,,,,,,
,,,,,,,,,,
,,,,,,,,,,
,,,,,,,,,,
,,,,,,,,,,
,,,,,,,,,,
,,,,,,,,,,
,,,,,,,,,,
,,,,,,,,,,
,,,,,,,,,,
,,,,,,,,,,
,,,,,,,,,,
,,,,,,,,,,
,,,,,,,,,,
,,,,,,,,,,
,,,,,,,,,,
,,,,,,,,,,
,,,,,,,,,,
,,,,,,,,,,
,,,,,,,,,,
,,,,,,,,,,
,,,,,,,,,,
,,,,,,,,,,
,,,,,,,,,,
,,,,,,,,,,
,,,,,,,,,,
,,,,,,,,,,
,,,,,,,,,,
,,,,,,,,,,
,,,,,,,,,,
,,,,,,,,,,
,,,,,,,,,,
,,,,,,,,,,
,,,,,,,,,,
,,,,,,,,,,
,,,,,,,,,,
,,,,,,,,,,
,,,,,,,,,,
,,,,,,,,,,
,,,,,,,,,,
,,,,,,,,,,
,,,,,,,,,,
,,,,,,,,,,
,,,,,,,,,,
,,,,,,,,,,
,,,,,,,,,,
,,,,,,,,,,
,,,,,,,,,,
,,,,,,,,,,
,,,,,,,,,,
,,,,,,,,,,
,,,,,,,,,,
,,,,,,,,,,
,,,,,,,,,,
,,,,,,,,,,
,,,,,,,,,,
,,,,,,,,,,
,,,,,,,,,,
,,,,,,,,,,
,,,,,,,,,,
,,,,,,,,,,
,,,,,,,,,,
,,,,,,,,,,
,,,,,,,,,,
,,,,,,,,,,
,,,,,,,,,,
,,,,,,,,,,
,,,,,,,,,,
,,,,,,,,,,
,,,,,,,,,,
,,,,,,,,,,
,,,,,,,,,,
,,,,,,,,,,
,,,,,,,,,,
,,,,,,,,,,
,,,,,,,,,,
,,,,,,,,,,
,,,,,,,,,,
,,,,,,,,,,
,,,,,,,,,,
,,,,,,,,,,
,,,,,,,,,,
,,,,,,,,,,
,,,,,,,,,,
,,,,,,,,,,
,,,,,,,,,,
,,,,,,,,,,
,,,,,,,,,,
,,,,,,,,,,
,,,,,,,,,,
,,,,,,,,,,
,,,,,,,,,,
,,,,,,,,,,
,,,,,,,,,,
,,,,,,,,,,
,,,,,,,,,,
,,,,,,,,,,
,,,,,,,,,,
,,,,,,,,,,
,,,,,,,,,,
,,,,,,,,,,
,,,,,,,,,,
,,,,,,,,,,
,,,,,,,,,,
,,,,,,,,,,
,,,,,,,,,,
,,,,,,,,,,
,,,,,,,,,,
,,,,,,,,,,
,,,,,,,,,,
,,,,,,,,,,
,,,,,,,,,,
,,,,,,,,,,
,,,,,,,,,,
,,,,,,,,,,
,,,,,,,,,,
,,,,,,,,,,
,,,,,,,,,,
,,,,,,,,,,
,,,,,,,,,,
,,,,,,,,,,
,,,,,,,,,,
,,,,,,,,,,
,,,,,,,,,,
,,,,,,,,,,
,,,,,,,,,,
,,,,,,,,,,
,,,,,,,,,,
,,,,,,,,,,
,,,,,,,,,,
,,,,,,,,,,
,,,,,,,,,,
,,,,,,,,,,
,,,,,,,,,,
,,,,,,,,,,
,,,,,,,,,,
,,,,,,,,,,
,,,,,,,,,,
,,,,,,,,,,
,,,,,,,,,,
,,,,,,,,,,
,,,,,,,,,,
,,,,,,,,,,
,,,,,,,,,,
,,,,,,,,,,
,,,,,,,,,,
,,,,,,,,,,
,,,,,,,,,,
,,,,,,,,,,
,,,,,,,,,,
,,,,,,,,,,
,,,,,,,,,,
,,,,,,,,,,
,,,,,,,,,,
,,,,,,,,,,
,,,,,,,,,,
,,,,,,,,,,
,,,,,,,,,,
,,,,,,,,,,
,,,,,,,,,,
,,,,,,,,,,
,,,,,,,,,,
,,,,,,,,,,
,,,,,,,,,,
,,,,,,,,,,
,,,,,,,,,,
,,,,,,,,,,
,,,,,,,,,,
,,,,,,,,,,
,,,,,,,,,,
,,,,,,,,,,
,,,,,,,,,,
,,,,,,,,,,
,,,,,,,,,,
,,,,,,,,,,
,,,,,,,,,,
,,,,,,,,,,
,,,,,,,,,,
,,,,,,,,,,
,,,,,,,,,,
,,,,,,,,,,
,,,,,,,,,,
,,,,,,,,,,
,,,,,,,,,,
,,,,,,,,,,
,,,,,,,,,,
,,,,,,,,,,
,,,,,,,,,,
,,,,,,,,,,
,,,,,,,,,,
,,,,,,,,,,
,,,,,,,,,,
,,,,,,,,,,
,,,,,,,,,,
,,,,,,,,,,
,,,,,,,,,,
,,,,,,,,,,
,,,,,,,,,,
,,,,,,,,,,
,,,,,,,,,,
,,,,,,,,,,
,,,,,,,,,,
,,,,,,,,,,
,,,,,,,,,,
,,,,,,,,,,
,,,,,,,,,,
,,,,,,,,,,
,,,,,,,,,,
,,,,,,,,,,
,,,,,,,,,,
,,,,,,,,,,
,,,,,,,,,,
,,,,,,,,,,
,,,,,,,,,,
,,,,,,,,,,
,,,,,,,,,,
,,,,,,,,,,
,,,,,,,,,,
,,,,,,,,,,
,,,,,,,,,,
,,,,,,,,,,
,,,,,,,,,,
,,,,,,,,,,
,,,,,,,,,,
,,,,,,,,,,
,,,,,,,,,,
,,,,,,,,,,
,,,,,,,,,,
,,,,,,,,,,
,,,,,,,,,,
,,,,,,,,,,
,,,,,,,,,,
,,,,,,,,,,
,,,,,,,,,,
,,,,,,,,,,
,,,,,,,,,,
,,,,,,,,,,
,,,,,,,,,,
,,,,,,,,,,
,,,,,,,,,,
,,,,,,,,,,
,,,,,,,,,,
,,,,,,,,,,
,,,,,,,,,,
,,,,,,,,,,
,,,,,,,,,,
,,,,,,,,,,
,,,,,,,,,,
,,,,,,,,,,
,,,,,,,,,,
,,,,,,,,,,
,,,,,,,,,,
,,,,,,,,,,
,,,,,,,,,,
,,,,,,,,,,
,,,,,,,,,,
,,,,,,,,,,
,,,,,,,,,,
,,,,,,,,,,
,,,,,,,,,,
,,,,,,,,,,
,,,,,,,,,,
,,,,,,,,,,
,,,,,,,,,,
,,,,,,,,,,
,,,,,,,,,,
,,,,,,,,,,
,,,,,,,,,,
,,,,,,,,,,
,,,,,,,,,,
,,,,,,,,,,
,,,,,,,,,,
,,,,,,,,,,
,,,,,,,,,,
,,,,,,,,,,
,,,,,,,,,,
,,,,,,,,,,
,,,,,,,,,,
,,,,,,,,,,
,,,,,,,,,,
,,,,,,,,,,
,,,,,,,,,,
,,,,,,,,,,
,,,,,,,,,,
,,,,,,,,,,
,,,,,,,,,,
,,,,,,,,,,
,,,,,,,,,,
,,,,,,,,,,
,,,,,,,,,,
,,,,,,,,,,
,,,,,,,,,,
,,,,,,,,,,
,,,,,,,,,,
,,,,,,,,,,
,,,,,,,,,,
,,,,,,,,,,
,,,,,,,,,,
,,,,,,,,,,
,,,,,,,,,,
,,,,,,,,,,
,,,,,,,,,,
,,,,,,,,,,
,,,,,,,,,,
,,,,,,,,,,
,,,,,,,,,,
,,,,,,,,,,
,,,,,,,,,,
,,,,,,,,,,
,,,,,,,,,,
,,,,,,,,,,
,,,,,,,,,,
,,,,,,,,,,
,,,,,,,,,,
,,,,,,,,,,
,,,,,,,,,,
,,,,,,,,,,
,,,,,,,,,,
,,,,,,,,,,
,,,,,,,,,,
,,,,,,,,,,
,,,,,,,,,,
,,,,,,,,,,
,,,,,,,,,,
,,,,,,,,,,
,,,,,,,,,,
,,,,,,,,,,
,,,,,,,,,,
,,,,,,,,,,
,,,,,,,,,,
,,,,,,,,,,
,,,,,,,,,,
,,,,,,,,,,
,,,,,,,,,,
,,,,,,,,,,
,,,,,,,,,,
,,,,,,,,,,
,,,,,,,,,,
,,,,,,,,,,
,,,,,,,,,,
,,,,,,,,,,
,,,,,,,,,,
,,,,,,,,,,
,,,,,,,,,,
,,,,,,,,,,
,,,,,,,,,,
,,,,,,,,,,
,,,,,,,,,,
,,,,,,,,,,
,,,,,,,,,,
,,,,,,,,,,
,,,,,,,,,,
,,,,,,,,,,
,,,,,,,,,,
,,,,,,,,,,
,,,,,,,,,,
,,,,,,,,,,
,,,,,,,,,,
,,,,,,,,,,
,,,,,,,,,,
,,,,,,,,,,
,,,,,,,,,,
,,,,,,,,,,
,,,,,,,,,,
,,,,,,,,,,
,,,,,,,,,,
,,,,,,,,,,
,,,,,,,,,,
,,,,,,,,,,
,,,,,,,,,,
,,,,,,,,,,
,,,,,,,,,,
,,,,,,,,,,
,,,,,,,,,,
,,,,,,,,,,
,,,,,,,,,,
,,,,,,,,,,
,,,,,,,,,,
,,,,,,,,,,
,,,,,,,,,,
,,,,,,,,,,
,,,,,,,,,,
,,,,,,,,,,
,,,,,,,,,,
,,,,,,,,,,
,,,,,,,,,,
,,,,,,,,,,
,,,,,,,,,,
,,,,,,,,,,
,,,,,,,,,,
,,,,,,,,,,
,,,,,,,,,,
,,,,,,,,,,
,,,,,,,,,,
,,,,,,,,,,
,,,,,,,,,,
,,,,,,,,,,
,,,,,,,,,,
,,,,,,,,,,
,,,,,,,,,,
,,,,,,,,,,
,,,,,,,,,,
,,,,,,,,,,
,,,,,,,,,,
,,,,,,,,,,
,,,,,,,,,,
,,,,,,,,,,
,,,,,,,,,,
,,,,,,,,,,
,,,,,,,,,,
,,,,,,,,,,
,,,,,,,,,,
,,,,,,,,,,
,,,,,,,,,,
,,,,,,,,,,
,,,,,,,,,,
,,,,,,,,,,
,,,,,,,,,,
,,,,,,,,,,
,,,,,,,,,,
,,,,,,,,,,
,,,,,,,,,,
,,,,,,,,,,
,,,,,,,,,,
,,,,,,,,,,
,,,,,,,,,,
,,,,,,,,,,
,,,,,,,,,,
,,,,,,,,,,
,,,,,,,,,,
,,,,,,,,,,
,,,,,,,,,,
,,,,,,,,,,
,,,,,,,,,,
,,,,,,,,,,
,,,,,,,,,,
,,,,,,,,,,
,,,,,,,,,,
,,,,,,,,,,
,,,,,,,,,,
,,,,,,,,,,
,,,,,,,,,,
,,,,,,,,,,
,,,,,,,,,,
,,,,,,,,,,
,,,,,,,,,,
,,,,,,,,,,
,,,,,,,,,,
,,,,,,,,,,
,,,,,,,,,,
,,,,,,,,,,
,,,,,,,,,,
,,,,,,,,,,
,,,,,,,,,,
,,,,,,,,,,
,,,,,,,,,,
,,,,,,,,,,
,,,,,,,,,,
