date,Line1,Line2,Line4,Line5,Line6,Line7,Line8,Line9,Line10,Line11,Line13,Line14,Line15,Line16,Line17,Line19,LineFS,LineCP,LineYZ,LineYF,LineS1,LineT1,LineXJ,LineSD,LineDX
2023/2/4,57.86,37.99,61.33,43.91,49.01,32.62,46.82,20.68,75.21,0.11,23.04,40.75,17.74,11.25,3.36,6.77,11.93,15.65,10.84,1.53,2.43,0.13,1.59,1.03,2.81
2023/2/5,55.74,38.51,58.07,43.54,45.35,33.91,44.99,20.15,68.84,0.1,21.47,39.82,16.48,11.06,3.17,6.26,11.29,14.46,10.51,1.49,2.35,0.13,1.33,1.12,2.95
2023/2/6,87.71,65.59,89.75,75.1,85.71,49.15,52.07,40.69,142.91,0.1,50.81,72.24,35.67,20.36,5.19,12.81,22.99,30.54,19.19,2.45,4.58,0.21,1.13,1.34,3.53
2023/2/7,94.81,67.55,90.27,77.88,88.45,50.02,56.74,40.91,146.01,0.1,50.59,73.11,36.51,20.63,5.3,13.08,23.2,31.22,19.36,2.4,4.62,0.2,1.17,1.24,3.2
2023/2/8,96.53,68.58,92.16,79.43,89.99,51.16,58.29,41.24,147.84,0.1,51.06,74.48,37.05,20.85,5.46,13.22,23.44,31.56,19.84,2.47,4.67,0.21,1.22,1.28,3.14
2023/2/9,95.7,68.96,90.96,79.48,89.42,50.49,57.17,40.59,147.64,0.09,50.3,74.74,37.25,20.78,5.43,13.15,23.31,31.46,19.74,2.41,4.64,0.21,1.12,1.41,3.03
2023/2/10,102.35,73.94,101.16,84.25,95.19,54.91,63.11,44.41,157.96,0.1,54.88,80.07,39.91,22.42,5.88,14.21,24.23,33.58,21.22,2.65,4.74,0.24,1.22,1.6,3.51
2023/2/11,66.08,44.07,73.05,53.02,57.24,39.37,51.8,24.54,90.89,0.11,28.43,50.5,23.48,13.41,4.11,8.2,13.92,19.37,12.74,1.71,2.75,0.15,1.41,1.16,2.77
2023/2/12,51.05,35.24,59.63,41.45,44.76,32.07,36.49,21.59,72.42,0.08,22.84,42.12,18.77,10.48,3.35,6.75,11.02,15.1,10.04,1.47,2.22,0.12,0.81,1.24,3.09
2023/2/13,99.01,73.25,98.95,84.7,95.98,55.11,58.46,44.1,158.9,0.11,54.34,79.98,40.29,23.11,6.07,14.48,25.25,33.82,21.6,2.63,4.88,0.24,1.3,1.26,2.85
2023/2/14,106.97,75.48,102.26,88,100.61,56.06,63.69,44.64,164.35,0.11,55.7,83.17,40.93,23.39,6.11,14.75,25.6,35.24,22.11,2.61,4.96,0.23,1.32,1.27,2.6
2023/2/15,102.04,73.69,98.74,85.82,96.84,54.39,60.66,43.6,159.15,0.11,54.37,79.86,39.27,22.91,6,14.69,25.03,34.33,21.43,2.53,4.86,0.23,1.27,1.34,3.09
2023/2/16,102.24,72.98,99.11,85.6,96.43,54.55,60.88,43.67,158.53,0.16,53.73,79.47,39.31,22.51,5.96,14.56,25.11,34.43,21.28,2.54,4.85,0.23,1.32,1.39,2.85
2023/2/17,105.27,77.39,107.8,88.36,99.92,57.62,64.4,47.26,167.03,0.13,57.19,84.71,41.23,24.05,6.13,15.48,26.15,36.71,22.28,2.9,4.94,0.24,1.29,1.76,3.43
2023/2/18,62.97,41.94,73.49,50.59,55.68,37.53,48.65,24.94,90.67,0.09,28.14,49.1,21.63,12.78,4.07,8.07,14.33,20.83,12.59,1.7,2.69,0.16,1.17,1.26,2.68
2023/2/19,63.44,42.7,77.64,50.82,57.43,38.18,51.38,25.98,90.76,0.14,28.3,50.36,21.95,13.66,4.13,8.32,15.04,21.34,12.95,1.96,2.73,0.18,2.21,1.35,2.96
2023/2/20,98,72.68,99.03,85.36,96.88,54.02,57.43,43.99,159.68,0.1,54.26,79.96,39.6,23.01,6.13,14.57,25.5,34.61,21.81,2.67,4.94,0.24,1.34,1.27,2.6
2023/2/21,100.59,71.87,97.72,85.61,97.48,53.49,58.88,43.1,158.95,0.1,53.75,79.63,39.76,22.72,6.03,14.49,25.17,34.48,21.49,2.55,4.9,0.25,1.35,1.23,2.39
2023/2/22,100.53,72.36,98.74,85.85,97.66,53.85,60.36,43.08,159.66,0.1,53.29,80.54,40.25,22.68,6.06,14.53,25.15,34.73,21.52,2.56,4.87,0.23,1.38,1.35,2.69
2023/2/23,101.13,73.09,99.27,85.54,97.4,54.07,60.47,43.21,159.38,0.11,53.74,80.59,41.14,22.73,6.08,14.55,25.18,34.75,21.37,2.56,4.84,0.23,1.39,1.39,2.67
2023/2/24,107.51,79.82,112,90.63,103.63,59.29,64.94,48.06,173.49,0.1,59.98,87.98,43.4,24.66,6.32,15.63,26.69,37.94,22.73,3.02,4.97,0.25,1.46,1.86,3.43
2023/2/25,72.31,49.02,85.78,58.76,66.17,42.51,56.44,27.43,105.75,0.14,33.51,58.02,27.78,15.12,4.6,9.11,16.81,24.79,14.32,2.06,3,0.19,2.66,1.28,2.46
2023/2/26,62.42,43.09,77.1,50.98,57.38,37.33,46.62,25.69,91.52,0.13,29.13,50.81,23.36,13.62,4.05,8.18,15.31,21.3,12.88,2.08,2.67,0.18,2.15,1.39,2.8
2023/2/27,95.28,70.97,97.13,83.54,95.49,52.74,55.28,43.53,157.15,0.1,53.79,79.08,39.22,22.85,6.03,14.44,25.41,34.53,21.47,2.71,4.82,0.24,1.29,1.26,2.55
2023/2/28,97.84,68.97,96.37,84.25,96.27,52.79,55.92,42.85,157.46,0.11,53.3,79.08,39.49,22.63,5.97,14.26,25.12,34.7,21.31,2.58,4.79,0.24,1.35,1.25,2.37
2023/3/1,96.78,69.8,96.14,83.81,96.16,52.14,56.78,42.8,157.29,0.1,53.52,78.68,39.31,22.64,5.99,14.26,25.12,35.15,21.19,2.56,4.82,0.24,1.41,1.3,2.45
2023/3/2,95.28,68.63,95.33,82.55,94.77,51.41,56.31,42.16,155.73,0.11,52.83,77.64,38.96,22.41,5.98,14.12,24.99,34.61,20.98,2.57,4.8,0.22,1.41,1.23,2.29
2023/3/3,101.01,73.92,106.26,84.65,100.09,55.51,59.79,46.89,166.9,0.12,57.24,84.13,41.24,24.13,6.23,15,26.58,37.43,22.16,3.1,4.91,0.25,1.54,1.57,2.91
2023/3/4,65.33,42.91,78.83,54.31,61.58,38.28,54.55,25.04,97.47,0.16,30.28,51.55,24.91,14.48,4.31,8.48,15.87,23.2,13.37,1.89,2.92,0.17,2.91,1.02,1.92
2023/3/5,55.28,37.53,70.63,46.98,52.89,34.5,43.4,23.9,84.53,0.12,26.88,46.87,21.59,12.83,3.83,7.7,14.68,20.14,12,2.06,2.57,0.16,2.09,1.15,2.33
2023/3/6,91.91,68.5,94.55,81.28,93.75,51.02,53.43,42.6,153.62,0.11,52.79,77.31,38.42,22.45,6.02,14.15,25.05,34.11,21.12,2.61,4.82,0.24,1.37,1.17,2.27
2023/3/7,95.21,67.63,93.3,81.76,94.14,50.57,54.85,41.76,153.43,0.11,51.87,76.54,38.5,22.13,5.93,14.02,24.77,34.06,20.73,2.48,4.78,0.23,1.41,1.09,2.05
2023/3/8,98.72,69.34,99.61,83.96,98.04,52.43,58.99,42.24,158.3,0.12,53.39,80.32,39.9,23.07,6.01,14.21,25.56,35.41,21.37,2.56,4.86,0.24,1.7,1.22,2.21
2023/3/9,92.72,66.44,92.47,79.78,92.89,49.54,54.14,40.88,151.51,0.1,51.26,75.6,38.04,21.87,5.83,13.78,24.55,33.92,20.51,2.49,4.77,0.23,1.43,1.19,2.2
2023/3/10,98.2,72.37,103.74,84.26,97.79,53.97,57.42,45.31,161.11,0.1,55.9,82.1,40.49,23.66,6.04,14.73,25.91,36.82,21.64,3.02,4.88,0.24,1.56,1.47,2.81
2023/3/11,59.86,38.86,72.81,49.49,56.63,35.47,44.83,23.71,89.4,0.11,27.89,48.17,22.07,13.64,4.08,7.83,14.68,21.45,12.46,1.79,2.7,0.15,2.39,0.95,1.83
2023/3/12,54.55,36,68.97,45.09,52.07,33.23,40.59,23.7,81.64,0.1,26.25,45.53,20.42,12.8,3.71,7.26,14.19,19.48,11.63,1.99,2.47,0.17,2.37,1.1,2.28
2023/3/13,92.59,70.11,95.87,82.38,93.68,51.74,53.72,43.66,136.7,0.1,53.22,78.55,38.44,22.94,5.99,14.36,24.71,33.79,20.87,2.56,4.84,0.23,1.37,1.18,2.28
2023/3/14,94.47,67.75,94.14,81.51,93.93,50.79,54.98,41.88,152.74,0.1,52.19,76.56,38.48,22.43,5.92,13.92,24.58,34.37,20.62,2.43,4.82,0.23,1.5,1.13,2.13
2023/3/15,94.74,68.17,95.12,81.53,94.13,50.89,55.92,42.11,154,0.1,52.7,77.45,38.94,22.47,5.85,14.16,24.75,34.97,20.61,2.48,4.81,0.23,1.52,1.23,2.43
2023/3/16,95.69,68.86,96.3,82,94.51,51.51,56.47,42.24,154.51,0.1,52.98,77.73,38.78,22.59,5.96,14.25,24.76,34.87,20.66,2.45,4.83,0.23,1.61,1.29,2.44
2023/3/17,101.36,74.55,107.48,85.57,99.38,55.85,60.76,46.59,165.39,0.1,57.11,84.28,41.24,24.39,6.15,15.2,26.35,37.73,21.87,3.06,5.47,0.24,1.51,1.61,3.25
2023/3/18,71.36,45.85,88.57,56.69,67.76,40.72,60.28,26.74,106.27,0.15,32.09,53.96,25.21,20.75,4.37,8.99,16.54,25.12,13.73,1.94,3.8,0.19,5.16,1.13,2.23
2023/3/19,61.94,40.59,77.96,49.3,56.88,36.75,47.81,25.25,91.3,0.12,28.82,49.71,24.9,17.4,3.92,8.15,15.17,21.93,12.54,2.07,3.12,0.2,3.52,1.35,2.78
2023/3/20,94.95,69.79,97.13,82.82,96.55,52.63,55.89,42.45,157.72,0.1,53.54,79.17,41.32,24.96,6.16,14.58,25.39,34.83,21.2,2.62,4.98,0.23,1.57,1.39,2.74
2023/3/21,97.28,69.26,95.84,83,97.25,51.99,57.67,41.42,156.9,0.11,52.7,78.31,40.27,24.91,6.02,14.49,25.02,35,21,2.49,4.95,0.22,1.61,1.3,2.33
2023/3/22,95.91,69.52,94.89,82.99,95.71,51.03,56.62,41.38,143.88,0.12,52.58,77.77,38.94,24.68,5.88,14.29,24.34,34.6,20.48,2.45,4.85,0.22,1.28,1.4,2.64
2023/3/23,97.26,69.43,96.66,82.99,97.18,52.31,57.85,41.59,158.76,0.1,53.43,78.24,38.81,24.68,6.05,14.6,24.99,35.28,20.93,2.51,4.89,0.23,1.56,1.44,2.69
2023/3/24,103.52,75.54,109.21,87.75,103.55,56.89,62.63,46.36,171.02,0.11,57.61,85.76,41.79,27.31,6.3,15.74,27.08,38.76,22.37,3.15,5.11,0.25,1.73,1.84,3.23
2023/3/25,71.45,45.97,86.1,56.07,65.95,40.52,56.05,26.7,103.94,0.15,31.98,53.96,24.46,20.49,4.42,9.13,16.5,25.15,13.65,1.95,3.23,0.17,3.74,1.22,2.37
2023/3/26,66,43.32,83.53,51.92,61.03,38.89,49.96,27.07,96.3,0.17,29.94,51.69,23.86,20.87,4.1,8.59,16.08,23.12,13.14,2.21,2.96,0.19,4.32,1.48,2.87
2023/3/27,97.53,71.05,100.01,83.94,98.83,53.66,57.23,43.46,160.52,0.3,54.54,80.07,40.46,27.1,6.19,14.92,25.86,35.79,21.38,2.68,4.98,0.24,1.91,1.48,2.72
2023/3/28,100.48,70.6,98.76,84.31,99.8,53.31,59.3,42.41,159.87,0.36,53.86,79.37,39.9,26.75,6.18,14.75,25.52,36.01,21.09,2.56,4.96,0.24,1.91,1.41,2.49
2023/3/29,100.82,70.65,100.03,84.1,100.08,53.34,59.99,42.4,160.08,0.21,53.91,79.71,39.6,27.25,6.11,14.78,25.5,36.47,21.15,2.58,4.96,0.24,2.03,1.52,2.71
2023/3/30,100.45,70.67,100.14,84.05,99.35,53.6,59.51,42.8,160.1,0.1,54.07,79.47,39.27,27.05,6.13,14.79,25.48,36.28,21.04,2.6,4.91,0.23,1.99,1.51,2.7
2023/3/31,108.07,77.96,113.85,89.17,106.06,59.42,65.32,48.16,175.36,0.11,58.71,88,42.05,29.02,6.43,16.21,27.4,39.68,22.69,3.19,5.14,0.28,2.01,2.08,3.68
2023/4/1,78.37,50.11,96.75,58.25,70.43,43.83,62.65,30.2,110.46,0.14,33.69,56.64,25.02,24.68,4.52,9.68,17.32,26.07,13.99,2.1,3.33,0.18,5.7,1.37,2.66
2023/4/2,63.52,42.35,81.47,49.01,57.45,37.92,47.36,26.89,92.46,0.12,28.85,49.37,21.64,19.15,3.98,8.19,15.73,21.55,12.35,2.14,2.74,0.17,3.59,1.35,2.69
2023/4/3,96.3,70.38,97.94,81.94,96.64,52.26,55.96,42.36,157.67,0.1,53.24,77.89,38.47,25.66,6.06,14.64,25.4,35.23,20.92,2.66,4.88,0.22,1.59,1.17,2.34
2023/4/4,99.33,72.71,98,84.12,98.26,52.79,57.49,42.75,160.23,0.11,53.84,80.57,39.22,25.51,5.96,14.76,25.04,35.97,20.72,2.72,4.88,0.23,1.32,1.36,2.51
2023/4/5,61.46,38.41,74.27,45.41,54.88,34,48.18,22.72,85.3,0.17,25.71,45.9,20.12,16.64,3.57,7.75,14.4,20.78,11.17,1.76,2.7,0.17,4.57,1.25,2.72
2023/4/6,101.46,71.84,99.89,84.44,99.51,53.69,60.75,42.95,161.04,0.17,53.47,80.01,39.43,25.67,6.14,15.15,25.8,35.89,21.19,2.68,4.94,0.23,1.72,1.37,2.7
2023/4/7,108.53,78.99,112.87,89.65,107.49,58.74,67.27,47.51,174.95,0.72,58.2,87.64,42.49,27.89,6.44,16.11,27.52,38.91,22.5,3.25,5.17,0.24,2.3,1.65,3.08
2023/4/8,76.78,49.47,94.09,58.27,70.22,42.65,63.43,28.13,109.44,0.68,33.09,56.76,25.32,20.82,4.49,9.61,16.79,24.72,13.9,2.05,3.19,0.18,6.07,1.32,2.49
2023/4/9,66.77,43.23,84.78,51.47,61.21,39.46,51,27.3,96.43,0.31,30.17,53.3,23.64,18.2,4.02,9.08,15.52,22.2,12.81,2.16,2.78,0.17,4.58,1.65,3.68
2023/4/10,98.8,72.95,102.23,84.52,99.21,54.12,58.35,44.47,162.69,0.11,54.88,81.95,42.72,26.03,6.28,15.46,25.98,35.97,21.45,2.74,4.94,0.23,1.87,1.63,3.29
2023/4/11,99.06,70.85,97.18,84.42,97.77,52.89,60.17,42.28,158.78,0.12,53.12,80.37,43.84,24.88,6.11,14.87,25.09,35.45,20.88,2.55,4.88,0.24,1.45,1.47,2.8
2023/4/12,103.29,72.95,102.05,86.97,101.71,54.13,62.63,43.04,164.2,0.14,54.91,82.83,44.65,25.88,6.23,15.42,25.81,36.7,21.38,2.62,4.95,0.25,2.16,1.55,3.05
2023/4/13,102.81,72.92,101.52,85.93,100.82,53.77,62.44,42.72,162.33,0.32,53.81,81.88,43.18,25.38,6.19,15.4,25.57,36.24,21.21,2.6,4.91,0.23,1.83,1.64,3.11
2023/4/14,109.08,79.41,114.27,90.59,107.05,58.8,67.18,47.89,176.01,0.32,59.38,89.47,44.88,27.57,6.49,16.6,27.61,39.27,22.6,3.3,5.11,0.25,1.94,2.1,3.97
2023/4/15,79.95,52.26,95.56,59.53,71.56,43.02,64.09,28.67,111.27,0.31,33.61,60.27,26.79,19,4.71,9.92,17.15,25.07,14.43,2.18,3.19,0.19,5.47,1.43,2.78
2023/4/16,69.67,46.38,88.03,53.81,64.01,40.08,55.38,28.15,100.19,0.18,30.87,56.55,24.13,17.44,4.32,9.29,16.29,22.84,13.37,2.31,2.83,0.2,5.17,1.64,3.44
2023/4/17,98.61,72.26,102.02,84.41,99.67,53.85,59.22,44.06,162.41,0.17,54.52,81.56,39.78,25.76,6.33,15.49,26.29,36.25,21.67,2.77,4.95,0.24,2.13,1.59,3.24
2023/4/18,103.96,72.78,102.02,86.41,102.75,54.32,63.29,43.12,163.72,0.3,54.31,81.59,40.23,25.72,6.31,15.44,26.06,36.61,21.54,2.69,5.01,0.23,2.55,1.45,2.85
2023/4/19,102.83,72.35,102.3,85.86,102.09,53.86,62.75,42.76,163.34,0.74,54.41,81.33,40.04,25.7,6.25,15.39,25.81,36.65,21.45,2.66,4.94,0.24,2.46,1.55,3.01
2023/4/20,102.54,73.04,100.24,85.27,100.31,53.28,61,42.56,162,0.62,53.92,80.38,39.65,25.25,6.13,15.3,25.41,36.56,21.06,2.59,4.89,0.23,1.8,1.59,3.11
2023/4/21,105.74,76.94,110.18,89.8,106.32,56.98,65.76,45.59,173.68,0.38,57.94,87.38,43.22,27.25,6.42,16.37,26.96,39.49,22.1,3.1,5.13,0.24,2.02,1.81,3.43
2023/4/22,66.06,42.89,78.94,52.25,62.31,38.02,49.85,24.5,98.59,0.16,29.52,54.16,24.99,15.71,4.31,9.11,15.54,22.19,13.1,1.89,2.87,0.18,2.83,1.41,2.71
2023/4/23,95.44,67.75,98.83,79.54,94.54,51.11,60.43,41.48,153.52,0.21,52.56,77.78,40.08,24.51,5.98,14.64,25.07,36.42,20.14,2.8,4.72,0.21,2.3,1.62,3.22
2023/4/24,97.91,72.19,99.77,83.7,99.39,52.72,58.77,42.3,161.52,0.51,53.97,80.02,39.77,25.07,6.26,15.51,25.69,35.99,21.04,2.64,4.88,0.23,1.75,1.57,3
2023/4/25,103.15,73.74,102.37,85.63,102.43,54.61,62.21,43.36,163.93,0.51,54.43,81.41,39.91,25.7,6.27,15.65,26.05,36.76,21.38,2.67,4.98,0.24,2.09,1.62,3.14
2023/4/26,104.15,75.61,105.71,86.35,102.61,55.52,62.9,44.69,166.35,0.37,55.57,83.03,40.31,26.29,6.32,15.95,26.34,37.29,21.64,2.69,4.97,0.23,2.21,1.87,3.67
2023/4/27,103.01,77.3,108.25,85.84,101.32,55.92,61.9,46.63,165.42,0.19,55.87,83.21,39.88,26,6.22,16.34,26.28,36.97,21.33,2.68,4.9,0.24,2.03,2.16,4.35
2023/4/28,109.95,87.04,123.83,90.95,107.14,62.78,67.66,53.11,177.92,0.16,60.16,91.92,42.41,28.82,6.58,17.75,28.18,40.37,22.62,3.62,4.99,0.26,2.24,2.98,5.4
2023/4/29,78.35,56.76,105.1,61.8,73.65,49.42,71.64,34.63,115.29,0.38,34.52,59.65,26.09,18.18,4.58,11.52,18.05,25.53,13.87,2.47,3.02,0.18,4.66,2.82,4.89
2023/4/30,77.16,54.36,104.61,58.33,73.04,48.33,81.52,30.94,108.08,0.44,29.99,55.83,25.36,17.13,4.36,10.29,17.52,22.7,13.64,2.4,2.91,0.17,5.98,1.81,3.53
2023/5/1,73.11,50,99.5,54.32,69.84,43.78,71.72,27.81,98.89,0.39,27.03,52.86,23.82,15.39,3.98,9.33,16.55,20.86,13.26,2.27,2.76,0.16,5.47,1.43,2.76
2023/5/2,66.45,47.56,93.78,51.79,62.55,43.23,58.98,28.03,94.07,0.25,27.01,51.02,21.92,15.15,3.73,8.64,15.65,20.1,12.12,2.21,2.63,0.14,4.28,1.63,3.39
2023/5/3,55.63,44.32,82.74,48.11,55.35,39.89,44.77,30.05,91.15,0.17,29.17,50.02,21.41,15.15,3.8,8.44,16.05,21.47,12.73,2.56,2.7,0.15,2.66,2.27,4.62
2023/5/4,91.97,70.31,98.39,78.3,92.68,52.28,54.03,44.63,152,0.11,51.39,77.42,36.4,24.87,5.92,14.87,24.75,34.45,20,2.79,4.59,0.22,1.41,1.74,3.87
2023/5/5,94.77,69.04,96.9,80.1,95.34,51.74,56.23,42.9,155.17,0.16,52.34,77.38,38.13,24.66,6.03,14.83,25.2,35.35,20.55,2.67,4.81,0.23,1.55,1.43,3.12
2023/5/6,94.11,67.23,97.73,79.07,95.16,51.45,58.11,41.69,153.79,0.43,52.44,76.99,38.17,24.79,6.04,14.47,25.32,36.17,20.51,2.95,4.83,0.23,2.01,1.41,2.8
2023/5/7,58.65,38.41,71.98,46.67,55.54,34.91,41.47,24.14,87.44,0.43,27.32,47.83,20.91,14.51,4.04,8.11,13.1,20.45,12.13,1.8,2.69,0.17,2.84,1.46,3.15
2023/5/8,95.45,71.1,99.44,82.27,97.98,52.53,56.78,42.81,160.22,0.17,53.4,79.89,39.26,25.38,6.33,15.42,26.18,35.88,21.25,2.81,4.95,0.24,1.72,1.58,3.23
2023/5/9,99.4,70.77,98.49,83.63,99.28,52.44,59.09,42.07,159.32,0.18,53.45,79.43,39.55,25.3,6.3,15.18,25.65,36.04,21.09,2.69,4.93,0.23,1.68,1.56,2.84
2023/5/10,100.25,73.01,100.55,83.91,101.08,52.9,60.52,42.57,159.96,0.22,53.86,80.38,40.05,25.52,6.32,15.47,25.75,36.56,21.15,2.66,4.92,0.23,1.69,1.63,3.1
2023/5/11,98.99,71.2,99.05,83.16,99.37,52.21,59.84,42.07,159.64,0.75,53.34,79.78,40.69,25.12,6.29,15.36,25.66,36.03,20.91,2.66,4.88,0.23,1.69,1.6,3.06
2023/5/12,103.77,77.05,109.64,87.4,104.19,56.26,63.6,46.39,169.57,0.83,56.51,86.01,42.89,27.01,6.53,16.24,27.29,38.43,22.19,3.29,5.06,0.24,1.67,1.94,3.7
2023/5/13,72.11,47.17,88.87,55.88,67.81,40.88,56,26.82,105.21,0.61,32.3,56.69,25.25,17.66,4.7,9.41,16.68,24.64,13.98,2.14,3.09,0.11,3.48,1.44,2.83
2023/5/14,61.36,41.18,78.95,48.32,57.63,36.64,45.39,25.26,90.23,0.29,28.29,50.33,21.91,15.25,4.1,8.57,15.21,21.44,12.21,2.23,2.67,0.15,2.51,1.58,3.38
2023/5/15,94.75,71.71,99.02,81.88,97.62,52.36,56.79,42.49,158.89,0.09,53.76,79.65,39.19,25.35,6.32,15.28,25.99,35.99,21.03,2.86,4.91,0.23,1.5,1.65,3.28
2023/5/16,96.9,69.23,95.71,81.9,96.66,51.23,57.66,41.2,155.81,0.1,52.06,77.66,38.7,24.73,6.18,14.71,25.26,35.44,20.63,2.62,4.89,0.22,1.43,1.4,2.77
2023/5/17,97.46,69.42,97.6,82.09,97.63,51.6,58.87,41.13,157.63,0.11,52.75,78.56,39.08,24.87,6.24,15.04,25.34,36.05,20.75,2.63,4.89,0.22,1.59,1.65,3.12
2023/5/18,98.03,69.99,98.61,82.17,97.71,51.72,59.31,41.29,157.89,0.12,51.4,78.39,39.08,24.76,6.2,15.28,25.41,35.97,20.75,2.65,4.88,0.22,1.68,1.57,3.22
2023/5/19,101.82,75.63,108.04,86.25,101.47,55.69,60.91,45.82,166.89,0.14,56.27,84.75,41.44,26.79,6.38,16.12,26.66,38.08,21.59,3.19,4.98,0.24,1.54,2.11,3.89
2023/5/20,69.63,44.28,83.21,53.09,63.05,38.97,50.6,25.54,99.13,0.2,30.2,53.64,24.7,16.02,4.34,8.85,16.3,23.48,13.44,2.09,3,0.18,2.27,1.47,2.97
2023/5/21,61.64,40.65,75.38,48.11,56.07,35.77,44.07,24.86,88.51,0.42,27.96,48.81,22.79,14.39,3.87,8.38,14.93,21.11,12.4,2.14,2.68,0.15,2.43,1.65,3.59
2023/5/22,93.28,69.77,97.77,80.94,96.34,51.58,55.98,41.99,156.72,0.36,52.91,78.49,38.99,25.11,6.25,15.18,25.7,35.62,20.75,2.77,4.92,0.22,1.55,1.69,3.29
2023/5/23,96.54,69.75,95.46,81.35,97.53,50.71,57.32,41.01,156.59,0.23,52.19,77.44,38.64,24.72,6.26,14.9,25.37,35.61,20.64,2.62,4.85,0.22,1.56,1.5,2.93
2023/5/24,95.69,68.31,95.28,81,95.77,50.3,56.8,40.55,155.2,0.1,52.08,77.05,38.18,24.43,6.16,14.84,24.95,35.48,20.37,2.57,4.77,0.23,1.5,1.57,3.08
2023/5/25,94.83,67.88,94.61,80.05,94.71,49.9,56.65,40.08,153.44,0.09,51.34,76.26,37.97,24.24,6.03,14.69,24.74,35.37,20.2,2.53,4.76,0.23,1.47,1.51,3.09
2023/5/26,100.65,73.8,106.68,84.66,100.86,54.62,66.24,44.6,166.78,0.1,55.38,83.6,42.12,26.65,6.37,16.01,26.54,38.55,21.52,3.23,4.98,0.22,1.66,2.02,4.01
2023/5/27,59.47,39.28,69.4,48,54.8,34.04,48.22,22.06,88,0.08,27.02,46.91,22.54,14.04,3.88,8.03,13.42,20.69,11.52,1.74,2.63,0.14,1.48,1.38,2.98
2023/5/28,60.15,40.2,75.18,48.05,56.45,35.31,48.04,24.07,89.74,0.12,27.62,49.28,22.84,14.98,3.97,8.29,14.68,20.92,12.32,2.13,2.65,0.14,2.48,1.59,3.53
2023/5/29,90.81,67.75,94.82,79.06,94.11,50.52,54.47,41.06,154.24,0.1,52.1,77.04,38.26,24.72,6.13,14.98,25.29,35.28,20.51,2.75,4.79,0.22,1.38,1.64,3.31
2023/5/30,94.94,68.15,93.61,80.14,94.61,49.95,55.97,40.44,153.52,0.11,50.88,76.44,38.45,24.6,5.97,14.74,24.52,34.59,20.33,2.52,4.68,0.23,1.36,1.43,2.95
2023/5/31,95.31,68.65,95.07,80.57,96.15,50.45,60.05,40.57,155.5,0.12,51.8,77.91,40.83,24.55,6.06,15.04,24.96,35.92,20.17,2.57,4.84,0.22,1.49,1.59,3.24
2023/6/1,98.42,69.75,98.65,80.59,96.17,52.36,62.65,40.74,155.52,0.17,51.41,78.88,40.71,24.48,6.01,14.92,25.01,35.88,20.04,2.58,4.9,0.22,1.65,1.58,3.19
2023/6/2,102.11,76.5,106.46,85.89,102.78,55.49,62.92,44.92,168.03,0.14,56.54,84.71,42.02,26.7,6.44,16.14,26.7,38.67,21.69,3.22,5.04,0.24,1.55,1.94,3.89
2023/6/3,63.85,42.52,77.73,51.52,61.05,37.17,53.63,24.16,95.61,0.16,28.64,50.75,23.63,15.93,4.18,8.65,14.89,21.86,12.66,1.88,2.88,0.16,2.35,1.42,2.86
2023/6/4,55.3,38.14,71.42,45.41,53.82,34.5,41.92,23.26,83.93,0.15,26.35,47.28,20.45,14.14,3.81,7.98,13.93,19.35,11.51,2.06,2.57,0.15,1.82,1.63,3.63
2023/6/5,92.79,70.12,96.42,80.29,96.49,51.59,56.32,41.83,156.31,0.16,52.74,77.84,38.68,25.08,6.23,15.18,25.54,35.78,20.63,2.78,4.85,0.22,1.34,1.6,3.29
2023/6/6,98.14,69.7,95.89,81.53,97.48,51.8,59.77,41.35,156.05,0.21,51.69,77.62,38.72,24.87,6.2,15.07,25.15,35.7,20.46,2.61,5.05,0.22,1.35,1.56,3.01
2023/6/7,97.73,69.56,96.1,80.65,95.43,51.16,59.35,40.72,154.88,0.53,51.29,77.33,38.62,24.5,6.15,14.87,24.68,35.68,20.12,2.58,5,0.2,1.36,1.61,3
2023/6/8,97.52,69.84,96.39,80.42,95.56,51.2,59.79,40.93,154.59,0.56,51.2,77.31,38.66,24.43,6.07,14.98,24.89,35.33,20,2.56,4.8,0.21,1.41,1.68,3.29
2023/6/9,101.03,74.69,105.78,84.22,100.25,54.43,64.23,44.69,164.88,0.45,55.74,83.69,41.5,26.29,6.32,15.9,26.29,38.32,21.27,3.09,4.96,0.22,1.4,2.1,3.99
2023/6/10,64.03,42.33,79.4,50.45,58.8,36.55,49.96,23.94,95.38,0.28,29.17,51.12,23.08,15.71,4.4,8.61,14.84,21.68,12.5,1.95,2.86,0.16,2.07,1.57,3.12
2023/6/11,57.29,38.83,71.79,45.56,54.15,34.28,43.48,23.76,85.44,0.09,26.67,47.79,20.82,14.22,3.9,8.12,14,19.57,11.64,2.11,2.61,0.17,1.79,1.59,3.57
2023/6/12,93.86,70.56,98.63,81.18,97.88,52.27,57.59,42.02,159.08,0.1,53.51,79.28,39.27,25.37,6.34,15.69,25.66,36.43,20.75,2.75,4.94,0.23,1.41,1.73,3.62
2023/6/13,99.29,71.21,98.48,82.73,98.39,52.66,60.07,41.7,159.82,0.11,52.84,79.21,39.22,25.21,6.45,15.42,25.65,36.56,20.71,2.64,4.93,0.23,1.41,1.62,3.33
2023/6/14,99.41,71.5,99.04,82.98,98.86,52.66,60.89,41.89,160.41,0.11,52.87,79.77,39.41,25.26,6.3,15.62,25.44,36.68,20.6,2.64,4.9,0.22,1.41,1.81,3.59
2023/6/15,100.63,75.37,100.16,83.49,100.21,53.21,62.1,42.01,162,0.12,52.26,79.71,39.53,25.29,6.41,15.91,25.33,36.53,20.31,2.64,4.85,0.21,1.35,1.88,3.92
2023/6/16,103.93,76.4,108.45,85.81,102.41,56.31,64.89,45.65,169.87,0.11,56.43,85.4,41.64,26.93,6.53,16.48,26.49,39.02,21.5,3.12,4.95,0.24,1.35,2.21,4.47
2023/6/17,63.47,42.1,75.32,49.73,58.16,36.66,47.99,24.62,92.86,0.11,28.4,50.53,22.37,14.94,4.09,8.7,14.65,21.4,12.67,1.83,2.77,0.14,1.37,1.72,3.82
2023/6/18,59.49,40.36,72.53,46.3,55.38,35.5,43.93,23.97,86.28,0.11,26.9,47.99,20.88,13.85,4.03,8.23,13.88,20.06,11.73,1.97,3.05,0.15,1.33,1.68,3.73
2023/6/19,97.21,74.16,102.8,82.61,97.73,54.86,58.78,42.94,160.57,0.1,54.19,80.34,39.27,25.52,6.34,16.13,25.82,36.86,20.52,2.77,4.98,0.23,1.37,1.86,3.75
2023/6/20,105.04,76.09,106.44,85.87,101.62,57.02,64.04,45.2,165.13,0.11,54.81,82.81,40.22,26.38,6.45,16.42,26.18,37.66,20.98,2.7,5.07,0.23,1.45,1.88,3.97
2023/6/21,110.28,84.54,120.67,90.99,108.07,61.17,69.64,51.61,177.7,0.1,59.69,91.71,42.99,29.28,6.89,17.88,28.05,40.86,22.66,3.42,5.17,0.26,1.54,2.75,4.98
2023/6/22,61.9,44.46,80.93,47.47,55.61,36.26,52.29,24.76,85,0.12,26.58,48.42,20.53,14.01,3.76,8.28,13.39,20.06,10.87,1.89,2.78,0.12,1.7,1.87,3.83
2023/6/23,58.68,38.85,72.32,42.44,49.91,32.57,48.5,21.91,78.08,0.09,22.68,42.77,18.35,12.17,3.59,7.25,12.09,17.25,9.53,1.65,2.53,0.1,1.42,1.45,3.16
2023/6/24,56.88,40.82,72.18,43.7,49.54,35.2,42.09,25.62,80.57,0.08,25.73,46.5,18.75,13.3,3.65,7.72,12.92,18.59,10.6,2.01,2.58,0.12,1.09,1.85,4.09
2023/6/25,93.38,68.64,99.84,76.93,91.57,52.22,59.08,43.74,148.5,0.1,51.29,76.87,36.84,25.02,6.08,14.9,24.7,35.42,19.54,2.78,4.76,0.2,1.26,2.05,4.32
2023/6/26,97.84,73.68,104.01,82.76,97.73,55.31,60.61,43.42,161.33,0.11,54.18,80.66,39.33,25.76,6.47,16.17,25.97,37.04,20.68,2.73,5.03,0.22,1.38,1.83,3.82
2023/6/27,104.98,74.91,104.92,85.51,101.49,56.04,66.13,44.28,163.7,0.12,54.05,81.78,40.28,26.14,6.52,16.32,26.33,37.45,20.84,2.73,5.06,0.23,1.34,1.89,3.84
2023/6/28,105.79,75.79,105.86,85.84,101.73,56.01,67.86,44.18,164.47,0.23,54.65,82.27,40.49,26.35,6.44,16.21,25.91,37.52,20.57,2.66,5.03,0.23,1.44,1.91,3.67
2023/6/29,109.96,79.74,110.2,88.04,105.05,58.1,69.86,45.24,167.95,0.19,55.28,84.18,40.93,26.61,6.56,16.78,26.54,38.14,21.25,2.83,5.09,0.22,1.5,2.06,4.06
2023/6/30,113.27,81.9,118.26,90.34,107.12,60.9,72.88,48.56,176.17,0.14,57.79,88.99,42.52,28.16,6.81,17.05,27.44,39.57,22.16,3.27,5.24,0.25,1.51,2.28,4.36
2023/7/1,68.24,46.27,84.18,53.13,61.09,40.93,55.4,26.85,98.8,0.08,28.64,53.23,22.17,15.78,4.57,8.86,15.07,21.13,12.88,1.99,3.06,0.14,1.48,1.7,3.28
2023/7/2,64.91,43.9,80.99,49.32,55.96,38.37,51.02,26.4,90.15,0.08,26.14,49.87,20.54,14.85,4.02,8.09,14.03,19.1,12.11,2.03,2.81,0.15,1.37,1.61,3.28
2023/7/3,106.18,80.18,115.79,87.83,103.26,59.14,69.08,46.53,171.43,0.11,55.73,85.47,41.33,27.55,6.81,16.93,27.55,38.13,22.02,3.08,5.26,0.24,1.53,1.78,3.48
2023/7/4,114.06,82.01,116.79,92.36,107.02,60.5,75.89,46.94,174.03,0.11,55.88,87.59,42.01,27.93,6.83,17.08,26.99,38.4,21.74,2.86,5.29,0.25,1.74,1.82,3.47
2023/7/5,112.99,80.94,115.02,90.59,106.13,59.48,73.97,46.66,173.09,0.11,55.35,86.6,41.67,27.46,7.02,16.84,27.02,38.34,21.7,2.85,5.24,0.23,1.57,1.91,3.72
2023/7/6,111.86,79.71,112.98,88.78,103.96,58.58,72.51,46.39,170.13,0.1,54.85,85.27,41.39,26.92,6.75,16.65,26.64,37.77,21.38,2.82,5.12,0.23,1.44,1.9,3.68
2023/7/7,116.63,84.01,121.92,92.4,108.63,62.15,77.05,50.25,180.46,0.11,58.07,91.37,43.28,28.91,6.99,17.46,27.75,39.95,22.62,3.24,5.31,0.24,1.56,2.18,4.09
2023/7/8,75.71,51.59,90.45,57.29,66.55,44.16,63.51,29.08,105.95,0.1,30.36,57.32,24.82,16.82,4.71,9.45,15.89,22.54,13.55,2.14,3.15,0.16,1.74,1.7,3.34
2023/7/9,67.74,46.22,84.37,51.4,58.49,40.42,55.06,27.59,93.86,0.09,27.54,51.94,21.57,15.43,4.39,8.72,14.39,19.9,12.41,2.15,2.86,0.16,1.45,1.79,3.59
2023/7/10,107,79.91,114,87.74,102.62,59.13,68.83,46.99,172,0.11,55.82,85.6,41.56,27.61,6.83,16.77,27.3,38.42,22.02,3.07,5.26,0.25,1.47,1.81,3.63
2023/7/11,114.79,80.35,114.28,90.32,105.19,59.28,73.93,47.52,171.65,0.12,54.87,85.44,41.77,27.26,7.08,16.75,27.14,38.36,21.76,2.95,5.28,0.25,1.65,1.71,3.43
2023/7/12,111.71,79.09,111.65,88.45,102.6,57.85,71.55,46.28,168.5,0.11,54.11,84.21,40.74,26.78,6.75,16.42,26.38,37.24,21.35,2.76,5.24,0.25,1.57,1.74,3.5
2023/7/13,113.34,81.37,114.4,89.94,104.52,58.78,73.01,46.41,171.55,0.13,55.07,86,41.76,27.39,6.87,16.86,26.62,38.05,21.5,2.84,5.32,0.25,1.61,1.78,3.65
2023/7/14,118.63,84.44,124.22,93.28,110.12,62.46,78.1,50.15,182.29,0.22,57.53,91.71,43.66,29.15,7.13,17.56,27.89,40.02,22.99,3.23,5.43,0.26,1.78,2.12,4.13
2023/7/15,78.75,51.63,94.33,58.86,69.32,44.53,64.58,29.56,108.35,0.88,31.23,58.16,24.82,17.68,4.93,9.64,16.09,22.93,14.25,2.13,3.34,0.16,2.28,1.73,3.45
2023/7/16,70.76,48.44,87.56,52.43,61.95,40.92,55.25,28.21,97.16,0.61,28.17,53.52,22.01,16.04,4.6,8.88,14.63,20.04,12.92,2.04,3.02,0.15,1.84,1.71,3.64
2023/7/17,107.33,79.07,112.87,86.73,102.57,58.6,68.9,46.66,171.02,0.11,55.47,84.95,41.4,27.49,6.96,16.72,27.49,38.14,22.02,3.02,5.33,0.25,1.54,1.79,3.53
2023/7/18,112.98,79.49,113.18,89.26,104.68,58.34,72.8,46.19,170.33,0.11,54.66,84.82,41.62,27.24,6.92,16.59,27.07,38.12,21.81,2.91,5.27,0.25,1.65,1.74,3.51
2023/7/19,111.76,78.64,111.86,87.88,104.05,57.66,73.55,45.82,170.06,0.12,54.36,84.74,41.92,26.95,6.98,16.57,26.83,38,21.78,2.89,5.26,0.25,1.6,1.8,3.59
2023/7/20,111.71,79.3,113.96,87.78,103.93,57.95,72.85,46.2,168.76,0.12,54.16,85.05,41.71,26.97,6.92,16.52,26.89,37.66,21.68,2.87,5.23,0.23,1.57,1.74,3.5
2023/7/21,105.35,77.01,109.57,83.97,97.85,55.74,66.78,45.95,159.9,0.19,53.3,83.16,40.02,26.21,6.75,15.77,24.93,35.98,21.31,2.66,4.94,0.25,1.33,1.91,3.49
2023/7/22,67.66,44.89,77.45,49,57.32,37.94,52.48,25.86,89.49,0.17,25.33,48.85,19.77,14.51,3.99,8.29,14.02,18.03,12.89,1.87,2.94,0.15,1.22,1.59,3.3
2023/7/23,74.9,49.09,92.04,54.82,62.81,42.57,58.67,28.41,98.62,0.18,28.52,55.13,22.77,16.39,4.75,9.13,15.09,20.12,14.49,2.08,2.98,0.16,2.18,1.69,3.56
2023/7/24,105.59,78.66,113.4,85.72,101.11,57.83,68.4,45.99,168.18,0.11,54.52,83.97,40.75,27.14,6.94,16.59,27,37.47,21.95,2.96,5.26,0.23,1.61,1.72,3.45
2023/7/25,113.51,79.59,113.48,88.6,103.87,57.94,73.69,45.91,167.93,0.12,53.74,84.37,41.28,26.94,6.86,16.41,26.93,37.41,21.72,2.86,5.23,0.22,1.69,1.72,3.53
2023/7/26,112.68,80.14,114.21,88.07,103.68,58.47,72.96,46.36,168.66,0.11,53.88,85.02,41.33,26.97,6.88,16.52,26.83,37.44,21.57,2.85,5.22,0.23,1.68,1.85,3.65
2023/7/27,111.57,79.53,114.08,87.59,103.25,57.77,73.22,45.93,167.59,0.11,53.62,84.37,41.18,26.72,6.88,16.41,26.63,37.24,21.57,2.83,5.19,0.25,1.62,1.73,3.47
2023/7/28,115.23,82.65,119.89,90.21,106.46,60.09,77.26,48.86,174.84,0.11,56.58,88.39,42.62,28.07,7.13,17.09,27.27,38.68,22.78,3.04,5.29,0.28,1.71,2.02,3.91
2023/7/29,73.76,49.87,88.29,55.27,62.02,41.85,59.94,28.17,98.71,0.11,29.01,54.26,23.34,16.23,4.71,9.2,14.88,20.66,13.36,1.92,3.06,0.18,1.76,1.73,3.35
2023/7/30,33.83,29.24,48.52,29.54,32.39,26.56,28.31,18.8,54.33,0.06,16.86,33.66,13.07,8.4,2.63,5.26,8.43,11.28,7.49,1.2,1.75,0.11,0.4,1.56,3.08
2023/7/31,70.04,56.24,76.89,61.33,70.19,43.67,48.73,33.86,117.13,0.12,37.77,62.67,29,18.94,5.08,11.04,18.94,27.05,15.97,1.15,4.08,0.23,0.81,1.7,2.48
2023/8/1,94.2,66.39,90.74,74.82,85.59,49.85,66.93,38.23,141.14,0.14,45.88,74.02,35.64,22.23,6.07,13.61,21.56,32.78,19.15,0,4.52,0.24,0,1.87,2.2
2023/8/2,109.88,75.92,107.11,88.22,102.3,54.8,76.91,42.21,159.26,0.14,51.9,83.73,40.55,25.44,6.8,15.71,25.99,36.62,21.22,0,5.68,0.23,0,1.75,3.36
2023/8/3,109.2,77.44,113.98,87.26,103.2,55.39,74.15,43.57,165.41,0.13,53.67,83.88,40.91,26.19,6.9,16.21,28.5,37.48,21.6,3.68,5.89,0.23,1.33,1.73,3.56
2023/8/4,108.57,79.8,115.94,86.91,103.16,55.96,73.8,45.23,168.75,0.12,55.34,86.08,41.36,27.1,6.86,16.36,28.73,38.21,21.98,4.06,5.73,0.24,1.38,1.92,3.79
2023/8/5,74.9,49.24,91.2,56.43,64.83,43.05,64.14,27.56,100.16,0.1,29.46,56.4,24.2,16.24,4.87,9.16,15.46,20.76,13.62,2.07,3.18,0.15,1.77,1.54,3.05
2023/8/6,69.64,46.53,84.18,51.99,59.55,40.38,58.86,26.61,91.25,0.09,27.16,51.05,22.09,15.02,4.37,8.89,14.39,18.79,12.82,1.97,2.79,0.16,1.89,2.05,3.88
2023/8/7,104.79,77.24,113.4,84.6,100.44,57.48,69.81,44.52,164.86,0.11,53.29,83.52,40.63,26.33,6.93,16.52,27.15,36.58,21.68,3.02,5.29,0.25,1.61,1.93,3.9
2023/8/8,111.8,78.42,113.76,88.59,103.31,57.59,75.86,45.17,165.27,0.11,53.7,84.54,41.07,26.15,6.85,16.4,26.98,37.24,21.54,2.93,5.27,0.24,1.65,1.71,3.55
2023/8/9,112.45,78.62,114.35,88.03,103.16,57.86,76.29,45.49,166.12,0.11,53.61,84.31,41.36,26.42,6.91,16.25,26.93,37.27,21.71,2.92,5.27,0.24,1.64,1.72,3.52
2023/8/10,112.36,79.19,115.33,87.74,102.83,58.33,77.13,45.63,165.66,0.11,53.43,84.23,41.29,26.48,6.91,16.36,26.96,37.11,21.61,2.94,5.22,0.25,1.65,1.7,3.5
2023/8/11,112.99,81.12,119.58,89.19,103.92,59.68,78.12,48.08,171.44,0.11,55.66,88.18,42.75,27.48,7.01,16.77,27.16,38.16,22.27,3.14,5.27,0.23,1.59,2,3.97
2023/8/12,81.06,52.31,96.66,59.36,67.54,44.31,69.99,29.54,104.61,0.09,30.74,57.78,25.47,17.14,4.84,9.79,16.32,21.71,14.02,2.12,3.16,0.16,2.07,1.66,3.37
2023/8/13,75.83,49.85,93.21,55.57,62.39,42.65,63.88,29.08,98.07,0.09,28.61,55.03,23.45,16.22,4.66,9.41,15.39,20.11,13.38,2.2,2.97,0.15,2.11,1.79,3.68
2023/8/14,107.36,78.95,114.95,85.84,100.98,59.06,71.41,45.93,168.09,0.11,54.44,84.34,40.68,26.77,7.02,16.68,27.34,37.42,21.84,3.07,5.22,0.25,1.6,1.85,3.6
2023/8/15,114.7,80.24,115.7,89.76,103.89,59.27,76.67,46.47,168.14,0.11,54.28,85.24,41.32,26.85,6.98,16.73,27.37,37.7,21.92,3.06,5.25,0.24,1.65,1.83,3.45
2023/8/16,114.94,81.29,116.7,89.91,104.93,59.68,77.75,46.56,169.27,0.11,54.24,86.1,41.49,26.92,7.03,16.72,27.57,37.58,22.2,3.04,5.28,0.27,1.64,1.83,3.63
2023/8/17,113.94,80.14,115.92,88.66,102.98,58.82,76.48,46.21,168,0.11,54.5,84.7,41.06,26.61,6.9,16.44,27.38,37.48,22.58,3.03,5.22,0.26,1.64,1.86,3.54
2023/8/18,116.88,83.25,122.14,90.68,106.06,61.08,79.57,49.09,175.86,0.11,56.9,89.47,42.25,28.09,7.14,17.06,27.92,38.88,23.92,3.22,5.25,0.29,1.64,2.15,4.14
2023/8/19,81.49,54.51,97.41,60.53,68.99,46.34,67.78,30.14,110.41,0.1,32.04,59.29,24.62,17.75,4.95,9.97,16.96,22.95,15.87,2.25,3.26,0.22,2.18,1.81,3.52
2023/8/20,70.16,46.66,86.24,51.73,57.48,41.04,55.01,28.38,92.21,0.12,28.3,52.12,21.12,15.51,4.31,8.56,14.73,19.71,14.28,2.1,2.76,0.22,1.72,1.91,3.45
2023/8/21,106.54,78.8,114.2,86.3,100.94,58.81,69.85,46.4,167.52,0.11,55.16,84.57,40.62,27.12,6.84,16.86,27.54,37.7,22.35,3.12,5.26,0.27,1.55,1.97,3.75
2023/8/22,118.6,81.97,117.67,91.45,107.72,60.77,78.52,47.56,173.54,0.11,56.36,89.11,42.55,27.92,7.11,17.1,28.1,39.26,22.53,3.13,5.45,0.25,1.76,1.87,3.43
2023/8/23,112.36,79.78,113.47,88.56,103.91,58.73,74.48,46.17,168.44,0.12,54.88,85.27,41.3,27.2,6.91,16.71,27.31,38.21,21.53,2.99,5.2,0.24,1.68,1.87,3.51
2023/8/24,109.91,78.13,108.41,86.2,100.59,57.33,72.15,45.19,163.29,0.11,53.17,83.14,39.98,26.23,6.62,16.43,26.45,37.02,20.89,2.85,5.13,0.24,1.36,2.03,3.71
2023/8/25,114.98,83.49,120.72,90.98,107.52,61.65,79.01,49.12,176.12,0.12,57.68,89.89,43.23,28.43,7.12,17.68,28.21,39.96,22.59,3.33,5.25,0.26,1.75,2.34,4.44
2023/8/26,78.27,53,93.69,59.49,68.66,45.48,66.79,29.34,107.64,0.14,32.2,59.07,25.76,17.62,4.94,10.4,16.83,23.39,13.9,2.27,3.11,0.18,2.34,1.91,3.64
2023/8/27,67.08,46.63,84.06,52.09,59.47,40.84,55.7,27.55,94.27,0.12,28.93,53.29,22.69,15.74,4.33,9.58,14.99,20.78,12.61,2.22,2.8,0.15,1.96,2.04,3.81
2023/8/28,100.61,75.69,106.89,84.23,99.35,56.43,63.81,45.21,164.15,0.19,54.61,83.03,40,26.86,6.8,16.92,27.37,37.9,21.17,3.07,5.2,0.24,1.56,1.95,3.85
2023/8/29,103.3,73.48,104.02,84.1,99.93,55.11,66.24,43.9,161.69,0.17,53.16,81.7,40.05,26.28,6.68,16.32,26.85,37.9,20.86,2.97,5.16,0.22,1.55,1.76,3.35
2023/8/30,99.52,71.07,99.48,82.22,97.64,52.57,62.18,42.15,158.64,0.17,52.06,79.69,39.41,25.92,6.53,16.34,26.09,37.22,20.35,2.84,5.12,0.22,1.48,1.83,3.4
2023/8/31,99.1,72.2,100.23,81.83,99.13,53.14,61.69,43,159.44,0.22,52.8,80.18,39.12,26.24,6.49,16.74,26.29,37.32,20.41,2.87,5.1,0.21,1.43,1.86,3.53
2023/9/1,103,75.11,106.96,84.93,101.96,56.15,63.91,46.53,169.22,0.2,56.55,85.36,40.69,28.12,6.76,17.59,27.4,39.38,21.58,3.27,5.16,0.24,1.45,2.13,3.87
2023/9/2,65.52,43.1,79.25,51.54,61.46,38.88,51.03,26.02,97.67,1,30.46,52.34,22.57,16.15,4.37,9.12,15.55,22.72,12.66,1.99,3.04,0.15,2.5,1.53,3.05
2023/9/3,59.63,40.24,75.61,47.56,57.06,36.77,46.71,25.67,90.77,1.03,28.9,49.86,21.12,15.2,4.11,8.82,14.69,21.62,11.86,2.12,2.82,0.16,2.07,1.9,3.66
2023/9/4,93.72,70.54,98.99,81.61,98.86,52.77,58.97,43.1,159.98,0.84,53.34,80,38.98,26.65,6.61,17.05,26.51,37.63,20.67,2.94,5.08,0.24,1.36,1.79,3.5
2023/9/5,97.48,70.39,96.59,82.47,99.78,52.16,60.73,42.16,158.8,0.95,51.93,79.48,39.37,26.01,6.54,16.74,25.99,37.07,20.39,2.76,5.05,0.23,1.35,1.79,3.19
2023/9/6,97.37,70.09,97.35,82.32,99.73,52.23,60.89,41.92,159.36,0.89,52.22,79.88,39.89,25.96,6.55,16.96,25.97,37.27,20.44,2.76,5.07,0.23,1.32,1.87,3.45
2023/9/7,96.87,69.77,97.2,81.94,97.34,51.71,59.67,41.64,157.55,0.12,51.97,79.21,39.71,25.78,6.53,16.72,25.9,37.07,20.33,2.73,4.97,0.21,1.29,1.89,3.38
2023/9/8,102.85,77.53,109.76,88.01,103.91,56.95,63.99,46.91,171.63,0.11,56.78,88.76,42.9,28.7,6.72,18.15,27.68,40.36,21.63,3.4,5.13,0.26,1.3,2.43,4.12
2023/9/9,51.56,36.12,61.37,42.72,46.56,31.72,40.99,20.89,77.91,0.07,23.5,43.53,19.25,12.16,3.31,7.48,11.68,18.23,10.18,1.49,2.39,0.12,0.72,1.71,3.3
2023/9/10,63.76,45.23,79.65,53.83,60.25,38.87,53.19,26.12,97.14,0.11,30.33,53.92,24.33,16.08,4.37,9.67,16.1,23.48,13.31,2.41,2.86,0.18,1.96,1.98,3.88
2023/9/11,94.43,71.95,99.27,83.04,98.46,53.02,58.98,42.71,161.94,0.12,53.3,81.2,39.38,26.67,6.79,17.52,26.68,36.93,21.04,2.98,5.06,0.22,1.37,1.97,3.85
2023/9/12,98.98,71.14,97.81,84.27,99.59,52.68,60.49,42.01,158.81,0.12,52.44,80.51,39.41,26.27,6.69,17.03,26.32,37.05,20.7,2.89,5.03,0.22,1.49,1.86,3.41
2023/9/13,98.78,70.86,97.86,84.07,99.8,52.46,60.83,41.49,161.5,0.12,52.53,80.73,39.55,26.37,6.67,17.31,26.42,37.44,20.89,2.89,5.07,0.22,1.52,1.98,3.72
2023/9/14,98.8,71.12,98.13,82.51,99.16,52.36,60.65,41.5,159.95,0.14,52.36,80.22,39.14,26.09,6.65,17.05,26.12,37.01,20.57,2.82,5.05,0.14,1.51,1.98,3.61
2023/9/15,104.87,79.27,110.5,89.44,106.73,57.42,66.29,46.36,173.94,0.24,57.91,88.29,42.96,28.9,6.99,18.46,28.34,40.99,22.16,3.56,5.28,0.23,1.56,2.52,4.34
2023/9/16,71.63,48.97,89.03,58.79,67.42,40.99,55.65,26.71,107.5,0.34,33.16,57.8,26.36,17.96,4.79,10.23,17.26,26.47,13.71,2.21,3.25,0.17,3.08,1.83,3.31
2023/9/17,61.06,43.13,76.43,50.56,57.71,36.87,45.67,25.12,92.13,0.24,29.05,51.33,22.7,15.47,4.13,9.03,15.8,21.98,12.23,2.37,2.79,0.17,2.2,2,3.72
2023/9/18,94.17,71.16,98.1,82.81,98.38,52.82,58.03,42.17,160.79,0.11,53.18,81.09,39.33,26.55,6.75,17.26,26.6,37.07,20.94,2.94,5.1,0.22,1.49,2.07,3.49
2023/9/19,97.76,69.79,96.51,83.38,98.66,52.3,59.81,41.23,159.15,0.12,51.78,79.92,39.29,26.12,6.65,16.93,26.01,36.7,20.63,2.78,5.04,0.23,1.51,1.93,3.33
2023/9/20,98.95,70.5,98.26,83.92,99.72,52.73,60.96,41.47,161.77,0.13,52.31,81.5,40.48,26.42,6.74,17.3,26.19,37.24,20.85,2.82,5.1,0.22,1.64,2.16,3.72
2023/9/21,99.88,71.25,99.17,84.44,99.72,53.09,61.39,41.98,161.4,0.12,52.65,81.5,40.52,26.44,6.73,17.3,26.12,37.19,20.67,2.85,5.03,0.17,1.57,2.14,3.72
2023/9/22,106.29,77.49,111.6,89.4,106.86,57.25,69.87,46.18,176.1,0.12,57.45,89.35,44.03,28.83,7.01,18.67,28.24,40.97,21.98,3.52,5.24,0.23,1.75,2.65,4.47
2023/9/23,76.02,48.8,87.86,59.37,68.05,42.49,61.74,27.19,109.65,0.2,33.05,58.67,26.68,18.35,4.8,10.72,17.41,25.91,13.65,2.17,3.21,0.16,3.46,1.99,3.66
2023/9/24,64.81,42.58,76.8,51.13,58.08,37.61,50.02,25.23,93.95,0.15,28.8,51.75,23.05,15.62,4.18,9.48,15.63,22.07,12.16,2.23,2.82,0.16,2.09,2.19,3.87
2023/9/25,96.03,71.68,99.11,82.93,98.5,52.89,58.54,42.69,161.82,0.1,52.56,80.77,38.96,26.86,6.76,17.43,26.7,36.77,20.99,2.91,5.08,0.22,1.54,2.17,3.68
2023/9/26,100.87,72.77,100.26,84.58,99.85,54.26,60.74,44.1,163.2,0.11,52.81,82.11,39.26,27,6.76,17.63,26.36,37.21,20.88,2.82,5.07,0.2,1.48,2.29,3.96
2023/9/27,100.53,73.88,104.21,83.77,99.32,54.88,60.44,46.24,164.42,0.1,54.63,83.19,38.9,27.32,6.6,17.99,26.31,37.75,20.89,2.86,4.97,0.2,1.54,2.6,4.78
2023/9/28,104.24,77.98,115.38,85.65,102.06,58.66,64.76,50.74,172.16,0.11,56.94,89.77,40.65,29.08,6.86,19.42,29.16,40.41,22.12,4.14,5.05,0.23,1.72,3.4,5.76
2023/9/29,63.48,44.64,85.18,49.78,58.34,39.9,52.63,30.41,95.77,0.12,30.37,50.49,21.35,15.07,3.77,10.32,15.81,24.38,11.7,2.28,2.7,0.15,2.97,2.98,5.4
2023/9/30,63.96,47.66,91.38,50.62,59.36,40.94,60.04,27.58,90.59,0.14,25.86,47.44,20.09,14.04,3.47,9.05,14.34,19.42,10.77,2.16,2.52,0.12,4.48,2.39,4.33
2023/10/1,75.16,47.99,92.15,53.19,58.59,42.03,71.39,25.72,86.46,0.15,23.49,46.34,19.72,13.58,3.41,8.63,13.88,17.93,10.36,2.15,2.39,0.12,4.92,2.3,4.37
2023/10/2,67.05,43.98,89.97,48.97,56.44,39.32,64.34,24.74,84.45,0.16,22.56,44.99,18.32,12.81,3.3,8.66,13.86,16.68,9.41,2.04,2.26,0.12,4.73,1.91,4.26
2023/10/3,64.85,44,88.36,48.41,55.87,39.84,62.37,25.09,83.08,0.16,22.44,46.32,18.33,13.19,3.3,8.63,13.09,16.59,9.21,2.02,2.26,0.12,4.6,2.04,4.3
2023/10/4,61.63,41.82,84.03,46.13,54.25,39.34,56.01,25.13,82.49,0.15,23.23,45.99,18.32,13.23,3.26,8.52,13.21,16.94,9.37,2.05,2.33,0.11,3.85,2.24,4.38
2023/10/5,59.02,41.5,81.28,46.2,54.76,40.12,48.82,27.1,85.38,0.15,25.64,48.52,18.94,14.2,3.34,8.79,14.4,18.58,10.19,2.22,2.55,0.12,3.77,2.35,4.71
2023/10/6,55.13,39.89,75.28,45.83,53.12,39.01,40.14,29.25,87.85,0.11,28.56,50.35,19.66,14.9,3.86,8.93,16.28,21.15,11.54,2.49,2.7,0.15,2.25,2.76,5.49
2023/10/7,87.43,63.95,94.21,73.18,88.13,50.04,53.07,43.2,146.01,0.1,48.93,74.51,34.93,25.06,6.18,16.03,25.4,35.28,19.06,3.03,4.71,0.21,1.67,2.26,4.82
2023/10/8,90,64.94,94.92,76.48,91.87,50.41,55.6,43.02,151.51,0.1,51.39,76.29,37.23,25.57,6.33,16.62,25.74,37.62,19.61,2.85,4.92,0.21,1.66,2.14,4.66
2023/10/9,94.21,69.75,96.69,81.14,97.62,52.43,57.87,42.85,160.43,0.1,52.67,79.74,39.23,26.74,6.8,17.55,26.54,37.02,20.81,2.82,5.16,0.22,1.86,1.94,4.15
2023/10/10,98.94,70.47,97.47,83.76,99.68,52.67,60.95,42.42,161.55,0.11,52.53,80.9,40.53,26.8,6.8,17.4,26.68,37.03,20.96,2.84,5.2,0.22,1.99,1.88,3.74
2023/10/11,99.1,70.77,98.08,83.87,99.86,52.13,61.15,41.85,161.97,0.11,52.67,80.86,40.83,26.8,6.79,17.5,26.58,37.35,20.84,2.86,5.15,0.22,2.14,1.91,3.88
2023/10/12,99.16,71.3,98.8,83.78,99.51,52.62,60.78,42.28,161.97,0.11,52.53,81.12,40.24,26.79,6.74,17.57,26.26,36.95,20.62,2.79,5.13,0.22,1.76,1.89,3.88
2023/10/13,105.61,76.85,111.43,89.18,107.13,57.16,67.13,46.5,176.9,0.11,57.91,88.86,43.22,29.35,7.13,18.87,28.92,40.81,22.33,3.61,5.44,0.24,2.46,2.42,4.49
2023/10/14,73.16,47.23,87.81,57.43,67.98,42.31,60.45,26.68,110.37,0.13,32.72,58.1,25.51,18.55,4.85,10.65,17.41,25.42,13.66,2.31,3.3,0.16,7.69,1.79,3.47
2023/10/15,65.07,43.78,82.26,52.7,61.65,39.36,52,26.22,99.22,0.12,30.32,54.21,23.63,16.74,4.44,9.97,16.66,23.54,12.74,2.48,3,0.17,6.14,2.23,4.15
2023/10/16,98.39,73.51,101.52,85.05,101.18,54.44,61.42,43.39,166.09,0.11,54.23,83.62,40.36,27.49,7.02,18.15,27.22,37.61,21.46,2.99,5.22,0.24,3.08,2.28,4.04
2023/10/17,103.37,74.39,101.79,88.11,103.66,54.49,64.38,42.94,167.2,0.13,53.56,83.64,41.6,27.18,7.03,18.06,26.93,37.61,21.27,2.87,5.18,0.23,2.8,2.12,3.7
2023/10/18,104.71,75.4,103.48,88.84,104.7,55.04,65.73,42.92,169.64,0.13,53.82,84.73,41.77,27.28,6.96,18.41,26.77,38.19,21.34,2.88,5.19,0.24,3,2.28,3.88
2023/10/19,104.67,74.69,102.5,87.67,102.72,55.15,64.94,43.05,167.37,0.2,53.66,83.39,40.75,27.04,6.94,18.14,26.77,37.81,21.18,2.84,5.17,0.22,3.04,2.25,3.91
2023/10/20,110.37,80.66,115.63,92.23,110.06,59.91,70.08,48.37,183.43,0.17,59.29,92.65,43.59,29.97,7.28,19.52,29.2,41.73,22.74,3.65,5.48,0.25,3.57,2.78,4.71
2023/10/21,75.78,49.05,91.75,60.05,70.2,43.01,61.68,27.36,116.03,0.35,33.85,60.27,25.95,19.5,4.9,11.02,17.76,26.49,14.09,2.39,3.36,0.15,9.35,2.02,3.65
2023/10/22,65.54,45.72,84.43,53.47,63.42,39.75,53.17,27.12,103.52,0.24,31.13,55.57,23.82,17.58,4.48,10.06,16.73,24.03,13.11,2.51,3.02,0.16,7.98,2.29,4.13
2023/10/23,98.03,72.8,101.58,84.97,100.86,54.43,61.92,43.64,167.12,0.11,54.31,83.05,40.35,27.67,7.03,18.3,27.32,37.68,21.37,3,5.24,0.23,4.81,2.13,4.01
2023/10/24,101.36,71.84,100.28,85.73,101.78,53.58,63.25,42.86,166.05,0.15,53.33,82.37,40.5,27.15,7,17.95,27.01,37.7,21.28,2.88,5.21,0.23,4.18,2.02,3.8
2023/10/25,101.46,71.94,100.8,86.05,101.78,53.58,63.85,42.51,167.84,0.12,53.69,83.02,42.15,27.23,6.96,18.13,26.87,38.3,21.38,2.86,5.2,0.23,4.42,2.17,4
2023/10/26,102.09,72.1,101.46,86.02,101.48,54.64,64.21,42.57,166.72,0.12,53.41,83.13,42.55,27.18,6.97,18.05,26.76,37.88,21.26,2.84,5.25,0.23,4.56,2.16,4.02
2023/10/27,108.82,78.51,113.79,91.04,108.62,59.22,69.72,47.57,181.16,0.17,58.15,91.24,45.05,29.74,7.35,19.45,29.35,41.4,22.75,3.61,5.47,0.26,4.95,2.69,4.94
2023/10/28,75.82,49.65,91.37,60.99,70.5,44.09,65.26,27.68,115.82,0.16,33.54,59.48,26.75,19.73,5.07,10.87,17.81,26.41,14.16,2.42,3.45,0.16,9.63,2.02,3.8
2023/10/29,65.03,46.47,83.07,53.69,62.52,39.76,53.85,26.63,102.12,0.14,30.98,53.62,23.77,17.34,4.47,10.12,16.51,23.93,12.74,2.54,3.13,0.15,7.37,2.23,4.19
2023/10/30,96.83,71.44,99.8,83.7,99.9,53.7,59.55,42.8,164.68,0.13,53.84,82.33,39.77,27.46,7.13,18.12,27.07,37.48,21.52,2.97,5.25,0.23,3.91,2.22,3.91
2023/10/31,100.06,70.29,97.85,84.22,100.67,53.88,60.54,42.25,163.49,0.14,52.82,81.41,39.54,26.99,6.9,17.7,26.72,37.68,20.94,2.82,5.21,0.22,3.52,1.97,3.57
2023/11/1,99.26,70.17,98.12,83.86,100.2,52.15,60.55,41.97,163.17,0.14,53.03,81.08,39.57,26.85,6.89,17.66,26.63,37.81,21.02,2.83,5.19,0.21,3.49,2.07,3.45
2023/11/2,97.58,67.28,98.69,83.51,99.71,52.8,59.3,42.16,162.93,0.11,52.59,80.81,39.36,26.98,6.87,17.78,26.7,37.44,20.91,2.83,5.18,0.22,3.43,2.06,3.58
2023/11/3,105.71,76.59,111.32,88.95,107.3,57.55,65.9,47.47,178.68,0.12,56.74,89.59,42.8,29.64,7.25,19.2,28.98,40.82,22.42,3.6,5.41,0.24,4.32,2.39,4.49
2023/11/4,68.34,45.09,84.25,56.63,65.5,39.99,56,25.85,108.73,0.12,31.41,55.01,24.47,18.54,4.71,10.17,16.72,24.86,13.22,2.17,3.26,0.15,9.03,1.73,3.54
2023/11/5,50.67,35.56,65.27,43.14,49.19,32.28,36.88,22.83,81.37,0.07,25.38,44.69,18.95,13.66,3.53,8.23,13.8,19.23,10.3,2.09,2.52,0.13,2.67,1.96,3.92
2023/11/6,95.49,70.87,98.33,82.87,98.39,52.48,57.74,42.82,163.23,0.1,53.26,81.78,39.38,27.27,6.96,17.94,26.9,37.32,21.18,2.88,5.22,0.22,3.08,2.05,3.86
2023/11/7,98.78,70.06,97.25,84.27,99.95,52.28,60.04,42.13,163.19,0.11,52.66,81.37,39.65,26.98,6.99,17.82,26.64,37.57,21.22,2.77,5.24,0.23,3.23,1.92,3.48
2023/11/8,100.01,70.86,98.47,84.72,100.36,52.22,60.77,42.13,164.28,0.11,53.05,81.78,39.9,27.31,6.97,17.97,26.68,37.9,21.32,2.79,5.24,0.23,3.18,2,3.67
2023/11/9,99.45,70.91,98.04,84.6,99.52,52.61,60.29,41.96,163.43,0.12,52.79,81.59,39.71,26.95,6.87,17.88,26.29,37.69,20.93,2.74,5.21,0.22,2.68,1.97,3.74
2023/11/10,105.4,76.48,110.29,89.3,105.96,57.14,64.56,47.04,177.23,0.12,58.28,89.51,42.98,29.61,7.1,19.29,28.85,41.35,22.1,3.51,5.47,0.24,2.8,2.43,4.62
2023/11/11,67.95,43.18,80.53,55.11,62.83,38.7,52.7,25.24,106.47,0.11,30.84,54.63,24.49,17.38,4.66,9.92,17.41,24.46,13.38,2.19,3.24,0.16,5.26,1.73,3.52
2023/11/12,58.66,38.95,72.62,48.82,55.22,35.51,44.04,24.74,93,0.1,28.05,49.74,21.63,15.52,4.35,9.01,16.29,21.62,11.91,2.41,2.86,0.15,3.65,1.96,4.02
2023/11/13,93.69,70.01,96.35,82.94,98.37,51.6,56.67,42.15,163.66,0.11,53.18,81.14,39.39,27.37,7.06,17.93,26.59,37.49,21.34,2.84,5.23,0.23,2.33,1.93,3.84
2023/11/14,98.23,69.56,95.98,83.79,99.61,51.79,59.17,41.85,164.07,0.11,52.9,81.13,39.65,26.96,6.98,17.75,26.59,37.72,21.27,2.78,5.21,0.22,2.23,1.81,3.44
2023/11/15,97.64,69.6,95.79,83.63,99.25,51.44,59.07,41.52,164.68,0.11,53,81.03,39.8,26.78,6.93,17.75,26.35,37.83,21.12,2.74,5.18,0.23,2.09,1.91,3.69
2023/11/16,97.59,69.8,96.77,83.84,99.17,52.07,59.55,41.84,164.89,0.11,52.99,81.22,39.65,26.77,6.87,17.84,26.44,37.72,21.14,2.74,5.18,0.22,2.01,2.01,3.88
2023/11/17,102.84,75.67,109.18,88.31,105.06,56.14,63.4,47.25,177.06,0.12,58,88.63,42.39,29.44,7.16,19.16,28.57,41.21,22.5,3.52,5.37,0.24,2.03,2.49,4.66
2023/11/18,66.52,42.13,78.02,54.27,62.18,37.89,51.5,24.85,103.48,0.11,30.57,53.74,23.65,17.05,4.54,9.9,16.31,23.74,13.07,2.2,3.13,0.17,3.66,1.69,3.56
2023/11/19,59.12,38.88,72.66,48.75,55.89,35.45,45.23,24.48,92.75,0.11,27.88,50.76,22.09,15.47,4.36,9.15,15.5,21.51,12.12,2.42,2.76,0.17,3.03,2.07,4.1
2023/11/20,93.39,70.03,96.74,82.36,98.12,51.92,57.04,42.41,163.21,0.11,53.56,81.06,39.59,27.14,7.01,18.03,26.72,37.52,21.42,2.89,5.18,0.24,1.76,2.06,4.06
2023/11/21,96.8,68.76,95.01,83.26,98.36,51.38,59.06,41.64,161.99,0.11,51.79,80.15,39.55,26.46,6.91,17.68,26.33,37.2,21.14,2.77,5.14,0.22,1.63,1.8,3.58
2023/11/22,96.2,68.66,95.23,82.79,97.7,50.98,57.94,41.3,161.59,0.11,52.47,79.95,39.35,26.5,6.84,17.59,26.13,37.47,20.91,2.74,5.11,0.23,1.6,1.94,3.64
2023/11/23,92.82,66.88,93.08,80.51,94.78,49.72,55.62,40.62,157.18,0.1,51.26,78.08,38.54,25.8,6.65,17.26,25.44,36.64,20.21,2.62,4.98,0.22,1.22,1.86,3.85
2023/11/24,99.46,72.59,104.7,85.61,101.87,54.13,61.06,45.22,171.26,0.11,56.29,86.01,42,28.22,7.02,18.6,27.75,39.99,21.75,3.32,5.25,0.23,1.39,2.39,4.56
2023/11/25,59.44,36.75,68.57,49.09,55.85,34.22,44.27,22.67,93.46,0.1,27.85,49.64,21.91,14.72,4.25,9.01,15.02,21.64,11.79,1.99,2.84,0.15,1.51,1.62,3.55
2023/11/26,53.63,34.92,66.25,45.14,51.61,32.68,39.13,23.22,85.65,0.09,26.09,46.56,20.52,13.83,3.97,8.63,14.81,20.27,11.22,2.6,2.73,0.14,1.31,1.9,3.97
2023/11/27,90.7,65.46,93.71,80.61,96.26,50.07,54.83,41.4,159.3,0.11,51.94,79.04,38.8,26.26,6.85,17.69,26.09,36.55,20.79,2.75,5.06,0.22,1.36,1.93,3.91
2023/11/28,93.76,65.45,92,81.22,96.55,49.95,56.18,40.98,157.84,0.12,51.73,78.92,39.66,25.87,6.76,17.26,25.69,36.74,20.62,2.6,5.06,0.22,1.27,1.74,3.59
2023/11/29,92.1,64.63,91.67,80.44,95.59,49.27,55.4,40.19,158.12,0.11,51.28,78.21,39.41,25.67,6.72,17.29,25.56,36.76,20.28,2.61,5.02,0.21,1.23,1.85,3.73
2023/11/30,92.06,64.68,92.1,80.27,95.74,49.75,55.58,40.71,157.86,0.15,51.14,78.5,39.29,25.67,6.66,17.36,25.61,36.68,20.27,2.61,5.06,0.21,1.19,1.9,3.95
2023/12/1,97.47,69.42,103.18,84,100.97,53.51,60.05,45.01,169.62,0.18,56.05,85.19,41.93,27.86,6.97,18.53,27.57,39.82,21.72,3.28,5.23,0.22,1.29,2.29,4.54
2023/12/2,59.05,36.56,67.44,48.79,55.65,34.21,44.88,22.25,92.57,0.18,27.56,48.62,22.1,14.41,4.19,8.92,14.77,21.44,11.88,1.9,2.79,0.13,1.52,1.5,3.34
2023/12/3,52.75,34.42,65.29,44.22,50.75,32.51,39.2,22.46,84.38,0.1,26.3,45.56,20.01,13.83,3.9,8.47,14.44,19.89,11.02,2.26,2.65,0.14,1.27,1.79,3.91
2023/12/4,89.45,64.79,92.24,79.67,95.54,49.76,54.24,41.21,158.59,0.1,52.24,78.41,38.46,26.31,6.75,17.73,26.13,36.76,20.79,2.77,5.04,0.22,1.26,1.8,4.05
2023/12/5,93.33,64.46,91.8,80.65,95.96,49.6,55.52,40.44,158.13,0.11,51.43,78,38.47,25.92,6.77,17.39,25.79,36.66,20.65,2.67,5.05,0.21,1.23,1.68,3.59
2023/12/6,93,64.63,91.85,80.7,96.24,49.56,56.25,40.31,158.67,0.11,51.8,78.24,38.65,25.81,6.73,17.43,25.8,36.86,20.63,2.64,5.05,0.21,1.25,1.84,3.76
2023/12/7,93.14,64.76,92.5,80.71,96.26,49.57,56.31,40.51,159.29,0.1,51.81,78.52,38.65,25.8,6.75,17.5,25.87,36.98,20.53,2.67,5.1,0.21,1.23,1.83,4.01
2023/12/8,98.76,70,103.8,85.31,102.28,53.91,60.51,44.78,171.83,0.11,55.94,85.57,41.72,28.15,7.01,18.71,27.99,39.89,21.86,3.4,5.28,0.23,1.34,2.32,4.66
2023/12/9,62.16,37.84,70.8,50.84,57.55,35.18,45.45,23.07,96.82,0.08,28.78,51.01,22.04,15.21,4.56,9.36,15.27,21.99,12.41,2.08,2.85,0.15,1.52,1.57,3.71
2023/12/10,51.28,33.4,63.38,43.18,49.16,31.58,36.11,22.08,82.61,0.13,25.5,44.31,19.34,13.31,3.71,8.28,14.05,19.21,10.81,2.12,2.51,0.13,1,1.9,4.06
2023/12/11,98.54,70.89,101.81,87.88,103.94,55.66,60.59,44.69,174.54,0.12,56.89,87.85,42.91,29.43,7.51,19.14,27.97,40.13,22.97,3.2,5.5,0.34,1.54,2.24,4.33
2023/12/12,98.18,67.72,96.72,85.28,100.47,53.08,58.71,42.37,167.29,0.12,53.8,83.38,40.68,27.11,7.12,18.14,27.04,38.02,21.96,2.89,5.23,0.27,1.24,1.78,3.74
2023/12/13,95.27,65.25,95.05,81.97,97.05,50.41,59.81,41,159.88,0.14,51.55,80.61,40.59,27.34,6.95,16.87,26.2,37.85,21.62,2.95,5.25,0.3,1.38,1.46,3.49
2023/12/14,101.04,68.73,98.33,85.57,100.93,53.38,64.28,42.34,169.34,0.21,53.08,85.08,41.96,28.85,7.49,17.54,26.71,34.26,23.57,2.87,5.32,0.45,1.5,2.11,4.32
2023/12/15,101.1,70.59,102.1,84.45,102.53,54.88,65.08,44.47,170.31,0.13,52.85,87.26,42.24,29.93,7.48,17.83,27.4,25.08,23.82,3.32,5.5,0.45,1.41,2.8,4.53
2023/12/16,55.1,34.05,65.14,46.6,53.07,33.63,40.46,21.94,88.37,0.09,24.37,47.14,20.21,14.2,4.09,8.39,14.6,17.35,11.65,1.92,2.8,0.16,1.16,1.9,3.91
2023/12/17,50.09,31.48,60.84,41.63,48.38,31.29,36.06,20.49,80.55,0.08,23.08,42.99,18.66,12.79,3.77,7.78,13.63,16.96,10.66,2.02,2.59,0.15,1,1.86,3.85
2023/12/18,93.41,67.22,96.22,83.55,99.86,52.77,57.04,42.62,165.55,0.13,53.94,82.88,40.21,27.76,7.19,18.28,26.85,37.37,22.07,2.84,5.3,0.31,1.27,1.94,3.93
2023/12/19,96.69,67.67,95.33,83.74,99.42,52.26,58.28,41.8,164.32,0.13,52.78,81.8,39.67,27.32,7.02,17.9,26.22,37.13,21.37,2.65,5.17,0.29,1.22,1.82,3.72
2023/12/20,96.02,67.51,95.27,84.02,99.52,52.3,58.28,41.81,164.56,0.13,53.13,82.1,39.64,27.15,6.95,18.17,26.09,37.38,21.23,2.66,5.17,0.27,1.21,1.94,3.86
2023/12/21,95.36,67.46,95.61,83.62,98.79,52.26,58.05,41.75,164.22,0.14,52.9,81.56,39.45,27.06,6.88,18.14,26.04,37.28,21.12,2.65,5.11,0.28,1.22,1.94,3.98
2023/12/22,102.2,73.54,106.79,89.31,105.92,56.57,63.47,46.02,177.81,0.18,57.79,88.97,42.62,29.52,7.22,19.39,28.27,40.96,22.48,3.33,5.39,0.3,1.31,2.29,4.62
2023/12/23,60.39,37.03,69.62,51.1,58.32,35.97,45.12,22.76,96.86,0.68,27.91,50.43,21.66,14.73,4.29,9.18,21.25,14.87,12.06,1.88,2.91,0.15,1.11,1.79,3.75
2023/12/24,56,34.82,67.24,47.52,54.67,34.59,40.66,22.4,91.11,0.35,26.53,49.09,20.35,13.62,4.02,8.54,19.51,14.73,11.41,2.11,2.77,0.14,0.98,1.86,3.78
2023/12/25,96.02,69.34,100.52,84.98,101.77,53.7,59.91,42.97,168.41,0.12,55.03,84.29,40.17,27.73,7.09,18.73,38.49,27.14,21.65,2.84,5.22,0.26,1.26,1.92,4.17
2023/12/26,99.32,69.47,96.69,85.01,100.46,53.12,60.66,42.15,165.34,0.11,53.51,82.33,39.55,27.13,7.05,18.39,37.67,26.62,21.29,2.71,5.21,0.26,1.24,1.9,4.08
2023/12/27,99.07,69.89,98.05,85.54,100.95,53.35,60.87,42.6,166.1,0.12,54.06,82.3,39.64,27.2,7.02,18.56,37.8,26.54,21.29,2.7,5.2,0.25,1.26,2.08,4.3
2023/12/28,99.02,70.69,100.09,85.08,100.68,54.57,60.95,43.59,166.91,0.12,54.41,82.82,39.44,27.37,7.02,18.79,37.93,26.63,21.17,2.72,5.15,0.25,1.25,2.26,4.71
2023/12/29,103.69,77.6,115.42,88.65,106.07,59.08,65.61,49.99,177.8,0.13,59.1,91.85,41.54,29.33,7.42,20,40.12,28.22,22.65,3.52,5.31,0.26,1.35,3.01,5.53
2023/12/30,66.85,45.23,80.5,54.03,60.88,40.07,57.06,25.98,103.8,0.46,29.26,54.31,22.24,17.05,8.87,9.84,21.65,15.34,13.05,2.1,2.89,0.14,1.35,2.56,4.34
2023/12/31,74.32,43.93,80.72,53.83,65.41,39.65,62.98,23.51,106.77,1.14,27.27,56.42,22.24,17.03,9.51,9.36,21.55,15.47,12.89,2.11,3.1,0.12,1.76,1.74,3.86
2024/1/1,59.5,39.76,73.19,46.63,52.74,36.76,47.14,26.09,89.12,0.47,26.02,50.07,19.36,15.45,7.59,8.75,19.52,14.6,11.43,2.23,2.83,0.14,1.37,2.46,5.08
2024/1/2,94.65,67.83,95.77,80.74,96.78,52.95,58.37,44.22,166.58,0.6,53.21,81.45,38.65,29.29,11.33,18.34,26.32,36.8,21.18,2.82,5.14,0.24,1.21,2.22,4.73
2024/1/3,95.86,67.47,92.93,81.61,98.51,51.73,59.26,41.89,167.66,0.61,52.79,80.47,38.96,28.98,11.3,18.3,26.32,36.94,21.12,2.7,5.23,0.24,1.28,1.91,4.17
2024/1/4,95.84,67.32,92.74,81.17,98.2,51.23,59.05,41.65,167.11,0.61,53.25,79.94,38.98,28.67,11.18,18.2,26.29,37.46,20.95,2.67,5.18,0.24,1.28,1.81,3.87
2024/1/5,100.64,71.31,101.47,85.02,103.3,54.63,62.82,44.83,177.63,0.61,56.45,86,41.48,30.96,11.93,19.13,28.01,39.69,22.22,3.33,5.39,0.25,1.31,2.04,4.25
2024/1/6,58.75,37.14,66.9,48.23,54.34,34.38,43.74,22.27,95.07,0.42,27.29,47.11,20.56,16.16,7.72,9.06,14.26,20.24,11.74,1.8,2.89,0.13,1.24,1.67,3.61
2024/1/7,51.65,33.77,61.34,42.48,48.56,31.83,38.24,21.18,84.17,0.38,24.19,42.76,18.34,14.53,6.75,8.22,13.22,17.63,10.74,1.92,2.57,0.14,1.13,1.87,4.03
2024/1/8,95.47,68.76,95.51,81.9,98.84,53.1,58.75,42.24,170.35,0.61,54.07,81.96,39.42,29.49,11.53,18.87,26.85,37.89,21.46,2.82,5.16,0.26,1.28,1.99,4.33
2024/1/9,99.16,68.86,95,82.9,99.11,52.95,61.31,41.98,169.74,0.61,53.5,81.39,39.43,29.08,11.49,18.61,26.69,37.92,21.14,2.77,5.18,0.24,1.27,2.03,4.19
2024/1/10,99.42,69.14,96.34,83.28,99.73,53.37,61.88,42.1,172.05,0.61,54.08,82.15,39.75,29.46,11.75,18.74,26.7,38.56,21.18,2.8,5.28,0.25,1.3,2.12,4.52
2024/1/11,100.94,70.95,97.98,84.79,100.2,54.3,64.48,42.52,172.39,0.62,54.18,82.64,39.93,29.16,11.9,18.74,26.66,38.7,21,2.84,5.26,0.25,1.33,2.22,4.44
2024/1/12,104.92,73.93,106.48,86.54,104.17,57.35,66.93,46.1,181.67,0.64,57.54,88.16,41.58,31.25,12.54,19.48,27.92,40.3,22.03,3.35,5.38,0.27,1.37,2.44,4.87
2024/1/13,63.75,41.15,73.74,51.71,58.03,37.83,51.83,24.21,102.67,0.48,28.57,51.77,21.87,16.9,8.46,9.73,15.03,20.93,12.43,2.02,2.99,0.15,1.35,2.05,4.08
2024/1/14,59.56,37.84,68.74,46.34,52.16,35.88,45.27,23.14,91.87,0.43,25.15,47.33,19.39,15.61,7.37,8.98,13.88,18.4,11.27,2.03,2.73,0.14,1.23,2.06,4.35
2024/1/15,98.13,70.67,98.55,82.55,99.35,55.86,61.82,43.28,172.57,0.63,54.01,82.68,39.49,29.73,11.94,19.14,26.94,37.81,21.37,2.96,5.25,0.26,1.33,2.2,4.57
2024/1/16,102.73,70.54,97.82,83.61,99.91,55.14,64.26,42.9,171.74,0.66,53,82.49,39.37,29.46,11.84,18.86,26.58,37.46,21.07,2.84,5.26,0.24,1.31,2.09,4.28
2024/1/17,102.61,70.19,97.44,83.44,99.14,55.3,64.17,42.53,170.96,0.62,52.74,82.01,39.22,29.26,11.8,18.74,26.18,37.24,20.94,2.77,5.21,0.25,1.29,2.16,4.42
2024/1/18,102.8,70.75,98.13,83.36,99.03,55.47,64.48,42.25,169.93,0.64,52.54,81.59,38.99,29.14,11.78,18.69,25.98,36.96,20.8,2.81,5.16,0.24,1.28,2.15,4.31
2024/1/19,104.64,72.94,104.96,85.41,101.98,56.84,66.18,45.06,177.27,0.63,54.52,85.97,40.04,30.75,12.33,19.18,26.66,37.67,21.58,3.02,5.25,0.24,1.28,2.31,4.67
2024/1/20,64.9,42.06,75.15,52.52,59.43,39.12,53.06,24.72,103.26,0.48,28.28,52.11,21.88,17.32,8.41,9.81,15.1,20.27,12.34,2,3.02,0.14,1.28,1.97,3.81
2024/1/21,56.85,37.19,67.03,44.87,50.3,35.1,43.96,23.05,87.46,0.4,23.51,45.8,18.37,14.86,6.85,8.47,13.11,16.39,10.37,1.83,2.56,0.12,0.98,1.98,3.95
2024/1/22,95.85,69.89,97.01,80.58,96.28,54.06,61.36,42.44,168.05,0.63,52.43,80.3,38.43,28.85,11.64,18.03,26.17,36.01,20.66,2.83,5.13,0.24,1.21,2.05,3.91
2024/1/23,101.96,70.07,96.57,82.75,97.9,54.06,65.3,41.89,168.16,0.63,51.64,80.67,38.55,28.8,11.64,18,25.88,35.8,20.47,2.66,5.1,0.23,1.2,2.09,3.89
2024/1/24,103.35,71.05,98.55,83.53,99.04,54.82,67.26,42.29,170.21,0.64,52.08,81.49,38.95,29.01,11.85,18.26,25.94,35.97,20.69,2.75,5.15,0.23,1.28,2.12,4.07
2024/1/25,104.95,71.47,99.04,83.89,98.76,55.32,67.08,42.35,169.67,0.63,51.99,81.33,38.65,28.73,11.72,18.34,25.77,35.7,20.45,2.75,5.14,0.23,1.32,2.22,4.11
2024/1/26,105.71,73.81,105.51,85.3,101.55,56.88,68.97,45.35,176,0.65,54.08,85.68,39.81,30.26,12.18,18.8,26.29,36.73,21.33,2.94,5.27,0.22,1.34,2.26,4.28
2024/1/27,68.72,44.05,78.27,54.29,61.3,40.34,57.58,26.02,104.63,0.52,28.16,53.97,22.06,18.11,8.34,10.07,15.31,19.62,12.19,1.95,3.12,0.15,1.45,1.92,3.69
2024/1/28,62.06,40.55,73.31,48.79,55.09,37.9,51.66,24.69,93.72,0.48,25.15,48.88,19.74,16.2,7.57,9.09,13.95,17.13,11.19,1.87,2.76,0.14,1.34,1.89,3.77
2024/1/29,99.01,71.32,99.37,81.11,96.79,54.81,65.09,42.47,168.56,0.65,52.05,80.43,38.43,28.72,11.8,18.18,25.91,35.21,20.53,2.79,5.16,0.24,1.32,2.07,4.05
2024/1/30,103.06,70.55,97.81,82.32,97.2,54.27,67.33,42.46,165.99,0.63,50.7,79.61,38.06,28.25,11.47,17.71,25.22,34.76,19.99,2.66,5.1,0.23,1.28,2.09,3.93
2024/1/31,102.68,71.19,98.35,81.82,97.01,54.38,66.45,42.65,166.84,0.65,51.18,80.13,37.73,28.27,11.39,17.74,25.17,34.59,19.98,2.64,5.05,0.22,1.25,2.14,4.24
2024/2/1,99.85,69.77,95.64,79.04,93.45,53.13,64.39,41.99,160.84,0.61,50.07,77.88,36.57,27.3,10.93,17.33,24.31,33.56,19.26,2.59,5.01,0.21,1.18,2.05,4.1
2024/2/2,98.93,70.45,97.89,79.16,94.67,53.05,65.44,42.51,163.83,0.61,51.04,79.05,37.01,28.1,11.13,17.45,24.12,33.53,19.56,2.63,4.95,0.22,1.21,2.14,4.28
2024/2/3,58.59,40.03,68.14,47.14,52.46,36.23,48.46,23.85,89.31,0.44,24.06,46.16,18.23,15.47,7.17,8.93,13.41,15.86,10.47,1.75,2.72,0.12,1.16,1.98,3.8
2024/2/4,83.96,59.47,83.46,66.42,79.42,45.18,56.91,36.29,134.96,0.54,42.22,65.12,30.89,23.27,9.11,14.61,20.65,27.79,16.17,2.31,4.26,0.18,1.07,2.01,3.89
2024/2/5,81.62,63.15,83.72,66.94,79.68,46.95,55.12,36.58,138.32,0.54,42.93,66.81,30.64,22.83,9.3,15.63,20.55,27.34,16.39,2.27,4.21,0.18,1.03,2.18,4.28
2024/2/6,79.78,58.88,79.07,62.11,73.38,43.75,52.66,35.03,124.4,0.54,37.68,61.9,27.21,20.88,8.28,14.17,18.38,23.47,14.64,2.18,3.77,0.17,0.94,2.26,4.31
2024/2/7,68.07,51.69,69.11,51.96,60.78,38.51,45.09,29.97,102.79,0.47,30.31,52.12,21.64,17.06,6.76,12.33,14.98,17.98,11.55,1.97,3.05,0.13,0.84,2.28,4.41
2024/2/8,51.71,39.77,53.53,38.06,44.5,30.11,34.58,22.81,73.8,0.37,20.56,38.26,15.04,12.15,4.87,9.35,10.87,11.96,8.17,1.63,2.21,0.1,0.64,2.14,4.12
2024/2/9,25.72,20.4,29.21,20.67,21.77,17.67,19.65,11.15,37,0.22,8.96,18.46,6.55,5.85,2.49,5.03,5.4,5.47,3.73,0.96,1.18,0.04,0.42,2.16,3.51
2024/2/10,40.3,25.38,34.89,28.34,23.36,20.46,33.42,10.27,35.05,0.42,7.77,21.06,6.73,6.06,2.87,4.43,5.87,4.82,3.48,0.96,1.36,0.03,0.85,1.84,3.19
2024/2/11,51.32,36.94,48.94,38.09,31.96,24.19,45.11,13.27,44.78,0.54,10.76,24.72,9.07,7.74,3.46,5.77,6.86,6.15,4.2,1.17,1.5,0.04,0.98,1.86,3.3
2024/2/12,59.57,39.85,59.65,41.1,36.57,27.64,55.88,15.79,52.54,0.55,12.01,28.48,9.9,8.82,3.81,6.62,7.51,6.94,4.5,1.23,1.58,0.05,1.14,1.92,3.46
2024/2/13,65.19,42.99,67.04,43.38,40.15,30.91,62.05,18.36,59.09,0.62,13.27,31.66,10.95,9.66,4.17,7.17,8.38,7.55,4.94,1.32,1.71,0.05,1.24,2.1,3.6
2024/2/14,63.21,41.7,66.65,42.05,40.09,31.85,58.65,19.22,61.18,0.53,13.89,32.37,11.04,9.96,4.27,7.12,8.38,8.04,5.13,1.37,1.71,0.05,1.04,2.03,3.85
2024/2/15,60.8,41.35,66.84,41.02,41.13,33.09,54.24,20.47,64.21,0.67,15.15,34.25,11.87,10.76,4.43,7.26,9.09,8.86,5.81,1.47,1.81,0.06,1.28,2.03,3.87
2024/2/16,56.91,39.31,64.81,40.54,41.5,32.88,47.74,21.54,67.2,0.76,16.75,35.69,12.64,11.4,4.7,7.42,9.69,10.26,6.69,1.51,2,0.08,1.28,2.25,4.22
2024/2/17,52.77,36.97,64.07,37.95,42.6,32.96,42.25,23.69,72.09,0.71,19.69,38.92,13.86,12.64,5.19,7.68,10.78,12.59,8.25,1.66,2.27,0.1,1.15,2.54,4.79
2024/2/18,75.85,54.25,79.85,59.22,69.52,43.63,49.86,34.85,120.05,0.49,36.88,59.84,26.17,20.68,8.32,13.18,18.65,24.67,14.54,2.28,3.76,0.15,0.96,2.54,4.78
2024/2/19,85.11,62.63,88.03,69.46,82.53,48.54,54.5,38.76,145.89,0.57,45.64,69.8,32.51,24.66,10.08,15.71,22.42,30.68,17.52,2.5,4.58,0.2,1.05,2.33,4.49
2024/2/20,96.62,66.02,91.92,75.43,90.33,51.46,60.33,40.45,157.01,0.64,48.17,75.23,35.6,26.39,10.72,16.37,23.87,33.26,18.99,2.58,4.88,0.21,1.12,2.27,4.29
2024/2/21,103.5,71.75,97.33,82.53,98.07,56.06,66.35,43.9,170.61,0.71,51.44,81.9,38.96,29.75,11.99,17.72,25.49,35.4,21.52,2.84,5.3,0.36,1.47,2.4,4.73
2024/2/22,99.09,68.44,93.55,78.28,93.8,52.13,62.61,41.02,161.98,0.66,50.28,76.84,37.22,27.65,11.2,17.13,25.29,34.76,19.67,2.74,5.08,0.24,1.23,2.13,4.15
2024/2/23,101.66,72.01,101.18,81.09,98.58,54.45,64.98,44.88,171.15,0.78,53.57,81.77,38.67,29.86,11.92,18.15,26,36.9,20.81,3,5.21,0.24,1.28,2.24,4.38
2024/2/24,64.32,41.37,72.17,51.78,64.93,40.69,57.44,25.16,98.25,1.23,28.31,47.89,20.04,17.68,8.23,9.72,15.56,21.08,11.89,1.79,3.22,0.13,1.5,2.07,3.8
2024/2/25,55.94,39.63,71.01,44.2,52.86,36.06,41.42,27.11,92.36,0.58,28.47,47.99,18.89,15.71,6.84,9.27,14.39,21.35,10.63,1.99,2.73,0.14,1.37,2.44,4.7
2024/2/26,92.03,68.66,95.14,79.36,97.15,52.89,56.67,43.67,169.64,0.64,53.83,80.6,38.47,29.66,11.84,18.6,26.33,37.13,20.86,2.82,5.2,0.24,1.23,2.39,4.63
2024/2/27,97.39,68.14,93.66,80.72,97.96,52.6,59.09,42.58,168.73,0.65,52.42,80.22,38.86,29.19,11.92,18.27,26.08,36.82,20.82,2.72,5.2,0.25,1.26,2.15,4.18
2024/2/28,97.7,69.74,93.79,81.8,98.37,52.6,59.76,42.04,170.62,0.68,52.55,81.12,40.92,29.48,11.99,18.39,26.22,37.2,21.05,2.71,5.24,0.26,1.26,2.2,4.22
2024/2/29,98.22,70.29,94.36,82.41,98.42,52.95,59.83,42.3,171.27,0.84,52.57,81.13,41.16,29.23,11.99,18.44,26.17,37.16,21.05,2.69,5.22,0.26,1.28,2.23,4.28
2024/3/1,103.58,75.45,105.51,86.6,105.15,56.71,64.72,46.2,186.11,0.87,57.17,88.93,43.26,32.04,12.98,19.81,28.41,40.41,22.69,3.38,5.48,0.28,1.42,2.46,4.79
2024/3/2,65.1,43.35,75.81,53.64,62.54,39.37,52.07,24.68,110.01,0.84,30.16,53.36,23.64,18.66,8.66,10.01,16.23,23.09,12.94,2.03,3.23,0.16,2.44,1.94,3.75
2024/3/3,56.4,38.42,69.42,47.33,55.4,35.41,43.79,23.88,97.22,0.75,27.33,48.54,21,16.82,7.62,9.26,15.49,20.8,11.88,2.22,2.84,0.16,2,2.04,4.09
2024/3/4,93.85,69.36,93.4,81.48,98.33,52.16,56.74,42.13,171.29,0.66,52.57,81.23,39.24,29.96,12.49,18.84,27,36.98,21.6,2.81,5.27,0.26,1.29,2,3.95
2024/3/5,96.02,68.01,90.71,81.21,97.4,51.17,57.19,41.1,168.31,0.69,50.91,80.13,38.99,29.3,12.22,18.27,25.97,36.76,20.97,2.56,5.19,0.26,1.18,1.95,3.57
2024/3/6,98.1,68.77,93.88,82.29,99.89,51.9,59.34,41.28,172.13,0.66,52.3,81.84,40.87,29.7,12.47,18.58,26.75,37.41,21.4,2.69,5.28,0.25,1.42,1.98,3.69
2024/3/7,97.99,68.89,93.47,81.65,98.9,51.44,59.23,41.35,170.21,0.67,51.25,80.92,40.53,29.42,12.33,18.55,26.53,36.84,21.04,2.69,5.22,0.26,1.41,2.09,3.89
2024/3/8,108.81,77.29,112.26,89.87,110.6,59.15,69.31,47.19,192,0.71,58.74,93.28,44.52,33.27,13.8,20.47,30.01,41.44,23.5,3.57,5.68,0.28,1.78,2.59,4.89
2024/3/9,64.95,41.35,75.93,53.28,62.78,38.66,53.63,24.05,109.1,0.51,29.43,53.02,24.08,18.92,8.81,9.97,16.55,23.74,12.76,2.07,3.23,0.16,3.09,1.65,3.39
2024/3/10,56.77,37.93,69.88,47.87,55.02,35.79,44.24,23.7,96.66,0.43,27.27,48.72,21.55,16.87,7.67,9.33,15.61,21.17,11.77,2.28,2.92,0.16,2.17,2.06,4.11
2024/3/11,93.52,68.24,93.53,80.52,97.96,51.83,56.83,41.58,170.14,0.66,52.29,80.76,39.08,29.74,12.7,18.64,26.89,36.87,21.09,2.79,5.27,0.25,1.4,1.99,3.76
2024/3/12,97.83,67.61,93.13,81.4,98.55,51.64,59.15,41.41,169.91,0.66,51.47,80.52,39.2,29.57,12.6,18.21,26.68,36.96,21.12,2.7,5.21,0.26,1.53,1.84,3.57
2024/3/13,97.35,68.11,93.9,81.13,98.94,51.42,59.53,41.04,171.44,0.65,51.93,80.81,40.21,29.56,12.63,18.33,26.86,37.36,21.29,2.78,5.23,0.24,1.55,1.99,3.77
2024/3/14,96.9,67.83,93.77,80.87,98.4,51.3,59.06,41.32,169.59,0.66,51.82,80.44,39.96,29.31,12.73,18.31,26.58,37.21,21.01,2.7,5.19,0.24,1.52,2.15,3.83
2024/3/15,102.96,73.8,106.61,85.16,105.4,55.55,64.05,46.19,186.57,0.7,56.95,88.36,42.79,32.05,13.51,19.61,28.84,40.65,22.55,3.48,5.42,0.26,1.59,2.51,4.69
2024/3/16,68.08,43.17,79.34,54.46,65.33,38.77,53.19,24.8,114.05,0.71,30.62,54.76,23.94,19.86,9.29,9.94,16.74,24.1,13.38,2.15,3.19,0.18,2.97,1.89,3.38
2024/3/17,61.82,39.72,74.52,48.79,58.92,37.39,46.92,24.76,102.02,0.56,28.6,50.95,22.06,18.81,8.11,9.29,15.98,22.02,12.1,2.3,2.91,0.16,2.8,2.1,4.02
2024/3/18,95.09,69.4,95.9,80.85,98.24,52.83,57.71,42.29,171.35,0.65,52.5,81.57,39.26,30.25,12.89,18.5,27.1,37.02,21.45,2.82,5.21,0.25,1.5,2.14,3.96
2024/3/19,98.62,68.4,94.6,81.63,98.97,52.72,59.77,41.55,170.3,0.67,51.5,80.95,39.47,29.94,12.53,18.33,26.56,36.83,21.13,2.71,5.19,0.22,1.44,2.05,3.74
2024/3/20,100.32,69.05,96.65,82.99,100.69,53.65,61.91,42.14,174.38,0.66,52.3,82.8,41.18,30.64,12.84,18.61,26.87,37.81,21.4,2.76,5.25,0.24,1.77,2.21,4.03
2024/3/21,98.14,68.48,95.2,81.57,98.36,52.99,60.53,41.44,170.95,0.65,51.74,81.04,40.51,30.09,12.73,18.59,26.47,37.08,20.92,2.73,5.18,0.22,1.55,2.22,4.06
2024/3/22,104.63,73.94,108.4,86.86,106.42,57.5,67.52,46.51,188.05,0.66,56.1,89.51,43.19,33.3,13.79,19.95,29.03,40.58,22.66,3.5,5.46,0.26,2,2.69,4.71
2024/3/23,72.33,44.56,86.01,57.47,69.38,41.63,60.04,27.17,120.48,0.49,31.93,57.27,25.44,25.38,9.41,10.85,17.49,25.53,13.91,2.15,3.31,0.15,5.3,2.01,3.63
2024/3/24,57.39,38.18,72.07,47.36,54.67,35.76,43.87,24.36,97.17,0.39,26.9,49.05,21.28,18.1,7.57,9.17,15.1,20.74,11.67,2.16,2.81,0.14,2.38,2.19,4.11
2024/3/25,94.75,68.79,96.38,81.52,98.91,52.84,58.89,42.45,172.52,0.67,52.7,82.54,41.08,30.82,12.95,18.8,27.21,37.45,21.68,2.85,5.24,0.25,1.6,2.16,4.11
2024/3/26,99.1,68.79,96.24,83.06,99.87,52.92,60.8,41.81,172.5,0.66,52.04,82.63,40.97,30.44,12.9,18.64,26.71,37.32,21.36,2.73,5.22,0.23,1.66,2.17,3.93
2024/3/27,97.77,68.42,96.33,81.99,98.71,52.48,59.83,41.88,172.18,0.66,52.04,81.79,39.52,30.06,12.74,18.73,26.55,37.39,21.11,2.72,5.19,0.23,1.4,2.29,4.17
2024/3/28,99.04,69.14,96.93,82.46,98.85,52.84,61.37,41.97,172.07,0.65,51.36,81.97,39.6,30.38,12.85,18.81,26.44,37.4,21.1,2.7,5.16,0.23,1.52,2.4,4.24
2024/3/29,106.51,74.98,110.6,87.98,107.25,57.38,66.89,47.11,189.14,0.68,57.21,90.48,44.04,33.87,13.69,20.23,29.1,41.31,22.61,3.45,5.46,0.25,1.99,2.83,4.85
2024/3/30,73.91,45.86,87.99,59.37,70.15,41.83,60.69,27.94,123.35,0.51,32.17,60.11,28.17,27.02,9.56,11.08,18.05,26.71,13.75,2.26,3.48,0.17,5.19,2.27,4.07
2024/3/31,64.58,39.23,80.56,52.55,61.88,38.05,50.97,26.95,108.26,0.44,28.75,53.89,25.06,23.91,8.27,10.03,16.71,23.33,12.93,2.29,3.09,0.16,4.23,2.25,4.02
2024/4/1,96.2,69.52,97.4,81.5,99.6,53.39,59.4,43.06,173.4,0.64,52.55,81.99,39.79,31.63,12.93,18.81,27.13,37.38,21.56,2.84,5.25,0.24,1.65,2.15,3.9
2024/4/2,99.74,70.01,98.31,81.97,100.33,53.82,61.06,43.28,173.21,0.68,52.44,81.91,38.91,31.96,12.86,18.73,26.89,37.44,21.4,2.75,5.18,0.24,1.72,2.05,3.89
2024/4/3,106.99,78.15,114.34,87.35,107.86,59.52,67.13,50.66,191.07,0.66,59.01,92.59,42.55,35.21,13.98,20.73,29.75,42.11,23.17,3.65,5.45,0.26,1.96,2.98,5.44
2024/4/4,77.67,51,95.06,55.83,66.45,42,68.78,29.43,115.07,0.48,30.28,57.16,23.06,25.9,8.71,10.82,17.27,24.59,12.11,2.21,3.18,0.16,6.7,2.22,4.15
2024/4/5,80.08,50.39,97.85,55.77,70.09,41.81,71.78,27.21,121.12,0.54,29.3,58.29,23.71,27.19,9.37,10.4,17.65,24.06,12.33,2.25,3.35,0.16,7.43,1.58,3.31
2024/4/6,62.94,44.46,82.37,49.53,59.44,39.51,50.29,28.49,105.91,0.44,29.2,54.32,22.17,21.66,8.32,9.75,16.6,22.95,12.2,2.41,2.94,0.15,3.98,2.37,4.3
2024/4/7,91.73,65.47,97.75,76.57,94.61,51.28,58.29,43.79,165.79,0.64,52.08,80.34,38.52,31.18,12.7,18,26.78,38.01,20.57,2.95,5.03,0.22,2.25,2.42,4.61
2024/4/8,94.59,68.06,95.99,80.36,98.68,52.69,58.61,42.33,172.72,0.7,52.37,82.02,40.95,30.99,13,18.98,27.12,37.08,21.27,2.76,5.25,0.24,1.89,2.21,4.18
2024/4/9,99.82,70.53,97.2,83.41,101.47,53.2,61.89,42.24,174.34,0.7,52.23,82.89,41.57,30.99,13.44,19.01,27.12,37.33,21.32,2.73,5.29,0.23,1.84,2.12,3.9
2024/4/10,97.35,68.14,95.49,81.11,97.88,52.26,60.03,41.36,171.33,0.76,51.66,81.51,39.49,29.9,12.91,19.14,26.31,37.02,20.82,2.66,5.12,0.23,1.38,2.14,4.02
2024/4/11,103.1,71.23,100.8,84.22,102.97,54.71,65.3,43,177.45,1.16,52.1,84.41,40.09,31.36,13.47,19.37,27.32,37.68,21.4,2.85,5.3,0.23,2.59,2.18,3.96
2024/4/12,108.54,75.97,111.1,87.35,107.83,57.88,69.37,46.84,190.28,1.02,57.1,90.51,42.68,33.27,14.03,20.29,29.06,40.7,22.54,3.46,5.44,0.23,2.8,2.54,4.45
2024/4/13,75.62,46.84,89.08,58.94,69.88,41.91,62.03,26.95,124.36,0.56,31.73,61.68,27.87,23.56,9.67,11.27,17.85,25.22,14.3,2.22,3.35,0.18,7.19,1.97,3.37
2024/4/14,58.4,38.83,71.61,47.3,54.33,34.7,45.02,24.07,97.18,0.38,26.43,50.06,22.32,17.11,7.77,9.31,15,20.25,11.65,2.13,2.66,0.17,2.55,2.02,3.66
2024/4/15,96.75,70.46,99.01,81.81,99.98,53.44,60.87,43.16,175.23,0.67,53.04,84.1,40.28,30.88,13.4,19.18,27.42,37.42,21.63,2.84,5.21,0.23,2.12,2.14,3.92
2024/4/16,101.91,70.38,99.4,83.78,101.74,53.96,63.71,42.47,175.52,0.67,52.23,83.46,39.98,30.83,13.28,19.01,27.36,37.65,21.66,2.83,5.25,0.24,3.05,1.96,3.51
2024/4/17,101.24,70.44,99.77,83.27,101.86,53.75,64.65,42.34,176.59,0.66,52.12,83.76,39.98,30.79,13.36,19.22,27.25,37.81,21.52,2.78,5.22,0.23,2.83,2.12,3.82
2024/4/18,101.38,70.61,99.98,83.12,101.58,53.6,65.02,42.31,175.26,0.66,52.35,83.43,39.95,30.45,13.23,19.17,27.18,39.54,21.41,2.83,5.23,0.22,2.64,2.15,3.7
2024/4/19,106.78,75.77,112.26,81.93,107.45,57.14,69.26,47.18,189.51,0.68,57.4,91.27,42.76,32.75,14.23,20.28,29.01,42.81,22.63,3.53,5.37,0.18,2.34,2.56,4.17
2024/4/20,73.94,46.73,88.12,58.93,70.53,41.51,62.89,27.07,123.42,0.48,32.11,62.15,26.52,21.8,9.61,11.25,17.69,30.69,14.25,2.21,3.31,0.18,5.78,1.98,3.17
2024/4/21,64.73,42.63,79.16,51.77,63.14,38.04,50.45,25.88,108.11,0.46,29.32,55.78,23.27,19.54,8.82,10.02,16.42,26.05,12.84,2.3,2.94,0.16,5.23,2.08,3.5
2024/4/22,96.94,71.52,100.53,82.43,100.5,53.94,60.35,43.44,176.53,0.73,53.01,84.43,40.07,30.95,13.43,19.1,27.42,38.51,21.58,2.93,5.19,0.23,2.12,2.16,3.6
2024/4/23,101.01,70.73,98.81,84.12,101.99,54.1,63.99,42.48,175.32,0.76,52.58,83.45,40.35,30.86,13.39,19.16,27.1,38.68,21.41,2.77,5.23,0.24,2.03,2.06,3.55
2024/4/24,101.98,70.69,100.61,84.01,103.77,54.12,64.19,42.61,178.45,1.02,52.93,84.91,41.36,31.07,13.56,19.44,27.41,39.19,21.49,2.8,5.27,0.22,2.56,2.23,3.81
2024/4/25,100.49,70.31,99.84,82.82,101.69,53.63,63.08,42.44,174.82,0.89,52.48,83.96,43.44,30.65,13.35,19.22,27.15,38.75,21.2,2.8,5.18,0.22,2.2,2.19,3.67
2024/4/26,102.3,72.93,106.77,85.38,105.09,55.74,64.86,45.2,184.26,0.76,55.8,88.78,44.93,32.29,13.98,20.01,28.31,41.15,21.93,3.27,5.29,0.23,2.16,2.45,4.22
2024/4/27,61.21,40.16,73.91,50.86,59.38,37.52,46.76,24.54,105.36,0.44,29.39,53.64,29.81,19.01,8.69,10.06,15.62,25.81,12.67,1.99,2.93,0.14,3.03,2.06,3.7
2024/4/28,93.64,66.91,97,78.72,95.62,51.79,60.71,42.23,165.26,0.67,51.14,80.44,42.5,29.95,12.55,18.21,26.45,38.21,20.31,2.83,4.98,0.21,2.15,2.17,3.9
2024/4/29,94.97,72.58,100.99,81.08,97.67,55.27,60.82,44.96,172.2,0.71,52.47,84.62,42.87,30.48,12.93,19.45,26.26,37.96,21.06,2.72,5.06,0.26,1.55,2.31,4.27
2024/4/30,105.81,78.2,116.74,86.46,106.13,60.27,70.47,51,186.03,0.69,55.69,92.06,45.05,33.1,13.99,20.91,29.49,41.48,22.47,3.79,5.22,0.25,2.56,3.08,5.18
2024/5/1,68.36,47.86,95,57.61,68.78,44.97,63.55,31.72,118.33,0.77,31.48,58.98,29.72,19.26,8.74,11.81,17.56,27.38,13.9,2.37,3.05,0.16,4.98,3.01,5.08
2024/5/2,70,46.31,96.87,57.04,69.07,43.64,70.13,27.48,111.07,0.75,27.11,55.58,29.52,18.4,8.26,10.72,16.42,23.61,12.31,2.3,2.86,0.14,5.45,2.35,4.36
2024/5/3,64.91,43.49,93.81,53.17,64.75,41.7,64.58,25.79,109,0.71,26.27,54.1,27.08,17.43,7.97,10.28,15.45,22.49,11.16,2.14,2.75,0.12,4.72,2.09,4.13
2024/5/4,59.04,41.6,83.58,49.6,59.23,41.14,56.42,27.21,103.59,0.63,26.83,51.7,26.32,17.38,7.7,9.9,15.17,22.56,10.82,2.09,2.65,0.13,3.82,2.3,4.1
2024/5/5,50.49,40.76,73.33,46.06,54.29,37.85,44.42,29.34,99.36,0.43,28.39,50.28,21.8,16.78,7.83,9.68,15.8,23.92,11.61,2.44,2.66,0.14,1.9,2.69,5.14
2024/5/6,88.46,67.7,97.09,76.49,94.75,52.17,54.64,44.86,167.41,0.64,51.84,81.11,37.56,29.98,12.89,19.06,26.79,37,20.85,2.91,5.01,0.22,1.55,2.5,5.22
2024/5/7,95.75,67.95,95.26,79.68,98.48,52.41,58.81,43.01,170.19,0.66,51.58,81.31,38.78,30.14,13.18,19.31,27.06,37.45,21.04,2.81,5.2,0.23,1.69,2.15,4.59
2024/5/8,96.9,68.42,95.69,80.8,99.52,51.92,60.68,41.85,172.54,0.66,51.57,81.33,39.39,30.25,13.35,19.41,27.02,37.73,21.31,2.79,5.25,0.22,1.71,2.05,4.09
2024/5/9,96.57,67.46,95,79.99,98.61,51.33,60.35,41.32,170.39,0.65,50.59,80.69,39.19,29.92,13.27,19.09,26.96,37.39,20.98,2.8,5.19,0.22,1.64,2.01,3.85
2024/5/10,95.3,67.36,95.72,79.63,98.04,50.95,59.35,41,170.24,0.67,51.09,80.88,39.73,30.09,13.09,18.74,26.99,37.92,20.6,2.92,5.14,0.21,1.52,1.91,3.57
2024/5/11,95.3,67.34,98.93,78.95,98.11,51.6,63.77,40.96,169.05,0.64,51.76,81.2,40.69,30.41,13.52,18.58,26.6,39.58,20.5,3.02,5.11,0.22,2.02,2.14,3.81
2024/5/12,59.59,38.46,72.44,49.92,59.72,36.01,47.05,23.27,103.77,0.45,28.03,52.13,23.52,18.83,8.51,10.44,16.17,24.95,12.49,2.15,3.01,0.16,2.68,1.88,3.66
2024/5/13,93.68,68.3,96.56,79.94,98.47,52.2,59.04,41.61,171.91,0.66,51.35,81.92,39.47,30.44,13.41,19.3,27.39,37.3,21.15,2.95,5.23,0.22,1.62,2.12,4.06
2024/5/14,97.36,67.99,95.1,80.69,98.75,52.43,60.26,41.36,170.09,0.68,50.85,80.89,38.73,29.97,13.23,18.85,26.87,37.23,20.77,2.81,5.15,0.22,1.54,2.03,3.84
2024/5/15,98.87,69.04,97.43,81.73,100.54,52.82,62.67,41.41,173.78,0.67,51.56,82.29,39.28,30.4,13.49,19.22,26.88,37.87,20.92,2.81,5.2,0.23,1.74,2.19,4.03
2024/5/16,97.36,68.83,97.24,81.06,99.15,52.83,62.49,41.32,171.06,0.66,50.9,81.51,39.08,30.15,13.4,19.15,26.93,37.35,20.61,2.83,5.18,0.22,1.65,2.21,4.04
2024/5/17,103.93,74.14,108.69,85.16,105,56.87,67.88,46.1,185.14,0.69,55.96,89.52,42.68,32.74,14.08,20.37,28.64,40.89,21.94,3.48,5.35,0.22,1.65,2.74,4.74
2024/5/18,69.63,45.38,82.49,56.34,64.99,40.3,60.03,25.76,117.22,0.48,30.46,57.23,26.42,20.64,9.38,11.29,16.74,26.82,13.15,2.18,3.18,0.15,2.68,2.24,3.9
2024/5/19,58.33,39.28,73.18,48,55.6,36.27,49.24,24.49,100.11,0.42,27.36,51.51,23.01,17.43,8.07,9.96,15.4,23.12,11.68,2.25,2.81,0.15,1.73,2.25,3.85
2024/5/20,97.12,70.33,100.33,81.35,100.61,53.5,61.12,43.36,176.93,0.67,53.28,84.13,40.17,31.13,13.8,19.71,27.8,39.02,21.37,3.06,5.27,0.23,1.64,2.32,4.31
2024/5/21,99.22,68.99,96.87,81.57,99.99,52.45,64.92,41.48,173.03,0.7,51.51,81.67,39.89,30.22,13.4,19.26,27,37.7,20.85,2.86,5.19,0.22,1.6,2.21,3.97
2024/5/22,98.6,68.98,95.95,81.83,99.62,52.04,64.73,41.08,172.61,0.67,51.01,81.31,39.76,30.01,13.42,19.24,26.8,37.66,20.61,2.83,5.18,0.23,1.53,2.22,4.11
2024/5/23,97.58,67.59,95.16,80.43,97.82,51.89,61.24,40.88,169.89,0.66,50.73,80.67,39.71,29.46,13.2,18.91,26.48,36.97,20.31,2.8,5.11,0.22,1.45,2.16,3.94
2024/5/24,102.68,74.05,107.09,85.39,104.31,56.11,68.91,45.24,184.48,0.68,55.34,88.66,43.2,32.05,13.94,20.46,28.33,40.42,21.55,3.45,5.32,0.24,1.57,2.77,4.73
2024/5/25,53.59,35.27,61.58,43.86,48.96,32.77,43.13,20.36,89.04,0.38,23.49,44.65,20.23,14.77,7.05,8.55,12.42,20.19,9.58,1.64,2.59,0.13,0.9,2.08,3.46
2024/5/26,63.04,42.91,78.22,52.25,61.87,40.16,53.7,24.91,108.83,0.49,29.01,54.59,23.75,19.28,9.02,10.7,16.24,24.69,12.46,2.37,3.02,0.15,2.69,2.35,4.18
2024/5/27,93.95,68.4,96.51,79.78,98.03,52.16,59.17,42.26,171.54,0.66,51.84,81.79,39.02,30.37,13.49,19.36,27.24,37.31,20.86,2.98,5.16,0.23,1.53,2.32,4.12
2024/5/28,97.78,67.54,94.37,80.42,98.85,51.8,60.77,41.16,170.31,0.67,50.43,80.31,39.04,29.89,13.35,19.06,26.82,37.03,20.56,2.81,5.17,0.23,1.51,2.13,3.82
2024/5/29,97.49,67.22,94.56,80.11,98.51,51.55,60.67,40.61,170.42,0.67,49.73,80.44,39.42,29.88,13.36,19.01,26.69,36.93,20.47,2.79,5.15,0.23,1.55,2.2,4.05
2024/5/30,97.67,67.99,94.88,79.86,97.68,51.2,63.36,40.69,169.47,0.67,49.91,79.99,39.64,29.59,13.18,18.98,26.47,36.88,20.13,2.78,5.1,0.22,1.37,2.14,3.96
2024/5/31,103.51,73.61,106.84,85.38,104.95,56.21,70.21,45.32,185.43,0.69,55.08,88.59,42.53,33.36,14.09,20.56,28.43,40.62,21.26,3.46,5.27,0.24,1.67,2.7,4.79
2024/6/1,70.17,44.77,81.29,55.12,65.75,40.32,60.38,24.88,115.92,0.49,29.58,57.39,24.93,21.48,9.61,10.95,16.73,26.15,13.08,2.28,3.26,0.14,2.66,2.2,3.78
2024/6/2,58.34,38.11,70.46,47.36,55.16,35.56,45.02,23.35,97.81,0.45,26.56,50.33,21.26,18.2,8.08,9.69,15.09,22.12,11.62,2.24,2.81,0.15,1.87,2.29,4.2
2024/6/3,92.35,67.31,94.77,78.57,96.93,51.25,57.62,41.7,169.72,0.66,51.39,80.14,38.52,30.29,13.48,19.15,27.05,37.01,20.59,2.92,5.15,0.23,1.33,2.16,4.09
2024/6/4,96.19,66.75,93.08,79.65,97.3,51.65,59.64,40.75,168.6,0.67,50.23,79.38,38.68,29.77,13.21,18.97,26.55,36.66,20.38,2.76,5.14,0.22,1.35,2.09,3.92
2024/6/5,98.05,67.74,94.61,79.99,98.21,51.84,61.12,41.39,171.13,0.65,50.89,80.12,38.89,30.16,13.55,19.13,26.8,37.13,20.29,2.87,5.14,0.22,1.37,2.18,4.18
2024/6/6,100.67,70.73,98.15,81.79,99.21,53.95,63.35,42.82,172.53,0.67,51.75,81.8,39.09,30.43,13.48,19.41,26.96,37.32,20.32,2.83,5.14,0.21,1.42,2.53,4.6
2024/6/7,103.43,76.47,109.25,83.99,102.06,57.56,67.27,48.81,182.39,0.73,55.34,88.53,41.01,32.99,13.81,20.48,27.71,40.33,21.12,3.39,5.22,0.23,1.28,3.24,5.48
2024/6/8,69.45,47.67,82.87,53.34,61.88,39.71,59.37,26.25,107.49,1.23,28.26,54.3,22.42,19,8.51,10.82,15.42,23.65,11.94,2.17,2.98,0.14,2.76,2.53,4.69
2024/6/9,63.4,40.01,73.27,46.17,54.31,33.69,54.22,20.96,93.19,0.95,23.75,46.52,19.83,16.41,7.45,9,13.51,20.45,10.12,1.98,2.7,0.12,2.64,1.89,3.64
2024/6/10,54.07,37.6,69.04,42.09,49.58,33.68,42.85,25.56,89.24,0.4,25.37,47.89,19.67,16.09,7.26,8.96,14.36,20.95,10.67,2.36,2.61,0.14,1.57,2.66,4.79
2024/6/11,94.74,68.5,97.47,78.82,96.34,53.37,59.55,44.45,170.46,0.68,51.06,81.95,38.83,30.79,13.26,18.89,27.06,36.65,20.59,3.02,5.13,0.23,1.23,2.33,4.31
2024/6/12,96.83,67.67,94.53,79.01,96.83,51.91,60.69,41.86,170.05,0.66,50.88,80.33,38.76,29.96,13.36,19.02,26.59,36.98,20.28,2.79,5.17,0.21,1.22,2.29,4.34
2024/6/13,96.63,67.02,94.05,78.74,96.38,51.8,60.1,41.09,168.41,0.66,49.96,79.74,38.42,29.8,13.25,18.88,26.4,36.62,20.02,2.8,5.08,0.21,1.28,2.12,3.92
2024/6/14,102.61,72.27,105.15,83.45,103.07,55.85,65.93,45.14,182.2,0.69,54.42,86.58,41.11,32.5,14.1,20.12,28.21,39.48,21.14,3.37,5.28,0.23,1.45,2.42,4.41
2024/6/15,63.99,40.51,73.05,51.31,59.84,36.89,53.58,24.12,106.88,0.42,27.78,52.28,23.62,18.93,8.98,10.36,16.08,23.37,12.41,2.06,3.04,0.14,1.76,2,3.69
2024/6/16,57.46,37.09,68.62,45.98,53.46,34.75,45.07,23.3,95.67,0.37,25.65,48.53,20.92,16.98,7.97,9.28,14.78,21.35,11.32,2.24,2.73,0.13,1.45,2.03,3.75
2024/6/17,94.88,69.19,98.51,79.42,97.22,53.34,60.07,42.85,172.13,0.65,51.11,81.67,39.26,30.47,13.53,19.63,27.15,37.31,20.37,2.79,5.14,0.21,1.31,2.28,4.15
2024/6/18,99.64,69.13,97.64,81.2,98.53,53.32,63.35,42.02,171.33,0.67,50.99,81.09,39.5,30.1,13.37,19.27,26.79,37.35,20.1,2.82,5.12,0.22,1.29,2.24,4.08
2024/6/19,100.53,69.43,98.86,81.36,99,53.73,64.84,42.1,172.9,0.66,51.15,81.97,39.68,30.36,13.61,19.32,26.97,37.62,20.3,2.82,5.13,0.23,1.34,2.24,4.22
2024/6/20,101.62,70.38,101.48,82.05,99.4,54.49,66.57,42.87,173.54,0.68,51.37,82.07,39.51,30.36,13.64,19.47,27.13,37.69,20.27,2.87,5.15,0.23,1.37,2.34,4.21
2024/6/21,105.37,75.25,109.87,85.2,103.95,57.26,70.07,46.02,183.69,0.67,54.83,88.09,41.8,32.66,14.17,20.36,28.3,40.47,21.14,3.37,5.28,0.24,1.44,2.51,4.36
2024/6/22,66.57,42.54,76.71,52.03,60.13,37.98,55.19,24.6,107.37,0.44,28,52.52,22.89,19,8.87,10.6,15.68,23.51,12.2,2.07,3.17,0.15,1.79,2.07,3.73
2024/6/23,60.23,39.05,73,47.29,54.83,35.57,47.98,24.26,97.47,0.43,25.58,49.72,20.84,17.47,8.09,9.78,14.73,21.22,11.39,2.24,2.86,0.15,1.8,2.2,3.99
2024/6/24,96.77,70.63,101.32,80.04,97.92,54.28,62.86,43.32,173.07,0.67,52.13,82.52,38.97,30.63,13.8,19.47,27.42,37.72,20.6,3.02,5.16,0.23,1.44,2.28,4.04
2024/6/25,101.47,70.04,100.29,81.93,99.74,54.34,65.82,42.82,172.37,0.7,51.19,82.08,39.12,30.31,13.66,19.4,27.04,37.45,20.31,2.88,5.15,0.21,1.44,2.21,3.97
2024/6/26,103.7,71.79,102.25,82.45,101.53,54.79,68.14,43.12,175.43,0.78,51.69,82.72,39.4,30.79,14.08,19.56,27.3,38.2,20.36,2.98,5.14,0.22,1.42,2.25,4.02
2024/6/27,104.15,72.35,104.19,82.85,101.68,55.76,69.08,43.7,175.07,0.74,51.22,83.29,39.75,30.67,13.78,19.73,27.4,38.1,20.4,2.99,5.11,0.22,1.49,2.27,4.06
2024/6/28,111.64,77.93,115.73,87.47,106.75,58.78,74.92,47.62,189.26,0.72,56.55,90.06,42.38,33.14,14.66,20.85,28.66,41.2,21.71,3.46,5.32,0.23,1.55,2.62,4.58
2024/6/29,69.62,45.7,83.44,54.87,62.49,40.81,59.34,27.16,112.42,0.44,29.31,55.18,23.67,19.58,9.34,10.84,15.9,23.9,12.61,2.22,3.02,0.14,1.93,2.2,3.47
2024/6/30,65.99,44.54,80.28,51.11,59.14,38.96,55.58,26.76,104.28,0.42,27.56,51.9,22.02,18.33,8.84,10.39,15.21,22.04,12,2.33,2.87,0.14,1.67,2.2,3.82
2024/7/1,100.85,72.78,106.91,81.54,98.64,56.15,66.74,45.2,176.43,0.67,53.3,83.42,39.63,31.42,14.01,19.78,27.73,37.95,21,3.05,5.23,0.24,1.45,2,3.71
2024/7/2,107.5,75.37,107.51,86.09,103.18,57.77,71.11,45.17,179.17,0.71,52.68,85.56,40.35,31.62,14.02,19.76,27.34,38.03,21.02,2.92,5.34,0.24,1.53,2.02,3.59
2024/7/3,109.93,75.58,110.75,86.3,104.58,58.49,75.53,45.4,181.69,0.72,52.58,86.22,40.77,31.79,14.34,20.25,28.33,38.22,21.28,3.17,5.34,0.24,1.74,2.06,3.89
2024/7/4,108.64,74.9,110.23,85,103.45,58.25,73.72,45.29,179.06,0.7,52.84,85.4,40.34,31.5,14.21,19.99,27.83,37.95,20.87,3.03,5.34,0.23,1.63,2.21,3.91
2024/7/5,111.55,78.44,116.78,87.72,106.91,60.75,75.87,49.13,188.41,0.72,55.43,90.53,41.84,33.43,14.88,20.5,28.77,39.71,22.05,3.39,5.47,0.24,1.66,2.39,4.02
2024/7/6,74.49,48.2,86.53,56.68,65.15,43.13,63.15,28.32,114.17,0.47,29.12,56.48,23.54,19.99,9.6,10.89,16.46,23.39,13.28,2.26,3.15,0.14,2.01,1.97,3.65
2024/7/7,67.59,45.36,82.96,51.65,60.66,40.78,56.66,27.97,104.79,0.45,26.89,53.49,21.62,19.35,9.06,10.18,15.48,21.17,12.4,2.26,2.97,0.16,1.99,1.94,3.55
2024/7/8,105.2,74.44,109.62,83.11,100.97,58.02,69.37,45.79,179.98,0.68,53.07,85.24,39.82,31.66,14.37,19.93,28.6,37.96,21.35,3.15,5.35,0.24,1.52,2.2,3.89
2024/7/9,111.77,76.2,110.88,87.39,104.54,58.81,75.94,45.9,182.01,0.69,52.52,86.85,40.51,31.93,14.51,20.25,28.59,38.06,21.39,3.08,5.39,0.23,1.69,2.19,3.97
2024/7/10,112.38,77.18,111.64,87.55,105.2,58.91,77.09,46.09,183.59,0.7,53.6,86.97,40.97,32.22,14.51,20.12,28.47,38.25,21.23,3.11,5.4,0.23,1.72,2.22,3.99
2024/7/11,111.8,76.97,112.3,86.86,104.28,58.95,76.38,46.01,182.31,0.68,53.19,86.39,40.67,31.83,14.44,20.01,28.12,38.06,21.12,3.06,5.35,0.23,1.67,2.27,3.94
2024/7/12,110.63,77.64,114.89,86.8,103.79,59.86,75.95,48.67,185.28,0.71,53.97,89.11,42.16,32.83,14.52,19.85,27.82,38.88,21.33,3.25,5.35,0.23,1.56,2.37,3.88
2024/7/13,74.27,47.21,85.01,56.58,63.34,42.07,65.07,27.62,111.88,0.82,28.39,55.17,24.87,19.03,9.37,10.86,15.68,22.43,12.77,2.04,3.06,0.16,1.69,2.08,3.6
2024/7/14,72.3,46.89,87.08,54.85,63.6,41.74,63.42,27.82,111.06,0.79,28.03,55.43,24.2,19.65,9.35,10.84,15.7,21.87,12.99,2.2,3.06,0.17,2.38,2.23,3.87
2024/7/15,103.98,75.78,110.45,84.44,101.22,57.51,70.12,45.71,180.95,0.69,53.65,85.03,40.31,31.78,14.56,20.19,28.44,38.08,21.35,3.14,5.38,0.23,1.67,2.29,4.1
2024/7/16,112.98,77.11,111.92,87.74,105,59.13,77.37,46.38,183.14,0.73,52.59,86.29,41.1,32.19,14.57,20.06,28.47,38.29,21.48,3.03,5.5,0.26,1.7,2.2,3.9
2024/7/17,113.35,77.74,113.6,87.84,106.09,59.27,80.48,45.9,185.21,0.72,53.21,86.77,41.85,32.08,14.65,20.14,28.55,38.35,21.35,3.1,5.48,0.22,1.85,2.23,4
2024/7/18,113.31,77.58,112.89,86.82,104.76,58.52,77.95,45.84,181.78,0.7,52.63,85.76,40.76,31.74,14.51,19.94,28.14,38,21.02,3.06,5.42,0.23,1.72,2.35,4.16
2024/7/19,114.55,79.6,117.06,88.08,106.11,59.42,81.43,48.59,190.08,0.72,54.88,90.11,42.77,33.29,14.93,20.21,28.3,39.17,21.9,3.23,5.41,0.22,1.71,2.48,4.48
2024/7/20,77.35,50.06,87.75,59.11,67.6,43.44,68.88,28.43,116.35,1.25,29.22,57.81,26.55,19.95,9.96,10.96,16.12,23.52,13.34,2.13,3.29,0.15,2.01,2.16,3.7
2024/7/21,69.45,45.38,81.73,51.1,59.54,40.13,57.34,27.16,103.66,0.83,26.55,52.59,22.14,18.19,8.9,9.87,14.71,20.6,12.24,2.07,2.92,0.14,1.71,2.12,3.92
2024/7/22,102.89,73.45,107.37,82.33,98.02,56.16,67.89,44.85,175.64,0.7,52.43,83.58,39.22,31.01,14.21,19.38,27.69,37.17,20.91,3.04,5.27,0.23,1.55,2.18,3.94
2024/7/23,109.78,74.36,106.4,83.48,100.98,56.08,73.27,44.57,175.71,0.71,51.51,82.87,39.83,30.77,14.23,19.16,27.4,36.86,20.65,2.99,5.3,0.2,1.53,2.06,3.93
2024/7/24,103.84,71.51,101.6,81.24,97.04,54.19,69.2,43.38,168.88,0.85,50.14,80.88,38.61,29.57,13.83,18.32,26.44,35.82,20.07,2.79,5.16,0.21,1.3,2.02,3.61
2024/7/25,101.64,68.42,96.49,78.89,93.09,52.26,71.2,41.6,160.02,0.87,49.63,77.66,36.65,28.05,13.1,17.8,24.85,31.51,19.16,2.51,5.04,0.23,1.17,2.21,3.9
2024/7/26,115.08,77.59,116.29,86.43,105.51,59.71,79.27,48.16,186.43,0.8,54.07,89.43,42.08,32.71,15.18,19.97,28.28,38.52,22.01,3.23,5.43,0.22,1.72,2.43,4.24
2024/7/27,74.43,45.18,83.75,54.43,63.27,41.62,62.87,26.91,108.36,0.47,27.45,55.61,23.55,18.89,9.81,10.59,15.53,21.73,12.89,2.06,3.15,0.14,1.93,2.22,3.7
2024/7/28,64.66,38.15,75.04,46.77,54.8,36.05,53.65,23.9,94.04,0.42,24.03,49.62,20.06,16.27,8.3,9.12,13.52,18.46,11.43,1.89,2.76,0.14,1.47,2.16,3.8
2024/7/29,99.96,69.59,105.04,80.12,96.58,56.22,66.75,43.92,172.63,0.7,51.08,82.91,38.88,30.22,14.1,18.97,27.31,36.1,20.3,2.99,5.27,0.21,1.44,2.27,4.13
2024/7/30,98.16,67.77,95.55,77.61,91.93,52.66,65.89,41.55,161.01,0.75,45.13,78.32,36.38,28.59,13.02,17.67,24.99,32.47,19.22,2.51,4.99,0.24,0.93,1.9,3.71
2024/7/31,106.7,69.74,107.49,83.47,101.3,57.26,74.14,44.9,176.79,0.72,50.97,84.28,39.69,30.75,14.47,19.13,27.2,36.56,20.5,2.92,5.34,0.23,1.47,2.31,4.05
2024/8/1,111.1,74.92,109.31,83.33,101.31,57.52,76.74,44.81,176.38,0.72,51.41,84.59,40.09,30.63,14.44,19.17,27.29,36.57,20.65,2.97,5.3,0.21,1.57,2.32,4.02
2024/8/2,110.75,77.27,114.2,85.55,103.31,58.97,79.29,47.57,183.69,0.82,52.41,88.21,42.03,32.3,14.73,19.57,27.52,37.82,21.68,3.11,5.32,0.21,1.6,2.37,4.28
2024/8/3,73.5,47.33,83.81,54.85,62.85,41.49,66.62,27.12,107.02,1.3,26.65,53.43,23.17,18.53,9.25,10.18,15.03,20.69,12.91,1.94,3.08,0.15,1.7,2.1,3.6
2024/8/4,71.63,47.33,83.35,52.44,59.49,40.88,62.24,27.16,102.91,0.79,25.62,51.82,22.01,17.87,9.01,9.88,14.55,19.67,12.29,2.02,2.92,0.14,1.75,2.02,3.72
2024/8/5,105.32,74.87,109.93,82.9,98.51,57.32,72.45,45.22,175.12,0.95,51.54,83.82,39.21,30.64,14.34,19.22,27.5,36.3,20.56,3.03,5.29,0.22,1.63,2.26,3.92
2024/8/6,111.54,75.8,109.89,84.8,101.06,57.4,79.42,44.94,176.28,0.71,50.7,83.56,40.07,30.31,14.41,19.06,27.33,36.32,20.57,2.99,5.34,0.22,1.64,2.16,3.77
2024/8/7,112.1,76.42,111.26,85.12,101.59,57.25,81.39,44.97,178.04,0.69,51.05,84.32,40.45,30.64,14.52,19.23,27.56,36.52,20.72,3.02,5.31,0.21,1.67,2.26,3.89
2024/8/8,112.24,76.29,111.11,84.2,101.11,57.37,80,44.85,176,0.68,50.86,83.95,39.76,30.42,14.38,19.16,27.37,36.2,20.58,2.98,5.33,0.21,1.65,2.36,4
2024/8/9,104.36,74.52,109.99,82.01,96.73,56.47,73.46,47.18,173.61,0.72,50.31,85.24,39.97,31.58,13.97,18.28,25.96,36.06,20.34,2.86,5.1,0.23,1.35,2.59,4.08
2024/8/10,82.62,51.77,93.46,60.5,68,46.47,74.41,29.89,117.37,0.5,28.91,60.57,24.93,20.24,10.22,11.21,16.89,22.55,13.63,2.26,3.39,0.15,1.98,2.36,3.86
2024/8/11,73.07,46.75,86.57,53.42,60.64,42.15,64.81,27.93,105.36,0.47,26.53,54.18,22.61,18.61,9.02,10.18,15,20.19,12.78,2.05,2.95,0.14,2.12,2.29,4.03
2024/8/12,105.43,75.11,111.09,83.42,98.47,57.74,73.21,45.61,175.81,0.71,51.94,84.47,39.33,30.83,14.55,19.3,27.68,36.49,20.79,3.07,5.26,0.22,1.8,2.4,4.05
2024/8/13,111.54,75.38,110.89,84.95,101.77,57.84,78.74,45.13,175.75,0.73,51.25,83.56,39.93,30.64,14.5,19.19,27.86,36.47,20.81,2.98,5.31,0.21,1.88,2.22,3.86
2024/8/14,112.21,75.46,110.28,84.64,101.6,57.39,78.49,45.25,177.15,0.82,51.25,83.82,39.82,30.82,14.45,19.17,27.85,36.58,20.65,3.01,5.31,0.21,1.79,2.24,3.92
2024/8/15,110.33,75.44,110.07,83.67,99.87,57.37,76.78,45.07,175.06,0.77,50.99,83.46,39.37,30.74,14.44,19.22,27.65,36.33,20.65,3,5.25,0.23,1.68,2.39,3.99
2024/8/16,110.9,78,113.83,83.95,101.95,58.2,77.42,47.76,181.07,0.72,53.08,86.57,40.3,31.83,15.06,19.36,27.79,37.34,21.07,3.17,5.28,0.21,1.6,2.48,4.28
2024/8/17,76.25,48.48,88.02,56.08,63.65,42.65,67.13,28.18,111.17,0.48,28.05,55.42,23.29,19.47,9.86,10.48,16.27,21.82,13.08,2.11,3.13,0.14,2.05,2.08,3.67
2024/8/18,64.95,41.63,77.07,47.84,54.25,37.27,54.74,25.97,94.44,0.4,24.45,48.07,19.6,16.97,8.21,9.33,14.01,18.67,11.41,1.92,2.7,0.13,1.55,2.07,3.87
2024/8/19,99.91,72.64,108.46,81.74,97.35,56.4,69.24,45.4,173.95,0.7,51.86,83.02,38.84,30.78,14.34,19.51,27.51,36.69,20.72,3.07,5.22,0.23,1.61,2.36,4.14
2024/8/20,110.25,73.93,108.77,84.51,100.97,57.86,75.85,45.43,175.84,0.68,51.6,83.96,39.55,30.8,14.37,19.58,27.6,36.72,20.74,3.02,5.26,0.21,1.67,2.44,4.1
2024/8/21,113.22,75.83,112.2,86.48,103.04,59.24,79.79,46.04,180.5,0.71,52.12,85.75,40.43,31.51,14.78,19.88,27.75,37.25,21.72,3.05,5.3,0.23,1.79,2.48,4.19
2024/8/22,112.9,76.6,111.32,86.53,102.29,59.28,79.95,45.95,179.54,0.7,51.78,85.08,40.38,31.25,14.54,19.88,27.54,37.28,22.03,3.04,5.29,0.25,1.73,2.52,4.42
2024/8/23,113.51,78.82,116.69,87.96,104.45,60.11,80.67,49.14,186.81,0.72,53.38,89.1,41.44,33.01,14.99,20.3,27.97,39.33,23.01,3.25,5.31,0.27,1.69,2.71,4.64
2024/8/24,78.79,50.63,90.34,59.34,66.86,44.87,68.75,29.3,117.87,0.51,29.68,58.79,25.01,20.58,9.96,11.45,16.36,23.98,15.41,2.13,3.13,0.23,2.33,2.42,3.98
2024/8/25,68.17,45.19,82.83,52.33,58.24,41.15,57.86,27.77,104.11,0.45,26.74,53.62,22.06,18.45,8.8,10.5,14.75,21.29,13.42,2.07,2.88,0.2,1.98,2.48,4.28
2024/8/26,91.16,67.09,94.04,76.01,88.47,52.55,61.43,41.8,160.42,0.72,47.39,77.81,36.22,28.82,13.05,18.22,24.56,34.87,18.85,2.57,4.98,0.24,1.06,2.59,4.36
2024/8/27,108.99,74.28,107.6,84.2,102.45,58.52,73.52,45.32,177.94,0.71,51.6,84.96,39.84,31.35,14.58,20.08,28.35,37.7,20.76,3.16,5.36,0.22,1.75,2.5,4.3
2024/8/28,105.94,72.23,104.41,82.33,100.43,56.11,70.73,44.52,174.82,0.72,51.07,83.51,39.28,31.03,14.27,19.76,27.67,37.31,20.26,3,5.28,0.21,1.6,2.43,4.33
2024/8/29,103.11,70.99,102.53,80.45,98.75,55.29,68.41,44.15,172.35,0.7,51.11,82.23,38.56,30.59,14.03,19.61,27.52,37.34,19.91,3.02,5.26,0.2,1.55,2.5,4.39
2024/8/30,103.16,72.54,106.51,81.55,100.79,56.66,67.95,46.97,180.18,0.71,54,86.3,39.81,32.3,14.58,20.18,28.22,39.37,20.8,3.24,5.22,0.21,1.5,2.82,4.86
2024/8/31,62.37,40.89,71.57,48,58.18,37.76,48.94,25.24,103.84,0.47,27.1,51.34,21.19,17.79,9.12,10.41,15.34,22.94,11.83,1.93,2.86,0.13,1.63,2.49,4.32
2024/9/1,54.58,36.65,67.05,44.23,52.87,35.17,43.09,24.11,93.34,0.43,24.87,48.06,19.18,16.95,8.13,10.18,14.35,20.72,11.03,2.02,2.7,0.13,1.79,2.49,4.52
2024/9/2,90.5,66.85,94.32,76.59,94.83,51.35,57.79,41.57,167.1,0.68,49.79,79.14,37.37,30.45,13.84,19.81,26.74,36.1,19.76,2.89,5.07,0.21,1.37,2.46,4.43
2024/9/3,97.8,68.46,93.79,80.85,97.51,52.29,61.76,41.15,166.05,0.72,48.94,80.67,38.05,30.25,13.8,19.66,26.62,35.77,19.76,2.77,5.14,0.19,1.32,2.41,4.15
2024/9/4,100.32,69.76,95.91,81.59,99.78,53.31,62.88,41.51,173.67,0.71,49.82,82.42,38.16,30.81,14.05,20.2,26.33,36.22,19.75,2.76,5.09,0.21,1.29,2.58,4.4
2024/9/5,103.8,72.14,97.77,83.66,101.56,54.42,66.32,41.98,177.07,0.7,50.6,82.64,38.66,31.05,14.34,21.02,26.62,36.94,19.86,2.8,5.08,0.2,1.46,2.65,4.42
2024/9/6,104.15,74.65,106.34,85.42,105.83,56.64,67.87,45.63,185.96,0.73,54.32,88.82,41.43,33.43,15.06,21.35,28.62,39.95,21.11,3.45,5.28,0.21,1.51,2.87,4.64
2024/9/7,60.13,39.96,68.06,48.84,56.62,36.76,49.55,22.84,101.94,0.47,25.58,49.68,21.84,17.49,8.76,10.35,14.48,22.22,11.26,1.87,2.84,0.14,1.19,2.29,4.11
2024/9/8,59.01,39.45,71.44,48.46,57.24,37.07,49.41,24.2,101.97,0.46,26.35,50.87,22.51,18.33,8.55,10.53,15.79,22.58,11.61,2.34,2.84,0.15,2.09,2.53,4.42
2024/9/9,91.83,67.78,93.4,78.36,95,51.49,58.21,41.4,168.33,0.71,49.74,80.63,38.07,30.62,13.84,19.98,26.35,36.16,19.79,2.81,5.07,0.2,1.15,2.61,4.45
2024/9/10,96.01,67,94.12,79.87,98.15,51.89,60.94,41.05,169.74,0.76,49.55,80.68,38.31,30.36,14.08,20.04,26.73,36.38,19.99,2.8,5.15,0.19,1.38,2.31,4.16
2024/9/11,96.31,67.06,94.65,79.66,98.18,51.57,61.15,40.86,170.72,0.77,49.64,81.24,38.36,30.48,14.15,19.91,26.73,36.51,20.05,2.83,5.09,0.2,1.46,2.38,4.13
2024/9/12,96.86,67.58,95.01,79.53,99.24,52.19,61.75,40.87,169.94,1.06,49.55,81.04,38.47,30.59,14.08,19.89,26.56,36.4,19.98,2.83,5.18,0.2,1.51,2.59,4.39
2024/9/13,95.57,67.95,97.45,80.05,99.72,52.23,61.79,42.74,172.22,1.07,50.71,82.89,39.26,31.43,14.09,20.3,27.06,37.9,20.1,2.9,5.18,0.19,1.45,2.72,4.8
2024/9/14,99.11,70.83,108.05,80.93,102.79,55.8,66.61,47.89,180.06,1.06,54.67,88.17,40.21,33.68,14.52,21.06,28.24,41.4,21.07,3.58,5.2,0.2,1.77,3.56,5.68
2024/9/15,71.69,46.94,84.16,55.08,67.5,39.78,62.64,26.75,113.75,1,29.99,57.23,23.77,20.34,9.57,11.41,17.14,26.77,12.23,2.35,3.18,0.13,3.84,2.61,4.46
2024/9/16,66.93,43.27,77.29,50.85,62.97,35.3,61.9,22.91,102.67,0.91,25.75,51.76,21.48,18.74,8.68,10.11,15.72,23.79,11.04,2.14,2.98,0.12,4.68,1.94,3.49
2024/9/17,57.43,39.02,74.07,47.24,56.12,34.72,51.23,26.2,97.09,0.49,27.41,52.13,21.42,18.42,9.11,9.91,16.24,24.51,11.38,2.53,2.88,0.13,2.52,2.68,4.68
2024/9/18,91.73,65.59,95.67,77.01,95.4,51.56,57.87,43.64,168.47,0.72,50.71,81.81,37.55,31.18,13.97,19.74,26.92,36.63,19.99,3.05,5.04,0.2,1.33,2.84,4.83
2024/9/19,94,65.07,93.32,77.61,95.8,51.12,59.01,41.13,167.27,0.71,48.97,79.69,37.49,30.22,13.92,19.48,26.63,36.17,19.72,2.83,5.1,0.19,1.39,2.38,4.1
2024/9/20,99.14,70.99,103.09,82.1,102.27,55.18,64.15,45.15,180,0.87,51.94,87.34,40.14,33.46,14.44,20.72,27.63,39.2,20.66,3.29,5.26,0.23,1.14,2.73,4.44
2024/9/21,68.88,44.38,81.29,56.59,68.24,38.99,60.29,24.81,116.8,0.57,29.02,56.14,25.15,21.08,9.94,11.81,16.9,25.37,13.35,2.19,3.3,0.15,3.2,2.32,4.04
2024/9/22,61.29,40.78,74.4,51.46,61.23,36.26,52.99,24.03,104.76,0.53,26.9,51.91,22.94,18.76,9.21,10.82,16.01,22.87,12.37,2.32,2.89,0.16,3.03,2.47,4.49
2024/9/23,94,67.69,97.22,79.89,98.25,52.39,61.61,42.36,172.27,0.71,50.59,82.5,38.56,31.44,14.39,20.61,27.36,36.9,20.33,2.92,5.26,0.2,1.66,2.67,4.52
2024/9/24,97.49,66.86,95.82,80.38,99.29,51.93,62.93,41.56,171.87,0.75,49.7,81.48,38.34,31.08,14.3,20.14,26.96,36.64,20.18,2.85,5.18,0.21,1.61,2.45,4.08
2024/9/25,98.2,66.15,96.87,80.31,99.35,52.13,63.85,41.96,173.47,0.72,50.1,82.22,38.79,31.56,14.41,20.4,26.99,37.18,20.4,2.88,5.17,0.2,1.66,2.54,4.38
2024/9/26,97.68,65.86,96.36,79.1,98.22,52.1,62.87,41.7,171.34,0.72,49.63,81.4,38.33,31.01,14.12,20.28,26.83,37.02,19.96,2.84,5.14,0.2,1.59,2.57,4.58
2024/9/27,100.19,67.69,103.4,81.06,101.17,54.11,64.97,45.42,179.93,0.74,53.26,86.63,40.19,32.81,14.78,20.96,28.17,39.89,20.77,3.16,5.27,0.2,1.58,2.82,5.24
2024/9/28,67.61,41.9,74.69,49.56,59.42,37.51,50.58,26.42,106.04,0.5,28.29,52.37,22.03,19.04,9.15,10.98,16.13,24.45,12.15,2.05,2.98,0.13,1.98,2.44,4.76
2024/9/29,91.11,64.14,95.43,73,90.59,50.72,58.71,42.89,159.94,0.74,46.98,76.88,34.69,29.45,12.78,18.67,25.01,35.17,18.39,2.83,4.67,0.01,1.35,2.69,4.99
2024/9/30,90.82,66.95,108.26,75.46,95.06,56.39,61.22,47.96,171.22,0.71,49.41,83.71,35.99,31.72,13.37,20.76,27.15,36.23,19.65,3.51,4.82,0.21,1.5,3.42,6.11
2024/10/1,75.91,46.37,87.53,53.83,62.56,44.51,68.77,30.42,107.49,0.66,26.87,53.18,21.32,18.48,8.07,11.16,16.46,23,11.97,2.32,2.78,0.15,3.74,3.12,5.5
2024/10/2,71.7,44.83,89.45,54.51,64.31,42.62,73.38,27.35,104.43,0.68,23.6,50.34,20.72,17.5,7.64,10.94,15.26,19.82,10.93,2.24,2.66,0.11,5.25,2.88,5.07
2024/10/3,68.12,44.54,90.34,54.05,63.45,41.66,70.12,26.07,100.2,0.69,22.34,49.27,19.4,16.96,6.94,10.78,14.43,18.73,9.57,2.14,2.57,0.1,5.6,2.67,4.88
2024/10/4,63.81,42.35,85.88,50.53,60.74,40.34,66.09,24.8,97.81,0.68,21.8,47.88,18.97,16.43,7.03,10.57,13.8,17.98,9.34,2.02,2.44,0.1,4.99,2.48,4.81
2024/10/5,60.23,41.66,81.93,47.63,58.83,40.23,59.12,25.71,94.56,0.68,22.82,48.44,18.92,16.69,7.29,10.21,13.94,18.53,9.34,2.06,2.49,0.09,4.36,2.44,4.68
2024/10/6,53.42,36.34,71.52,42.75,51.14,38.06,48.09,25.7,88.8,0.52,23.09,47.33,17.81,15.23,6.9,9.27,13.43,18.61,9.33,1.99,2.38,0.1,2.06,2.49,4.88
2024/10/7,52.96,37.22,73.8,44.64,53.97,38.85,45.03,29.32,98.48,0.51,27.46,51.78,20.79,17.9,7.91,10.32,16.26,23.13,11.42,2.55,2.74,0.13,2.5,3.12,5.89
2024/10/8,90.57,64.17,94.75,74.66,93.05,51.12,55.64,44.75,165.49,0.7,49.51,79.26,36.38,30.99,13.7,19.78,27.05,35.86,19.73,2.96,4.99,0.2,1.56,2.81,5.39
2024/10/9,92.45,64.67,92.49,76.96,95.32,50.75,57.9,42.71,166.67,0.72,49.3,79.43,37.61,30.74,13.98,19.84,26.72,36.28,20,2.83,5.11,0.19,1.52,2.44,4.69
2024/10/10,92.45,66.14,98.29,79,97.67,51.26,61.19,41.78,169.31,0.72,49.52,80.41,38.21,30.78,14.29,20.07,27.13,36.38,20.26,2.86,5.22,0.2,1.93,2.37,4.25
2024/10/11,96.33,66.42,95.74,79.85,99.85,51.28,62.79,42.08,172.13,0.74,50.43,81.84,39.23,31.27,14.44,20.25,27.79,37.62,20.27,3.08,5.28,0.2,2.46,2.25,4.17
2024/10/12,96.85,66.01,98.29,78.94,98.98,51.45,65.4,41.6,170.34,0.72,50.87,81.46,38.84,31.66,14.2,19.73,27.33,38.81,20.17,3.12,5.2,0.19,2.98,2.35,4.07
2024/10/13,57.33,36.32,67.96,46.62,56.13,33.98,45.5,22.48,97.11,0.46,24.68,47.72,20.58,17.46,8.45,10,14.9,21.65,11.4,2.01,2.8,0.13,3.25,2.25,4.03
2024/10/14,94.47,67.4,95.91,78.98,97.18,52.18,60.93,41.95,170.44,0.71,50.11,81.02,38.26,30.98,14.35,20.31,27.33,36.49,20.17,3.01,5.19,0.21,2.67,2.49,4.11
2024/10/15,99.65,68.54,96.7,81.93,100.42,52.82,65.48,42.13,172.6,0.72,49.72,81.93,38.83,30.99,14.43,20.33,27.04,36.57,20.27,2.86,5.22,0.2,2.79,2.34,4.11
2024/10/16,99.13,68.35,97.59,81.81,100.22,52.94,64.88,41.92,173.58,0.71,49.96,83.09,39.86,31.02,14.47,20.43,27.27,37.01,20.45,2.87,5.17,0.2,2.92,2.43,4.17
2024/10/17,97.01,67.14,95.88,80.78,97.85,52.39,62.34,41.89,169.4,0.69,49.38,81.35,39.22,30.37,14.19,20.15,26.69,36.14,20.16,2.78,5.12,0.2,2.4,2.54,4.17
2024/10/18,102.71,73.32,109.08,85.08,104.97,56.44,68.23,46.69,185.87,0.75,54.51,89.97,41.93,33.68,15.12,21.66,28.86,40.4,21.57,3.56,5.32,0.23,2.57,3.11,4.8
2024/10/19,73.11,47.07,84.76,59.73,70.51,42.31,68.12,26.35,124.54,0.92,30.76,59.77,25.95,22.59,10.29,12.25,17.49,26.89,13.43,2.31,3.33,0.15,9.54,2.59,3.78
2024/10/20,61.54,39.29,74.46,49.86,58.32,37.32,49.88,25.43,103.53,0.62,27.02,52.41,22.07,18.85,8.6,10.64,16.02,23.13,11.96,2.36,2.8,0.15,5.32,2.54,4.18
2024/10/21,95.49,68.89,98.23,80.72,98.77,53.67,62.73,42.52,174.06,0.71,51.18,83.48,39.22,31.99,14.55,20.64,27.62,36.76,20.64,3,5.29,0.22,3.89,2.52,4.27
2024/10/22,100.27,69.52,96.69,83.76,101.04,53.7,65.86,42.85,174.47,0.75,50.1,83.76,40.33,31.63,14.49,19.75,26.93,37,20.48,2.69,5.27,0.21,2.94,2.44,3.66
2024/10/23,100.01,66.08,98.19,83.7,101.74,53.44,67.39,42.38,176.15,0.72,50.52,84.36,40.75,31.71,14.71,20.82,27.48,37.5,20.77,2.92,5.3,0.22,4.04,2.44,4.16
2024/10/24,100.09,68.48,98.42,82.65,100.72,54.04,66.34,42.23,175.14,0.74,50.46,83.54,40.04,31.83,14.78,20.59,27.24,36.97,20.59,2.88,5.25,0.21,4.08,2.53,4.23
2024/10/25,105.18,74.17,110.46,87.02,107.32,57.43,71.31,47.1,189.49,0.77,55.55,91.19,42.92,34.75,15.48,21.84,29.74,40.98,22.07,3.67,5.52,0.23,3.88,2.96,4.75
2024/10/26,68.96,43.13,79.1,55.63,65.6,40.07,62.67,25.33,117.01,0.51,28.68,56.44,24.53,21.11,9.71,11.37,17.18,25.38,13.04,2.29,3.22,0.13,7.29,2.48,3.59
2024/10/27,62.9,40.74,77.06,51.92,61.98,37.94,56.89,25.72,109.79,0.54,28.29,54.39,23.39,21.35,9.18,11,17.13,24.38,12.42,2.64,3.07,0.15,7.89,2.54,4.07
2024/10/28,94.7,67.85,96.43,80.1,98.79,52.93,61.41,42.82,174.59,0.71,51.1,83.2,39.24,31.76,14.81,20.49,27.67,36.85,20.85,3.01,5.24,0.22,4.03,2.56,4.15
2024/10/29,97.83,66.42,94.56,80.9,99.29,51.68,63.38,41.69,172.23,0.73,49.64,81.66,38.91,31.33,14.53,20.17,27.15,36.69,20.48,2.88,5.27,0.21,3.42,2.35,3.85
2024/10/30,97.2,66.5,94.81,80.98,99.09,51.61,63.34,41.39,173.3,0.74,49.86,81.79,39.05,31.24,14.55,20.05,27.14,37.09,20.58,2.83,5.24,0.21,3.17,2.34,4.08
2024/10/31,97.65,66.14,94.53,79.7,98.22,52.98,62.69,41.96,171.48,0.73,49.84,81.93,38.93,30.91,14.43,20.03,27.07,36.81,20.03,2.85,5.18,0.21,2.77,2.37,4.18
2024/11/1,104.14,71.45,106.88,84.77,104.75,56.84,69.74,45.89,185.51,0.74,54.58,89.04,42.37,34.05,15.33,21.2,29.34,40.91,21.94,3.64,5.41,0.23,3.36,2.74,4.68
2024/11/2,69.22,43.75,77.91,55.79,65.66,40.6,62.63,25.21,116.72,0.51,28.81,56.24,24.91,21.31,10,11.23,17.7,25.72,13.6,2.48,3.3,0.16,7.98,2.39,3.58
2024/11/3,62.48,40.56,74.66,50.86,58.29,37.46,56.42,24.95,105.82,0.47,27.14,52.03,23.39,19.92,8.8,10.39,16.06,23.58,12.36,2.45,2.97,0.16,7.12,2.6,4.08
2024/11/4,93.22,67.4,95.94,80.1,97.99,52.33,60.29,42.54,171.81,0.72,50.29,82.45,38.81,32.1,14.62,20.44,27.43,36.85,20.7,2.94,5.25,0.22,3.58,2.47,4.4
2024/11/5,96.83,66.2,93.96,81.47,98.66,51.98,62.36,41.62,171.82,0.76,49.33,81.28,38.88,31.46,14.51,20.12,27.11,36.6,20.42,2.82,5.3,0.22,3.42,2.27,3.93
2024/11/6,98.15,66.62,95.7,81.24,99.19,52.07,63.14,41.62,173.07,0.78,49.91,82.22,39.09,31.76,14.63,20.33,27.3,37.05,20.49,2.86,5.27,0.21,3.3,2.28,4.21
2024/11/7,97.8,66.86,95.99,81.07,98.9,52.03,62.69,41.55,172.27,0.77,49.91,81.68,38.94,31.45,14.69,20.32,27.09,36.98,20.39,2.83,5.23,0.2,3.14,2.36,4.21
2024/11/8,102.21,71.29,106.29,84.73,104.64,56.2,66.86,46.25,184.21,0.78,54.62,89.04,42.18,34,15.32,21.43,29.26,40.41,21.8,3.55,5.44,0.22,2.84,2.77,4.81
2024/11/9,70.49,43.12,77.54,56.67,65.13,40.06,58.83,25,113.21,0.89,28.36,55.65,24.36,21.16,9.77,11.12,16.9,24.92,13.03,2.21,3.29,0.15,6.9,2.18,3.84
2024/11/10,61.19,38.64,71.79,50.08,58.75,36.09,49.26,24.76,101.16,0.85,26.74,51.33,22.05,19.23,8.7,10.19,16.24,23.04,12.68,2.37,2.87,0.1,4.88,2.38,4.2
2024/11/11,91.11,65.38,93.98,78.55,96.07,51.53,57.33,41.92,169.05,0.72,49.8,81.32,38.34,31.24,14.51,20.29,27.32,36.32,20.3,2.9,5.17,0.2,2.33,2.41,4.32
2024/11/12,95.44,65.14,92.26,79.7,97.06,51.08,60.08,41.05,167.63,0.76,48.86,80.14,38.26,30.79,14.39,20.16,26.82,36.19,20.14,2.79,5.2,0.2,2.35,2.19,3.98
2024/11/13,93.65,65.24,91.08,78.23,95.51,50.76,58.78,40.57,167.51,0.77,48.67,80.76,38.16,30.45,14.23,19.83,25.99,36.16,19.68,2.66,5.1,0.21,1.39,2.35,4.11
2024/11/14,95.77,65.72,93.73,79.92,98.04,51.88,61.3,41.41,169.99,0.77,49.49,81.23,38.7,30.91,14.61,20.25,26.95,36.73,20.39,2.79,5.19,0.2,2.11,2.41,4.28
2024/11/15,102.19,71.32,105.82,84.92,104.54,56.31,65.94,46.59,184.12,0.75,54.8,89.06,41.89,34.09,15.47,21.47,29.28,40.59,21.97,3.61,5.42,0.22,2.19,2.89,4.59
2024/11/16,71.4,44.63,77.8,56.85,65.56,40.63,57.06,25.18,114.6,0.56,28.93,56.59,23.61,21.41,10.3,11.46,16.42,25.11,12.93,2.11,3.2,0.12,5.22,2.34,3.94
2024/11/17,61.29,38.79,72.26,50.04,57.62,37.2,47.92,24.88,101.5,0.5,26.53,52.42,21.55,19.37,8.81,10.34,15.76,22.47,12.12,2.31,2.89,0.15,3.87,2.43,4.33
2024/11/18,91.4,65.93,93.96,78.96,97.02,52,58.05,42.43,170.71,0.71,50.15,82.11,38.67,31.64,14.71,20.45,27.31,36.46,20.66,2.91,5.18,0.21,1.77,2.46,4.39
2024/11/19,96.03,65.42,92.18,80.03,97.42,51.26,60.29,40.96,168.51,0.7,49.11,80.85,38.6,30.91,14.44,20.14,26.84,36.43,20.36,2.77,5.2,0.21,1.52,2.21,4.03
2024/11/20,96.47,65.79,93.96,80.51,98.37,51.6,61.16,41.35,171.06,0.73,49.66,81.85,39.03,31.51,14.67,20.31,27.15,37.09,20.55,2.8,5.19,0.21,1.7,2.31,4.25
2024/11/21,95.93,65.5,93.82,79.91,98.01,51.62,60.94,41.43,170.53,0.74,49.35,81.48,38.86,31.34,14.65,20.3,27.01,36.9,20.46,2.78,5.19,0.21,1.75,2.34,4.32
2024/11/22,101.51,70.81,105.07,84.3,104.17,55.64,65.66,45.71,183.87,0.76,54.52,88.96,41.97,33.87,15.52,21.64,29.08,40.78,21.69,3.49,5.4,0.22,1.72,2.78,4.86
2024/11/23,68.88,40.65,73.51,54.53,62.93,38.69,54.42,23.76,109.42,0.57,27.49,54.3,23.23,19.88,9.74,11.2,16.23,24.56,12.78,2.03,3.13,0.13,2.7,2.14,3.9
2024/11/24,58.28,35.77,67.25,46.02,53.78,35.03,44.14,23.22,94.72,0.5,25.11,48.91,20.99,17.57,8.32,9.87,15.17,21.84,11.37,2.23,2.8,0.12,1.77,2.27,4.25
2024/11/25,89.37,64.17,91.21,77.49,94.66,50.74,55.79,41.28,167.04,0.74,48.71,80.57,38,31.08,14.34,20.14,26.67,36.16,20.09,2.79,5.11,0.21,1.2,2.37,4.35
2024/11/26,94.94,64.78,90.59,78.82,95.66,51.4,58.3,40.68,166.86,0.74,48.21,80.58,38.99,30.46,14.41,19.84,26.55,36.25,19.95,2.71,5.16,0.2,1.14,2.14,3.93
2024/11/27,96.2,65.1,92.26,79.48,96.49,51.86,59.02,40.7,169.3,0.75,48.61,81.75,39.73,30.9,14.46,20.08,26.71,36.81,20.16,2.74,5.13,0.21,1.16,2.04,4.18
2024/11/28,95.28,64.8,91.41,78.98,96.1,51.66,58.99,40.61,167.81,0.73,48.59,81.03,39.3,30.56,14.31,20.04,26.65,36.55,20.03,2.72,5.12,0.22,1.2,2.29,4.28
2024/11/29,100.52,70.31,103.44,83.71,103.22,55.19,64.64,45.33,181.98,0.76,54.26,88.75,42.63,33.77,15.31,21.54,28.99,40.46,21.6,3.52,5.41,0.22,1.45,2.69,4.79
2024/11/30,66.72,39.89,72.01,53.16,62.68,38.12,52.89,23.87,107.93,0.58,27.82,54.95,23.93,19.86,9.7,11.23,16.48,24.26,12.76,2.05,3.18,0.14,2.05,2.18,3.93
2024/12/1,59.53,36.15,68.45,48.23,55.88,35.01,45.84,23.93,97.05,0.52,28.51,49.94,21.51,18.25,8.68,10.29,15.93,22.71,11.79,2.42,2.93,0.14,1.64,2.24,4.16
2024/12/2,90.12,64.73,92.43,78.01,95.81,50.93,56.25,41.65,168.7,0.72,49.42,81.05,38.34,31.19,14.51,20.16,27.03,36.56,20.6,2.81,5.15,0.21,1.22,2.25,4.26
2024/12/3,94.81,64.43,90.42,78.66,96.46,50.46,58.67,40.52,167.3,0.73,48.84,80.15,38.28,30.77,14.37,20.01,26.65,36.28,20.1,2.72,5.18,0.2,1.21,2.08,3.96
2024/12/4,95.04,65.12,91.91,79.03,96.95,50.97,59.16,40.75,169.21,0.73,49.43,80.99,38.5,31,14.56,20.24,26.85,36.79,20.27,2.72,5.17,0.21,1.25,2.19,4.05
2024/12/5,95.03,65.14,92.09,78.88,96.66,51.07,58.89,40.47,168.75,0.72,49.21,80.46,38.33,30.85,14.44,20.31,26.74,36.75,20.15,2.74,5.18,0.2,1.26,2.34,4.22
2024/12/6,100.59,70.32,103.78,83.29,103.08,55.06,64.58,45.65,182.27,0.74,54.03,88.38,41.57,33.73,15.23,21.52,28.86,40.45,21.36,3.45,5.35,0.21,1.31,2.73,4.78
2024/12/7,64.18,38.94,71.03,51.29,59.08,36.99,51.9,22.95,103.98,0.52,26.51,52.59,22.2,18.76,9.39,10.71,15.74,23.05,11.97,1.97,3.06,0.13,1.4,2.13,3.98
2024/12/8,57.32,35.51,66.95,45.53,53.56,34.45,45.05,23.05,94.38,0.46,25.13,48.88,20.68,17.54,8.55,9.98,15.15,21.43,11.23,2.22,2.77,0.11,1.21,2.26,4.23
2024/12/9,91.13,65.59,93.79,78.27,96.37,51.66,58.05,41.77,169.69,0.71,50.14,81.69,38.23,31.52,14.63,20.5,27,36.57,20.41,2.81,5.17,0.21,1.23,2.29,4.35
2024/12/10,95.18,65.01,91.53,79.03,96.49,51.07,58.85,40.64,167.51,0.73,49,80.18,37.99,30.82,14.48,20.19,26.52,36.28,20.12,2.72,5.16,0.21,1.18,2.11,3.91
2024/12/11,94.86,64.82,91.77,79.06,96.58,51.04,59.02,40.52,168.7,0.72,49.31,80.83,38.27,31.02,14.49,20.13,26.59,36.6,20.17,2.71,5.14,0.2,1.18,2.14,4.09
2024/12/12,93.45,64.67,91.35,78.56,95.97,50.74,58.44,40.46,167.41,0.71,48.99,80.05,38.02,30.72,14.43,20.05,26.42,36.32,19.91,2.68,5.09,0.19,1.12,2.22,4.1
2024/12/13,97.92,69.19,101.86,82.26,101.31,54.14,62.83,44.15,179.75,0.74,53.55,86.88,40.77,33.46,15.13,21.12,27.94,39.39,21.25,3.34,5.3,0.21,1.21,2.63,4.61
2024/12/14,62.5,36.67,68.6,49.68,57.72,35.56,48.11,22.41,102.69,0.45,25.96,51.04,21.66,18.43,9.3,10.21,15.57,22.64,11.96,2.02,3.03,0.12,1.2,2.05,3.81
